[2026-09-15 00:32:38] local.ERROR: Class "App\Http\Controllers\DB" not found {"exception":"[object] (Error(code: 0): Class \"App\\Http\\Controllers\\DB\" not found at D:\\كورس لارافيل\\contacts\\app\\Http\\Controllers\\ContactController.php:12)
[stacktrace]
#0 D:\\كورس لارافيل\\contacts\\vendor\\laravel\\framework\\src\\Illuminate\\Routing\\Controller.php(54): App\\Http\\Controllers\\ContactController->index()
#1 D:\\كورس لارافيل\\contacts\\vendor\\laravel\\framework\\src\\Illuminate\\Routing\\ControllerDispatcher.php(43): Illuminate\\Routing\\Controller->callAction('index', Array)
#2 D:\\كورس لارافيل\\contacts\\vendor\\laravel\\framework\\src\\Illuminate\\Routing\\Route.php(260): Illuminate\\Routing\\ControllerDispatcher->dispatch(Object(Illuminate\\Routing\\Route), Object(App\\Http\\Controllers\\ContactController), 'index')
#3 D:\\كورس لارافيل\\contacts\\vendor\\laravel\\framework\\src\\Illuminate\\Routing\\Route.php(205): Illuminate\\Routing\\Route->runController()
#4 D:\\كورس لارافيل\\contacts\\vendor\\laravel\\framework\\src\\Illuminate\\Routing\\Router.php(798): Illuminate\\Routing\\Route->run()
#5 D:\\كورس لارافيل\\contacts\\vendor\\laravel\\framework\\src\\Illuminate\\Pipeline\\Pipeline.php(141): Illuminate\\Routing\\Router->Illuminate\\Routing\\{closure}(Object(Illuminate\\Http\\Request))
#6 D:\\كورس لارافيل\\contacts\\vendor\\laravel\\framework\\src\\Illuminate\\Routing\\Middleware\\SubstituteBindings.php(50): Illuminate\\Pipeline\\Pipeline->Illuminate\\Pipeline\\{closure}(Object(Illuminate\\Http\\Request))
#7 D:\\كورس لارافيل\\contacts\\vendor\\laravel\\framework\\src\\Illuminate\\Pipeline\\Pipeline.php(180): Illuminate\\Routing\\Middleware\\SubstituteBindings->handle(Object(Illuminate\\Http\\Request), Object(Closure))
#8 D:\\كورس لارافيل\\contacts\\vendor\\laravel\\framework\\src\\Illuminate\\Foundation\\Http\\Middleware\\VerifyCsrfToken.php(78): Illuminate\\Pipeline\\Pipeline->Illuminate\\Pipeline\\{closure}(Object(Illuminate\\Http\\Request))
#9 D:\\كورس لارافيل\\contacts\\vendor\\laravel\\framework\\src\\Illuminate\\Pipeline\\Pipeline.php(180): Illuminate\\Foundation\\Http\\Middleware\\VerifyCsrfToken->handle(Object(Illuminate\\Http\\Request), Object(Closure))
#10 D:\\كورس لارافيل\\contacts\\vendor\\laravel\\framework\\src\\Illuminate\\View\\Middleware\\ShareErrorsFromSession.php(49): Illuminate\\Pipeline\\Pipeline->Illuminate\\Pipeline\\{closure}(Object(Illuminate\\Http\\Request))
#11 D:\\كورس لارافيل\\contacts\\vendor\\laravel\\framework\\src\\Illuminate\\Pipeline\\Pipeline.php(180): Illuminate\\View\\Middleware\\ShareErrorsFromSession->handle(Object(Illuminate\\Http\\Request), Object(Closure))
#12 D:\\كورس لارافيل\\contacts\\vendor\\laravel\\framework\\src\\Illuminate\\Session\\Middleware\\StartSession.php(121): Illuminate\\Pipeline\\Pipeline->Illuminate\\Pipeline\\{closure}(Object(Illuminate\\Http\\Request))
#13 D:\\كورس لارافيل\\contacts\\vendor\\laravel\\framework\\src\\Illuminate\\Session\\Middleware\\StartSession.php(64): Illuminate\\Session\\Middleware\\StartSession->handleStatefulRequest(Object(Illuminate\\Http\\Request), Object(Illuminate\\Session\\Store), Object(Closure))
#14 D:\\كورس لارافيل\\contacts\\vendor\\laravel\\framework\\src\\Illuminate\\Pipeline\\Pipeline.php(180): Illuminate\\Session\\Middleware\\StartSession->handle(Object(Illuminate\\Http\\Request), Object(Closure))
#15 D:\\كورس لارافيل\\contacts\\vendor\\laravel\\framework\\src\\Illuminate\\Cookie\\Middleware\\AddQueuedCookiesToResponse.php(37): Illuminate\\Pipeline\\Pipeline->Illuminate\\Pipeline\\{closure}(Object(Illuminate\\Http\\Request))
#16 D:\\كورس لارافيل\\contacts\\vendor\\laravel\\framework\\src\\Illuminate\\Pipeline\\Pipeline.php(180): Illuminate\\Cookie\\Middleware\\AddQueuedCookiesToResponse->handle(Object(Illuminate\\Http\\Request), Object(Closure))
#17 D:\\كورس لارافيل\\contacts\\vendor\\laravel\\framework\\src\\Illuminate\\Cookie\\Middleware\\EncryptCookies.php(67): Illuminate\\Pipeline\\Pipeline->Illuminate\\Pipeline\\{closure}(Object(Illuminate\\Http\\Request))
#18 D:\\كورس لارافيل\\contacts\\vendor\\laravel\\framework\\src\\Illuminate\\Pipeline\\Pipeline.php(180): Illuminate\\Cookie\\Middleware\\EncryptCookies->handle(Object(Illuminate\\Http\\Request), Object(Closure))
#19 D:\\كورس لارافيل\\contacts\\vendor\\laravel\\framework\\src\\Illuminate\\Pipeline\\Pipeline.php(116): Illuminate\\Pipeline\\Pipeline->Illuminate\\Pipeline\\{closure}(Object(Illuminate\\Http\\Request))
#20 D:\\كورس لارافيل\\contacts\\vendor\\laravel\\framework\\src\\Illuminate\\Routing\\Router.php(799): Illuminate\\Pipeline\\Pipeline->then(Object(Closure))
#21 D:\\كورس لارافيل\\contacts\\vendor\\laravel\\framework\\src\\Illuminate\\Routing\\Router.php(776): Illuminate\\Routing\\Router->runRouteWithinStack(Object(Illuminate\\Routing\\Route), Object(Illuminate\\Http\\Request))
#22 D:\\كورس لارافيل\\contacts\\vendor\\laravel\\framework\\src\\Illuminate\\Routing\\Router.php(740): Illuminate\\Routing\\Router->runRoute(Object(Illuminate\\Http\\Request), Object(Illuminate\\Routing\\Route))
#23 D:\\كورس لارافيل\\contacts\\vendor\\laravel\\framework\\src\\Illuminate\\Routing\\Router.php(729): Illuminate\\Routing\\Router->dispatchToRoute(Object(Illuminate\\Http\\Request))
#24 D:\\كورس لارافيل\\contacts\\vendor\\laravel\\framework\\src\\Illuminate\\Foundation\\Http\\Kernel.php(190): Illuminate\\Routing\\Router->dispatch(Object(Illuminate\\Http\\Request))
#25 D:\\كورس لارافيل\\contacts\\vendor\\laravel\\framework\\src\\Illuminate\\Pipeline\\Pipeline.php(141): Illuminate\\Foundation\\Http\\Kernel->Illuminate\\Foundation\\Http\\{closure}(Object(Illuminate\\Http\\Request))
#26 D:\\كورس لارافيل\\contacts\\vendor\\laravel\\framework\\src\\Illuminate\\Foundation\\Http\\Middleware\\TransformsRequest.php(21): Illuminate\\Pipeline\\Pipeline->Illuminate\\Pipeline\\{closure}(Object(Illuminate\\Http\\Request))
#27 D:\\كورس لارافيل\\contacts\\vendor\\laravel\\framework\\src\\Illuminate\\Foundation\\Http\\Middleware\\ConvertEmptyStringsToNull.php(31): Illuminate\\Foundation\\Http\\Middleware\\TransformsRequest->handle(Object(Illuminate\\Http\\Request), Object(Closure))
#28 D:\\كورس لارافيل\\contacts\\vendor\\laravel\\framework\\src\\Illuminate\\Pipeline\\Pipeline.php(180): Illuminate\\Foundation\\Http\\Middleware\\ConvertEmptyStringsToNull->handle(Object(Illuminate\\Http\\Request), Object(Closure))
#29 D:\\كورس لارافيل\\contacts\\vendor\\laravel\\framework\\src\\Illuminate\\Foundation\\Http\\Middleware\\TransformsRequest.php(21): Illuminate\\Pipeline\\Pipeline->Illuminate\\Pipeline\\{closure}(Object(Illuminate\\Http\\Request))
#30 D:\\كورس لارافيل\\contacts\\vendor\\laravel\\framework\\src\\Illuminate\\Foundation\\Http\\Middleware\\TrimStrings.php(40): Illuminate\\Foundation\\Http\\Middleware\\TransformsRequest->handle(Object(Illuminate\\Http\\Request), Object(Closure))
#31 D:\\كورس لارافيل\\contacts\\vendor\\laravel\\framework\\src\\Illuminate\\Pipeline\\Pipeline.php(180): Illuminate\\Foundation\\Http\\Middleware\\TrimStrings->handle(Object(Illuminate\\Http\\Request), Object(Closure))
#32 D:\\كورس لارافيل\\contacts\\vendor\\laravel\\framework\\src\\Illuminate\\Foundation\\Http\\Middleware\\ValidatePostSize.php(27): Illuminate\\Pipeline\\Pipeline->Illuminate\\Pipeline\\{closure}(Object(Illuminate\\Http\\Request))
#33 D:\\كورس لارافيل\\contacts\\vendor\\laravel\\framework\\src\\Illuminate\\Pipeline\\Pipeline.php(180): Illuminate\\Foundation\\Http\\Middleware\\ValidatePostSize->handle(Object(Illuminate\\Http\\Request), Object(Closure))
#34 D:\\كورس لارافيل\\contacts\\vendor\\laravel\\framework\\src\\Illuminate\\Foundation\\Http\\Middleware\\PreventRequestsDuringMaintenance.php(86): Illuminate\\Pipeline\\Pipeline->Illuminate\\Pipeline\\{closure}(Object(Illuminate\\Http\\Request))
#35 D:\\كورس لارافيل\\contacts\\vendor\\laravel\\framework\\src\\Illuminate\\Pipeline\\Pipeline.php(180): Illuminate\\Foundation\\Http\\Middleware\\PreventRequestsDuringMaintenance->handle(Object(Illuminate\\Http\\Request), Object(Closure))
#36 D:\\كورس لارافيل\\contacts\\vendor\\fruitcake\\laravel-cors\\src\\HandleCors.php(38): Illuminate\\Pipeline\\Pipeline->Illuminate\\Pipeline\\{closure}(Object(Illuminate\\Http\\Request))
#37 D:\\كورس لارافيل\\contacts\\vendor\\laravel\\framework\\src\\Illuminate\\Pipeline\\Pipeline.php(180): Fruitcake\\Cors\\HandleCors->handle(Object(Illuminate\\Http\\Request), Object(Closure))
#38 D:\\كورس لارافيل\\contacts\\vendor\\laravel\\framework\\src\\Illuminate\\Http\\Middleware\\TrustProxies.php(39): Illuminate\\Pipeline\\Pipeline->Illuminate\\Pipeline\\{closure}(Object(Illuminate\\Http\\Request))
#39 D:\\كورس لارافيل\\contacts\\vendor\\laravel\\framework\\src\\Illuminate\\Pipeline\\Pipeline.php(180): Illuminate\\Http\\Middleware\\TrustProxies->handle(Object(Illuminate\\Http\\Request), Object(Closure))
#40 D:\\كورس لارافيل\\contacts\\vendor\\laravel\\framework\\src\\Illuminate\\Pipeline\\Pipeline.php(116): Illuminate\\Pipeline\\Pipeline->Illuminate\\Pipeline\\{closure}(Object(Illuminate\\Http\\Request))
#41 D:\\كورس لارافيل\\contacts\\vendor\\laravel\\framework\\src\\Illuminate\\Foundation\\Http\\Kernel.php(165): Illuminate\\Pipeline\\Pipeline->then(Object(Closure))
#42 D:\\كورس لارافيل\\contacts\\vendor\\laravel\\framework\\src\\Illuminate\\Foundation\\Http\\Kernel.php(134): Illuminate\\Foundation\\Http\\Kernel->sendRequestThroughRouter(Object(Illuminate\\Http\\Request))
#43 D:\\كورس لارافيل\\contacts\\public\\index.php(52): Illuminate\\Foundation\\Http\\Kernel->handle(Object(Illuminate\\Http\\Request))
#44 D:\\كورس لارافيل\\contacts\\vendor\\laravel\\framework\\src\\Illuminate\\Foundation\\resources\\server.php(16): require_once('D:\\\\\\xD9\\x83\\xD9\\x88\\xD8\\xB1\\xD8\\xB3 \\xD9\\x84\\xD8...')
#45 {main}
"} 
[2026-09-15 00:49:05] local.ERROR: SQLSTATE[23000]: Integrity constraint violation: 1048 Column 'name' cannot be null (SQL: insert into `contacts` (`name`, `email`, `phone`, `category`) values (?, ?, ?, ?)) {"exception":"[object] (Illuminate\\Database\\QueryException(code: 23000): SQLSTATE[23000]: Integrity constraint violation: 1048 Column 'name' cannot be null (SQL: insert into `contacts` (`name`, `email`, `phone`, `category`) values (?, ?, ?, ?)) at D:\\كورس لارافيل\\contacts\\vendor\\laravel\\framework\\src\\Illuminate\\Database\\Connection.php:760)
[stacktrace]
#0 D:\\كورس لارافيل\\contacts\\vendor\\laravel\\framework\\src\\Illuminate\\Database\\Connection.php(720): Illuminate\\Database\\Connection->runQueryCallback('insert into `co...', Array, Object(Closure))
#1 D:\\كورس لارافيل\\contacts\\vendor\\laravel\\framework\\src\\Illuminate\\Database\\Connection.php(546): Illuminate\\Database\\Connection->run('insert into `co...', Array, Object(Closure))
#2 D:\\كورس لارافيل\\contacts\\vendor\\laravel\\framework\\src\\Illuminate\\Database\\Connection.php(498): Illuminate\\Database\\Connection->statement('insert into `co...', Array)
#3 D:\\كورس لارافيل\\contacts\\vendor\\laravel\\framework\\src\\Illuminate\\Database\\Query\\Builder.php(3274): Illuminate\\Database\\Connection->insert('insert into `co...', Array)
#4 D:\\كورس لارافيل\\contacts\\app\\Http\\Controllers\\ContactController.php(24): Illuminate\\Database\\Query\\Builder->insert(Array)
#5 D:\\كورس لارافيل\\contacts\\vendor\\laravel\\framework\\src\\Illuminate\\Routing\\Controller.php(54): App\\Http\\Controllers\\ContactController->create(Object(Illuminate\\Http\\Request))
#6 D:\\كورس لارافيل\\contacts\\vendor\\laravel\\framework\\src\\Illuminate\\Routing\\ControllerDispatcher.php(43): Illuminate\\Routing\\Controller->callAction('create', Array)
#7 D:\\كورس لارافيل\\contacts\\vendor\\laravel\\framework\\src\\Illuminate\\Routing\\Route.php(260): Illuminate\\Routing\\ControllerDispatcher->dispatch(Object(Illuminate\\Routing\\Route), Object(App\\Http\\Controllers\\ContactController), 'create')
#8 D:\\كورس لارافيل\\contacts\\vendor\\laravel\\framework\\src\\Illuminate\\Routing\\Route.php(205): Illuminate\\Routing\\Route->runController()
#9 D:\\كورس لارافيل\\contacts\\vendor\\laravel\\framework\\src\\Illuminate\\Routing\\Router.php(798): Illuminate\\Routing\\Route->run()
#10 D:\\كورس لارافيل\\contacts\\vendor\\laravel\\framework\\src\\Illuminate\\Pipeline\\Pipeline.php(141): Illuminate\\Routing\\Router->Illuminate\\Routing\\{closure}(Object(Illuminate\\Http\\Request))
#11 D:\\كورس لارافيل\\contacts\\vendor\\laravel\\framework\\src\\Illuminate\\Routing\\Middleware\\SubstituteBindings.php(50): Illuminate\\Pipeline\\Pipeline->Illuminate\\Pipeline\\{closure}(Object(Illuminate\\Http\\Request))
#12 D:\\كورس لارافيل\\contacts\\vendor\\laravel\\framework\\src\\Illuminate\\Pipeline\\Pipeline.php(180): Illuminate\\Routing\\Middleware\\SubstituteBindings->handle(Object(Illuminate\\Http\\Request), Object(Closure))
#13 D:\\كورس لارافيل\\contacts\\vendor\\laravel\\framework\\src\\Illuminate\\Foundation\\Http\\Middleware\\VerifyCsrfToken.php(78): Illuminate\\Pipeline\\Pipeline->Illuminate\\Pipeline\\{closure}(Object(Illuminate\\Http\\Request))
#14 D:\\كورس لارافيل\\contacts\\vendor\\laravel\\framework\\src\\Illuminate\\Pipeline\\Pipeline.php(180): Illuminate\\Foundation\\Http\\Middleware\\VerifyCsrfToken->handle(Object(Illuminate\\Http\\Request), Object(Closure))
#15 D:\\كورس لارافيل\\contacts\\vendor\\laravel\\framework\\src\\Illuminate\\View\\Middleware\\ShareErrorsFromSession.php(49): Illuminate\\Pipeline\\Pipeline->Illuminate\\Pipeline\\{closure}(Object(Illuminate\\Http\\Request))
#16 D:\\كورس لارافيل\\contacts\\vendor\\laravel\\framework\\src\\Illuminate\\Pipeline\\Pipeline.php(180): Illuminate\\View\\Middleware\\ShareErrorsFromSession->handle(Object(Illuminate\\Http\\Request), Object(Closure))
#17 D:\\كورس لارافيل\\contacts\\vendor\\laravel\\framework\\src\\Illuminate\\Session\\Middleware\\StartSession.php(121): Illuminate\\Pipeline\\Pipeline->Illuminate\\Pipeline\\{closure}(Object(Illuminate\\Http\\Request))
#18 D:\\كورس لارافيل\\contacts\\vendor\\laravel\\framework\\src\\Illuminate\\Session\\Middleware\\StartSession.php(64): Illuminate\\Session\\Middleware\\StartSession->handleStatefulRequest(Object(Illuminate\\Http\\Request), Object(Illuminate\\Session\\Store), Object(Closure))
#19 D:\\كورس لارافيل\\contacts\\vendor\\laravel\\framework\\src\\Illuminate\\Pipeline\\Pipeline.php(180): Illuminate\\Session\\Middleware\\StartSession->handle(Object(Illuminate\\Http\\Request), Object(Closure))
#20 D:\\كورس لارافيل\\contacts\\vendor\\laravel\\framework\\src\\Illuminate\\Cookie\\Middleware\\AddQueuedCookiesToResponse.php(37): Illuminate\\Pipeline\\Pipeline->Illuminate\\Pipeline\\{closure}(Object(Illuminate\\Http\\Request))
#21 D:\\كورس لارافيل\\contacts\\vendor\\laravel\\framework\\src\\Illuminate\\Pipeline\\Pipeline.php(180): Illuminate\\Cookie\\Middleware\\AddQueuedCookiesToResponse->handle(Object(Illuminate\\Http\\Request), Object(Closure))
#22 D:\\كورس لارافيل\\contacts\\vendor\\laravel\\framework\\src\\Illuminate\\Cookie\\Middleware\\EncryptCookies.php(67): Illuminate\\Pipeline\\Pipeline->Illuminate\\Pipeline\\{closure}(Object(Illuminate\\Http\\Request))
#23 D:\\كورس لارافيل\\contacts\\vendor\\laravel\\framework\\src\\Illuminate\\Pipeline\\Pipeline.php(180): Illuminate\\Cookie\\Middleware\\EncryptCookies->handle(Object(Illuminate\\Http\\Request), Object(Closure))
#24 D:\\كورس لارافيل\\contacts\\vendor\\laravel\\framework\\src\\Illuminate\\Pipeline\\Pipeline.php(116): Illuminate\\Pipeline\\Pipeline->Illuminate\\Pipeline\\{closure}(Object(Illuminate\\Http\\Request))
#25 D:\\كورس لارافيل\\contacts\\vendor\\laravel\\framework\\src\\Illuminate\\Routing\\Router.php(799): Illuminate\\Pipeline\\Pipeline->then(Object(Closure))
#26 D:\\كورس لارافيل\\contacts\\vendor\\laravel\\framework\\src\\Illuminate\\Routing\\Router.php(776): Illuminate\\Routing\\Router->runRouteWithinStack(Object(Illuminate\\Routing\\Route), Object(Illuminate\\Http\\Request))
#27 D:\\كورس لارافيل\\contacts\\vendor\\laravel\\framework\\src\\Illuminate\\Routing\\Router.php(740): Illuminate\\Routing\\Router->runRoute(Object(Illuminate\\Http\\Request), Object(Illuminate\\Routing\\Route))
#28 D:\\كورس لارافيل\\contacts\\vendor\\laravel\\framework\\src\\Illuminate\\Routing\\Router.php(729): Illuminate\\Routing\\Router->dispatchToRoute(Object(Illuminate\\Http\\Request))
#29 D:\\كورس لارافيل\\contacts\\vendor\\laravel\\framework\\src\\Illuminate\\Foundation\\Http\\Kernel.php(190): Illuminate\\Routing\\Router->dispatch(Object(Illuminate\\Http\\Request))
#30 D:\\كورس لارافيل\\contacts\\vendor\\laravel\\framework\\src\\Illuminate\\Pipeline\\Pipeline.php(141): Illuminate\\Foundation\\Http\\Kernel->Illuminate\\Foundation\\Http\\{closure}(Object(Illuminate\\Http\\Request))
#31 D:\\كورس لارافيل\\contacts\\vendor\\laravel\\framework\\src\\Illuminate\\Foundation\\Http\\Middleware\\TransformsRequest.php(21): Illuminate\\Pipeline\\Pipeline->Illuminate\\Pipeline\\{closure}(Object(Illuminate\\Http\\Request))
#32 D:\\كورس لارافيل\\contacts\\vendor\\laravel\\framework\\src\\Illuminate\\Foundation\\Http\\Middleware\\ConvertEmptyStringsToNull.php(31): Illuminate\\Foundation\\Http\\Middleware\\TransformsRequest->handle(Object(Illuminate\\Http\\Request), Object(Closure))
#33 D:\\كورس لارافيل\\contacts\\vendor\\laravel\\framework\\src\\Illuminate\\Pipeline\\Pipeline.php(180): Illuminate\\Foundation\\Http\\Middleware\\ConvertEmptyStringsToNull->handle(Object(Illuminate\\Http\\Request), Object(Closure))
#34 D:\\كورس لارافيل\\contacts\\vendor\\laravel\\framework\\src\\Illuminate\\Foundation\\Http\\Middleware\\TransformsRequest.php(21): Illuminate\\Pipeline\\Pipeline->Illuminate\\Pipeline\\{closure}(Object(Illuminate\\Http\\Request))
#35 D:\\كورس لارافيل\\contacts\\vendor\\laravel\\framework\\src\\Illuminate\\Foundation\\Http\\Middleware\\TrimStrings.php(40): Illuminate\\Foundation\\Http\\Middleware\\TransformsRequest->handle(Object(Illuminate\\Http\\Request), Object(Closure))
#36 D:\\كورس لارافيل\\contacts\\vendor\\laravel\\framework\\src\\Illuminate\\Pipeline\\Pipeline.php(180): Illuminate\\Foundation\\Http\\Middleware\\TrimStrings->handle(Object(Illuminate\\Http\\Request), Object(Closure))
#37 D:\\كورس لارافيل\\contacts\\vendor\\laravel\\framework\\src\\Illuminate\\Foundation\\Http\\Middleware\\ValidatePostSize.php(27): Illuminate\\Pipeline\\Pipeline->Illuminate\\Pipeline\\{closure}(Object(Illuminate\\Http\\Request))
#38 D:\\كورس لارافيل\\contacts\\vendor\\laravel\\framework\\src\\Illuminate\\Pipeline\\Pipeline.php(180): Illuminate\\Foundation\\Http\\Middleware\\ValidatePostSize->handle(Object(Illuminate\\Http\\Request), Object(Closure))
#39 D:\\كورس لارافيل\\contacts\\vendor\\laravel\\framework\\src\\Illuminate\\Foundation\\Http\\Middleware\\PreventRequestsDuringMaintenance.php(86): Illuminate\\Pipeline\\Pipeline->Illuminate\\Pipeline\\{closure}(Object(Illuminate\\Http\\Request))
#40 D:\\كورس لارافيل\\contacts\\vendor\\laravel\\framework\\src\\Illuminate\\Pipeline\\Pipeline.php(180): Illuminate\\Foundation\\Http\\Middleware\\PreventRequestsDuringMaintenance->handle(Object(Illuminate\\Http\\Request), Object(Closure))
#41 D:\\كورس لارافيل\\contacts\\vendor\\fruitcake\\laravel-cors\\src\\HandleCors.php(38): Illuminate\\Pipeline\\Pipeline->Illuminate\\Pipeline\\{closure}(Object(Illuminate\\Http\\Request))
#42 D:\\كورس لارافيل\\contacts\\vendor\\laravel\\framework\\src\\Illuminate\\Pipeline\\Pipeline.php(180): Fruitcake\\Cors\\HandleCors->handle(Object(Illuminate\\Http\\Request), Object(Closure))
#43 D:\\كورس لارافيل\\contacts\\vendor\\laravel\\framework\\src\\Illuminate\\Http\\Middleware\\TrustProxies.php(39): Illuminate\\Pipeline\\Pipeline->Illuminate\\Pipeline\\{closure}(Object(Illuminate\\Http\\Request))
#44 D:\\كورس لارافيل\\contacts\\vendor\\laravel\\framework\\src\\Illuminate\\Pipeline\\Pipeline.php(180): Illuminate\\Http\\Middleware\\TrustProxies->handle(Object(Illuminate\\Http\\Request), Object(Closure))
#45 D:\\كورس لارافيل\\contacts\\vendor\\laravel\\framework\\src\\Illuminate\\Pipeline\\Pipeline.php(116): Illuminate\\Pipeline\\Pipeline->Illuminate\\Pipeline\\{closure}(Object(Illuminate\\Http\\Request))
#46 D:\\كورس لارافيل\\contacts\\vendor\\laravel\\framework\\src\\Illuminate\\Foundation\\Http\\Kernel.php(165): Illuminate\\Pipeline\\Pipeline->then(Object(Closure))
#47 D:\\كورس لارافيل\\contacts\\vendor\\laravel\\framework\\src\\Illuminate\\Foundation\\Http\\Kernel.php(134): Illuminate\\Foundation\\Http\\Kernel->sendRequestThroughRouter(Object(Illuminate\\Http\\Request))
#48 D:\\كورس لارافيل\\contacts\\public\\index.php(52): Illuminate\\Foundation\\Http\\Kernel->handle(Object(Illuminate\\Http\\Request))
#49 D:\\كورس لارافيل\\contacts\\vendor\\laravel\\framework\\src\\Illuminate\\Foundation\\resources\\server.php(16): require_once('D:\\\\\\xD9\\x83\\xD9\\x88\\xD8\\xB1\\xD8\\xB3 \\xD9\\x84\\xD8...')
#50 {main}

[previous exception] [object] (PDOException(code: 23000): SQLSTATE[23000]: Integrity constraint violation: 1048 Column 'name' cannot be null at D:\\كورس لارافيل\\contacts\\vendor\\laravel\\framework\\src\\Illuminate\\Database\\Connection.php:545)
[stacktrace]
#0 D:\\كورس لارافيل\\contacts\\vendor\\laravel\\framework\\src\\Illuminate\\Database\\Connection.php(545): PDOStatement->execute()
#1 D:\\كورس لارافيل\\contacts\\vendor\\laravel\\framework\\src\\Illuminate\\Database\\Connection.php(753): Illuminate\\Database\\Connection->Illuminate\\Database\\{closure}('insert into `co...', Array)
#2 D:\\كورس لارافيل\\contacts\\vendor\\laravel\\framework\\src\\Illuminate\\Database\\Connection.php(720): Illuminate\\Database\\Connection->runQueryCallback('insert into `co...', Array, Object(Closure))
#3 D:\\كورس لارافيل\\contacts\\vendor\\laravel\\framework\\src\\Illuminate\\Database\\Connection.php(546): Illuminate\\Database\\Connection->run('insert into `co...', Array, Object(Closure))
#4 D:\\كورس لارافيل\\contacts\\vendor\\laravel\\framework\\src\\Illuminate\\Database\\Connection.php(498): Illuminate\\Database\\Connection->statement('insert into `co...', Array)
#5 D:\\كورس لارافيل\\contacts\\vendor\\laravel\\framework\\src\\Illuminate\\Database\\Query\\Builder.php(3274): Illuminate\\Database\\Connection->insert('insert into `co...', Array)
#6 D:\\كورس لارافيل\\contacts\\app\\Http\\Controllers\\ContactController.php(24): Illuminate\\Database\\Query\\Builder->insert(Array)
#7 D:\\كورس لارافيل\\contacts\\vendor\\laravel\\framework\\src\\Illuminate\\Routing\\Controller.php(54): App\\Http\\Controllers\\ContactController->create(Object(Illuminate\\Http\\Request))
#8 D:\\كورس لارافيل\\contacts\\vendor\\laravel\\framework\\src\\Illuminate\\Routing\\ControllerDispatcher.php(43): Illuminate\\Routing\\Controller->callAction('create', Array)
#9 D:\\كورس لارافيل\\contacts\\vendor\\laravel\\framework\\src\\Illuminate\\Routing\\Route.php(260): Illuminate\\Routing\\ControllerDispatcher->dispatch(Object(Illuminate\\Routing\\Route), Object(App\\Http\\Controllers\\ContactController), 'create')
#10 D:\\كورس لارافيل\\contacts\\vendor\\laravel\\framework\\src\\Illuminate\\Routing\\Route.php(205): Illuminate\\Routing\\Route->runController()
#11 D:\\كورس لارافيل\\contacts\\vendor\\laravel\\framework\\src\\Illuminate\\Routing\\Router.php(798): Illuminate\\Routing\\Route->run()
#12 D:\\كورس لارافيل\\contacts\\vendor\\laravel\\framework\\src\\Illuminate\\Pipeline\\Pipeline.php(141): Illuminate\\Routing\\Router->Illuminate\\Routing\\{closure}(Object(Illuminate\\Http\\Request))
#13 D:\\كورس لارافيل\\contacts\\vendor\\laravel\\framework\\src\\Illuminate\\Routing\\Middleware\\SubstituteBindings.php(50): Illuminate\\Pipeline\\Pipeline->Illuminate\\Pipeline\\{closure}(Object(Illuminate\\Http\\Request))
#14 D:\\كورس لارافيل\\contacts\\vendor\\laravel\\framework\\src\\Illuminate\\Pipeline\\Pipeline.php(180): Illuminate\\Routing\\Middleware\\SubstituteBindings->handle(Object(Illuminate\\Http\\Request), Object(Closure))
#15 D:\\كورس لارافيل\\contacts\\vendor\\laravel\\framework\\src\\Illuminate\\Foundation\\Http\\Middleware\\VerifyCsrfToken.php(78): Illuminate\\Pipeline\\Pipeline->Illuminate\\Pipeline\\{closure}(Object(Illuminate\\Http\\Request))
#16 D:\\كورس لارافيل\\contacts\\vendor\\laravel\\framework\\src\\Illuminate\\Pipeline\\Pipeline.php(180): Illuminate\\Foundation\\Http\\Middleware\\VerifyCsrfToken->handle(Object(Illuminate\\Http\\Request), Object(Closure))
#17 D:\\كورس لارافيل\\contacts\\vendor\\laravel\\framework\\src\\Illuminate\\View\\Middleware\\ShareErrorsFromSession.php(49): Illuminate\\Pipeline\\Pipeline->Illuminate\\Pipeline\\{closure}(Object(Illuminate\\Http\\Request))
#18 D:\\كورس لارافيل\\contacts\\vendor\\laravel\\framework\\src\\Illuminate\\Pipeline\\Pipeline.php(180): Illuminate\\View\\Middleware\\ShareErrorsFromSession->handle(Object(Illuminate\\Http\\Request), Object(Closure))
#19 D:\\كورس لارافيل\\contacts\\vendor\\laravel\\framework\\src\\Illuminate\\Session\\Middleware\\StartSession.php(121): Illuminate\\Pipeline\\Pipeline->Illuminate\\Pipeline\\{closure}(Object(Illuminate\\Http\\Request))
#20 D:\\كورس لارافيل\\contacts\\vendor\\laravel\\framework\\src\\Illuminate\\Session\\Middleware\\StartSession.php(64): Illuminate\\Session\\Middleware\\StartSession->handleStatefulRequest(Object(Illuminate\\Http\\Request), Object(Illuminate\\Session\\Store), Object(Closure))
#21 D:\\كورس لارافيل\\contacts\\vendor\\laravel\\framework\\src\\Illuminate\\Pipeline\\Pipeline.php(180): Illuminate\\Session\\Middleware\\StartSession->handle(Object(Illuminate\\Http\\Request), Object(Closure))
#22 D:\\كورس لارافيل\\contacts\\vendor\\laravel\\framework\\src\\Illuminate\\Cookie\\Middleware\\AddQueuedCookiesToResponse.php(37): Illuminate\\Pipeline\\Pipeline->Illuminate\\Pipeline\\{closure}(Object(Illuminate\\Http\\Request))
#23 D:\\كورس لارافيل\\contacts\\vendor\\laravel\\framework\\src\\Illuminate\\Pipeline\\Pipeline.php(180): Illuminate\\Cookie\\Middleware\\AddQueuedCookiesToResponse->handle(Object(Illuminate\\Http\\Request), Object(Closure))
#24 D:\\كورس لارافيل\\contacts\\vendor\\laravel\\framework\\src\\Illuminate\\Cookie\\Middleware\\EncryptCookies.php(67): Illuminate\\Pipeline\\Pipeline->Illuminate\\Pipeline\\{closure}(Object(Illuminate\\Http\\Request))
#25 D:\\كورس لارافيل\\contacts\\vendor\\laravel\\framework\\src\\Illuminate\\Pipeline\\Pipeline.php(180): Illuminate\\Cookie\\Middleware\\EncryptCookies->handle(Object(Illuminate\\Http\\Request), Object(Closure))
#26 D:\\كورس لارافيل\\contacts\\vendor\\laravel\\framework\\src\\Illuminate\\Pipeline\\Pipeline.php(116): Illuminate\\Pipeline\\Pipeline->Illuminate\\Pipeline\\{closure}(Object(Illuminate\\Http\\Request))
#27 D:\\كورس لارافيل\\contacts\\vendor\\laravel\\framework\\src\\Illuminate\\Routing\\Router.php(799): Illuminate\\Pipeline\\Pipeline->then(Object(Closure))
#28 D:\\كورس لارافيل\\contacts\\vendor\\laravel\\framework\\src\\Illuminate\\Routing\\Router.php(776): Illuminate\\Routing\\Router->runRouteWithinStack(Object(Illuminate\\Routing\\Route), Object(Illuminate\\Http\\Request))
#29 D:\\كورس لارافيل\\contacts\\vendor\\laravel\\framework\\src\\Illuminate\\Routing\\Router.php(740): Illuminate\\Routing\\Router->runRoute(Object(Illuminate\\Http\\Request), Object(Illuminate\\Routing\\Route))
#30 D:\\كورس لارافيل\\contacts\\vendor\\laravel\\framework\\src\\Illuminate\\Routing\\Router.php(729): Illuminate\\Routing\\Router->dispatchToRoute(Object(Illuminate\\Http\\Request))
#31 D:\\كورس لارافيل\\contacts\\vendor\\laravel\\framework\\src\\Illuminate\\Foundation\\Http\\Kernel.php(190): Illuminate\\Routing\\Router->dispatch(Object(Illuminate\\Http\\Request))
#32 D:\\كورس لارافيل\\contacts\\vendor\\laravel\\framework\\src\\Illuminate\\Pipeline\\Pipeline.php(141): Illuminate\\Foundation\\Http\\Kernel->Illuminate\\Foundation\\Http\\{closure}(Object(Illuminate\\Http\\Request))
#33 D:\\كورس لارافيل\\contacts\\vendor\\laravel\\framework\\src\\Illuminate\\Foundation\\Http\\Middleware\\TransformsRequest.php(21): Illuminate\\Pipeline\\Pipeline->Illuminate\\Pipeline\\{closure}(Object(Illuminate\\Http\\Request))
#34 D:\\كورس لارافيل\\contacts\\vendor\\laravel\\framework\\src\\Illuminate\\Foundation\\Http\\Middleware\\ConvertEmptyStringsToNull.php(31): Illuminate\\Foundation\\Http\\Middleware\\TransformsRequest->handle(Object(Illuminate\\Http\\Request), Object(Closure))
#35 D:\\كورس لارافيل\\contacts\\vendor\\laravel\\framework\\src\\Illuminate\\Pipeline\\Pipeline.php(180): Illuminate\\Foundation\\Http\\Middleware\\ConvertEmptyStringsToNull->handle(Object(Illuminate\\Http\\Request), Object(Closure))
#36 D:\\كورس لارافيل\\contacts\\vendor\\laravel\\framework\\src\\Illuminate\\Foundation\\Http\\Middleware\\TransformsRequest.php(21): Illuminate\\Pipeline\\Pipeline->Illuminate\\Pipeline\\{closure}(Object(Illuminate\\Http\\Request))
#37 D:\\كورس لارافيل\\contacts\\vendor\\laravel\\framework\\src\\Illuminate\\Foundation\\Http\\Middleware\\TrimStrings.php(40): Illuminate\\Foundation\\Http\\Middleware\\TransformsRequest->handle(Object(Illuminate\\Http\\Request), Object(Closure))
#38 D:\\كورس لارافيل\\contacts\\vendor\\laravel\\framework\\src\\Illuminate\\Pipeline\\Pipeline.php(180): Illuminate\\Foundation\\Http\\Middleware\\TrimStrings->handle(Object(Illuminate\\Http\\Request), Object(Closure))
#39 D:\\كورس لارافيل\\contacts\\vendor\\laravel\\framework\\src\\Illuminate\\Foundation\\Http\\Middleware\\ValidatePostSize.php(27): Illuminate\\Pipeline\\Pipeline->Illuminate\\Pipeline\\{closure}(Object(Illuminate\\Http\\Request))
#40 D:\\كورس لارافيل\\contacts\\vendor\\laravel\\framework\\src\\Illuminate\\Pipeline\\Pipeline.php(180): Illuminate\\Foundation\\Http\\Middleware\\ValidatePostSize->handle(Object(Illuminate\\Http\\Request), Object(Closure))
#41 D:\\كورس لارافيل\\contacts\\vendor\\laravel\\framework\\src\\Illuminate\\Foundation\\Http\\Middleware\\PreventRequestsDuringMaintenance.php(86): Illuminate\\Pipeline\\Pipeline->Illuminate\\Pipeline\\{closure}(Object(Illuminate\\Http\\Request))
#42 D:\\كورس لارافيل\\contacts\\vendor\\laravel\\framework\\src\\Illuminate\\Pipeline\\Pipeline.php(180): Illuminate\\Foundation\\Http\\Middleware\\PreventRequestsDuringMaintenance->handle(Object(Illuminate\\Http\\Request), Object(Closure))
#43 D:\\كورس لارافيل\\contacts\\vendor\\fruitcake\\laravel-cors\\src\\HandleCors.php(38): Illuminate\\Pipeline\\Pipeline->Illuminate\\Pipeline\\{closure}(Object(Illuminate\\Http\\Request))
#44 D:\\كورس لارافيل\\contacts\\vendor\\laravel\\framework\\src\\Illuminate\\Pipeline\\Pipeline.php(180): Fruitcake\\Cors\\HandleCors->handle(Object(Illuminate\\Http\\Request), Object(Closure))
#45 D:\\كورس لارافيل\\contacts\\vendor\\laravel\\framework\\src\\Illuminate\\Http\\Middleware\\TrustProxies.php(39): Illuminate\\Pipeline\\Pipeline->Illuminate\\Pipeline\\{closure}(Object(Illuminate\\Http\\Request))
#46 D:\\كورس لارافيل\\contacts\\vendor\\laravel\\framework\\src\\Illuminate\\Pipeline\\Pipeline.php(180): Illuminate\\Http\\Middleware\\TrustProxies->handle(Object(Illuminate\\Http\\Request), Object(Closure))
#47 D:\\كورس لارافيل\\contacts\\vendor\\laravel\\framework\\src\\Illuminate\\Pipeline\\Pipeline.php(116): Illuminate\\Pipeline\\Pipeline->Illuminate\\Pipeline\\{closure}(Object(Illuminate\\Http\\Request))
#48 D:\\كورس لارافيل\\contacts\\vendor\\laravel\\framework\\src\\Illuminate\\Foundation\\Http\\Kernel.php(165): Illuminate\\Pipeline\\Pipeline->then(Object(Closure))
#49 D:\\كورس لارافيل\\contacts\\vendor\\laravel\\framework\\src\\Illuminate\\Foundation\\Http\\Kernel.php(134): Illuminate\\Foundation\\Http\\Kernel->sendRequestThroughRouter(Object(Illuminate\\Http\\Request))
#50 D:\\كورس لارافيل\\contacts\\public\\index.php(52): Illuminate\\Foundation\\Http\\Kernel->handle(Object(Illuminate\\Http\\Request))
#51 D:\\كورس لارافيل\\contacts\\vendor\\laravel\\framework\\src\\Illuminate\\Foundation\\resources\\server.php(16): require_once('D:\\\\\\xD9\\x83\\xD9\\x88\\xD8\\xB1\\xD8\\xB3 \\xD9\\x84\\xD8...')
#52 {main}
"} 
[2026-09-15 00:49:57] local.ERROR: SQLSTATE[23000]: Integrity constraint violation: 1048 Column 'name' cannot be null (SQL: insert into `contacts` (`name`, `email`, `phone`, `category`) values (?, ?, ?, ?)) {"exception":"[object] (Illuminate\\Database\\QueryException(code: 23000): SQLSTATE[23000]: Integrity constraint violation: 1048 Column 'name' cannot be null (SQL: insert into `contacts` (`name`, `email`, `phone`, `category`) values (?, ?, ?, ?)) at D:\\كورس لارافيل\\contacts\\vendor\\laravel\\framework\\src\\Illuminate\\Database\\Connection.php:760)
[stacktrace]
#0 D:\\كورس لارافيل\\contacts\\vendor\\laravel\\framework\\src\\Illuminate\\Database\\Connection.php(720): Illuminate\\Database\\Connection->runQueryCallback('insert into `co...', Array, Object(Closure))
#1 D:\\كورس لارافيل\\contacts\\vendor\\laravel\\framework\\src\\Illuminate\\Database\\Connection.php(546): Illuminate\\Database\\Connection->run('insert into `co...', Array, Object(Closure))
#2 D:\\كورس لارافيل\\contacts\\vendor\\laravel\\framework\\src\\Illuminate\\Database\\Connection.php(498): Illuminate\\Database\\Connection->statement('insert into `co...', Array)
#3 D:\\كورس لارافيل\\contacts\\vendor\\laravel\\framework\\src\\Illuminate\\Database\\Query\\Builder.php(3274): Illuminate\\Database\\Connection->insert('insert into `co...', Array)
#4 D:\\كورس لارافيل\\contacts\\app\\Http\\Controllers\\ContactController.php(24): Illuminate\\Database\\Query\\Builder->insert(Array)
#5 D:\\كورس لارافيل\\contacts\\vendor\\laravel\\framework\\src\\Illuminate\\Routing\\Controller.php(54): App\\Http\\Controllers\\ContactController->create(Object(Illuminate\\Http\\Request))
#6 D:\\كورس لارافيل\\contacts\\vendor\\laravel\\framework\\src\\Illuminate\\Routing\\ControllerDispatcher.php(43): Illuminate\\Routing\\Controller->callAction('create', Array)
#7 D:\\كورس لارافيل\\contacts\\vendor\\laravel\\framework\\src\\Illuminate\\Routing\\Route.php(260): Illuminate\\Routing\\ControllerDispatcher->dispatch(Object(Illuminate\\Routing\\Route), Object(App\\Http\\Controllers\\ContactController), 'create')
#8 D:\\كورس لارافيل\\contacts\\vendor\\laravel\\framework\\src\\Illuminate\\Routing\\Route.php(205): Illuminate\\Routing\\Route->runController()
#9 D:\\كورس لارافيل\\contacts\\vendor\\laravel\\framework\\src\\Illuminate\\Routing\\Router.php(798): Illuminate\\Routing\\Route->run()
#10 D:\\كورس لارافيل\\contacts\\vendor\\laravel\\framework\\src\\Illuminate\\Pipeline\\Pipeline.php(141): Illuminate\\Routing\\Router->Illuminate\\Routing\\{closure}(Object(Illuminate\\Http\\Request))
#11 D:\\كورس لارافيل\\contacts\\vendor\\laravel\\framework\\src\\Illuminate\\Routing\\Middleware\\SubstituteBindings.php(50): Illuminate\\Pipeline\\Pipeline->Illuminate\\Pipeline\\{closure}(Object(Illuminate\\Http\\Request))
#12 D:\\كورس لارافيل\\contacts\\vendor\\laravel\\framework\\src\\Illuminate\\Pipeline\\Pipeline.php(180): Illuminate\\Routing\\Middleware\\SubstituteBindings->handle(Object(Illuminate\\Http\\Request), Object(Closure))
#13 D:\\كورس لارافيل\\contacts\\vendor\\laravel\\framework\\src\\Illuminate\\Foundation\\Http\\Middleware\\VerifyCsrfToken.php(78): Illuminate\\Pipeline\\Pipeline->Illuminate\\Pipeline\\{closure}(Object(Illuminate\\Http\\Request))
#14 D:\\كورس لارافيل\\contacts\\vendor\\laravel\\framework\\src\\Illuminate\\Pipeline\\Pipeline.php(180): Illuminate\\Foundation\\Http\\Middleware\\VerifyCsrfToken->handle(Object(Illuminate\\Http\\Request), Object(Closure))
#15 D:\\كورس لارافيل\\contacts\\vendor\\laravel\\framework\\src\\Illuminate\\View\\Middleware\\ShareErrorsFromSession.php(49): Illuminate\\Pipeline\\Pipeline->Illuminate\\Pipeline\\{closure}(Object(Illuminate\\Http\\Request))
#16 D:\\كورس لارافيل\\contacts\\vendor\\laravel\\framework\\src\\Illuminate\\Pipeline\\Pipeline.php(180): Illuminate\\View\\Middleware\\ShareErrorsFromSession->handle(Object(Illuminate\\Http\\Request), Object(Closure))
#17 D:\\كورس لارافيل\\contacts\\vendor\\laravel\\framework\\src\\Illuminate\\Session\\Middleware\\StartSession.php(121): Illuminate\\Pipeline\\Pipeline->Illuminate\\Pipeline\\{closure}(Object(Illuminate\\Http\\Request))
#18 D:\\كورس لارافيل\\contacts\\vendor\\laravel\\framework\\src\\Illuminate\\Session\\Middleware\\StartSession.php(64): Illuminate\\Session\\Middleware\\StartSession->handleStatefulRequest(Object(Illuminate\\Http\\Request), Object(Illuminate\\Session\\Store), Object(Closure))
#19 D:\\كورس لارافيل\\contacts\\vendor\\laravel\\framework\\src\\Illuminate\\Pipeline\\Pipeline.php(180): Illuminate\\Session\\Middleware\\StartSession->handle(Object(Illuminate\\Http\\Request), Object(Closure))
#20 D:\\كورس لارافيل\\contacts\\vendor\\laravel\\framework\\src\\Illuminate\\Cookie\\Middleware\\AddQueuedCookiesToResponse.php(37): Illuminate\\Pipeline\\Pipeline->Illuminate\\Pipeline\\{closure}(Object(Illuminate\\Http\\Request))
#21 D:\\كورس لارافيل\\contacts\\vendor\\laravel\\framework\\src\\Illuminate\\Pipeline\\Pipeline.php(180): Illuminate\\Cookie\\Middleware\\AddQueuedCookiesToResponse->handle(Object(Illuminate\\Http\\Request), Object(Closure))
#22 D:\\كورس لارافيل\\contacts\\vendor\\laravel\\framework\\src\\Illuminate\\Cookie\\Middleware\\EncryptCookies.php(67): Illuminate\\Pipeline\\Pipeline->Illuminate\\Pipeline\\{closure}(Object(Illuminate\\Http\\Request))
#23 D:\\كورس لارافيل\\contacts\\vendor\\laravel\\framework\\src\\Illuminate\\Pipeline\\Pipeline.php(180): Illuminate\\Cookie\\Middleware\\EncryptCookies->handle(Object(Illuminate\\Http\\Request), Object(Closure))
#24 D:\\كورس لارافيل\\contacts\\vendor\\laravel\\framework\\src\\Illuminate\\Pipeline\\Pipeline.php(116): Illuminate\\Pipeline\\Pipeline->Illuminate\\Pipeline\\{closure}(Object(Illuminate\\Http\\Request))
#25 D:\\كورس لارافيل\\contacts\\vendor\\laravel\\framework\\src\\Illuminate\\Routing\\Router.php(799): Illuminate\\Pipeline\\Pipeline->then(Object(Closure))
#26 D:\\كورس لارافيل\\contacts\\vendor\\laravel\\framework\\src\\Illuminate\\Routing\\Router.php(776): Illuminate\\Routing\\Router->runRouteWithinStack(Object(Illuminate\\Routing\\Route), Object(Illuminate\\Http\\Request))
#27 D:\\كورس لارافيل\\contacts\\vendor\\laravel\\framework\\src\\Illuminate\\Routing\\Router.php(740): Illuminate\\Routing\\Router->runRoute(Object(Illuminate\\Http\\Request), Object(Illuminate\\Routing\\Route))
#28 D:\\كورس لارافيل\\contacts\\vendor\\laravel\\framework\\src\\Illuminate\\Routing\\Router.php(729): Illuminate\\Routing\\Router->dispatchToRoute(Object(Illuminate\\Http\\Request))
#29 D:\\كورس لارافيل\\contacts\\vendor\\laravel\\framework\\src\\Illuminate\\Foundation\\Http\\Kernel.php(190): Illuminate\\Routing\\Router->dispatch(Object(Illuminate\\Http\\Request))
#30 D:\\كورس لارافيل\\contacts\\vendor\\laravel\\framework\\src\\Illuminate\\Pipeline\\Pipeline.php(141): Illuminate\\Foundation\\Http\\Kernel->Illuminate\\Foundation\\Http\\{closure}(Object(Illuminate\\Http\\Request))
#31 D:\\كورس لارافيل\\contacts\\vendor\\laravel\\framework\\src\\Illuminate\\Foundation\\Http\\Middleware\\TransformsRequest.php(21): Illuminate\\Pipeline\\Pipeline->Illuminate\\Pipeline\\{closure}(Object(Illuminate\\Http\\Request))
#32 D:\\كورس لارافيل\\contacts\\vendor\\laravel\\framework\\src\\Illuminate\\Foundation\\Http\\Middleware\\ConvertEmptyStringsToNull.php(31): Illuminate\\Foundation\\Http\\Middleware\\TransformsRequest->handle(Object(Illuminate\\Http\\Request), Object(Closure))
#33 D:\\كورس لارافيل\\contacts\\vendor\\laravel\\framework\\src\\Illuminate\\Pipeline\\Pipeline.php(180): Illuminate\\Foundation\\Http\\Middleware\\ConvertEmptyStringsToNull->handle(Object(Illuminate\\Http\\Request), Object(Closure))
#34 D:\\كورس لارافيل\\contacts\\vendor\\laravel\\framework\\src\\Illuminate\\Foundation\\Http\\Middleware\\TransformsRequest.php(21): Illuminate\\Pipeline\\Pipeline->Illuminate\\Pipeline\\{closure}(Object(Illuminate\\Http\\Request))
#35 D:\\كورس لارافيل\\contacts\\vendor\\laravel\\framework\\src\\Illuminate\\Foundation\\Http\\Middleware\\TrimStrings.php(40): Illuminate\\Foundation\\Http\\Middleware\\TransformsRequest->handle(Object(Illuminate\\Http\\Request), Object(Closure))
#36 D:\\كورس لارافيل\\contacts\\vendor\\laravel\\framework\\src\\Illuminate\\Pipeline\\Pipeline.php(180): Illuminate\\Foundation\\Http\\Middleware\\TrimStrings->handle(Object(Illuminate\\Http\\Request), Object(Closure))
#37 D:\\كورس لارافيل\\contacts\\vendor\\laravel\\framework\\src\\Illuminate\\Foundation\\Http\\Middleware\\ValidatePostSize.php(27): Illuminate\\Pipeline\\Pipeline->Illuminate\\Pipeline\\{closure}(Object(Illuminate\\Http\\Request))
#38 D:\\كورس لارافيل\\contacts\\vendor\\laravel\\framework\\src\\Illuminate\\Pipeline\\Pipeline.php(180): Illuminate\\Foundation\\Http\\Middleware\\ValidatePostSize->handle(Object(Illuminate\\Http\\Request), Object(Closure))
#39 D:\\كورس لارافيل\\contacts\\vendor\\laravel\\framework\\src\\Illuminate\\Foundation\\Http\\Middleware\\PreventRequestsDuringMaintenance.php(86): Illuminate\\Pipeline\\Pipeline->Illuminate\\Pipeline\\{closure}(Object(Illuminate\\Http\\Request))
#40 D:\\كورس لارافيل\\contacts\\vendor\\laravel\\framework\\src\\Illuminate\\Pipeline\\Pipeline.php(180): Illuminate\\Foundation\\Http\\Middleware\\PreventRequestsDuringMaintenance->handle(Object(Illuminate\\Http\\Request), Object(Closure))
#41 D:\\كورس لارافيل\\contacts\\vendor\\fruitcake\\laravel-cors\\src\\HandleCors.php(38): Illuminate\\Pipeline\\Pipeline->Illuminate\\Pipeline\\{closure}(Object(Illuminate\\Http\\Request))
#42 D:\\كورس لارافيل\\contacts\\vendor\\laravel\\framework\\src\\Illuminate\\Pipeline\\Pipeline.php(180): Fruitcake\\Cors\\HandleCors->handle(Object(Illuminate\\Http\\Request), Object(Closure))
#43 D:\\كورس لارافيل\\contacts\\vendor\\laravel\\framework\\src\\Illuminate\\Http\\Middleware\\TrustProxies.php(39): Illuminate\\Pipeline\\Pipeline->Illuminate\\Pipeline\\{closure}(Object(Illuminate\\Http\\Request))
#44 D:\\كورس لارافيل\\contacts\\vendor\\laravel\\framework\\src\\Illuminate\\Pipeline\\Pipeline.php(180): Illuminate\\Http\\Middleware\\TrustProxies->handle(Object(Illuminate\\Http\\Request), Object(Closure))
#45 D:\\كورس لارافيل\\contacts\\vendor\\laravel\\framework\\src\\Illuminate\\Pipeline\\Pipeline.php(116): Illuminate\\Pipeline\\Pipeline->Illuminate\\Pipeline\\{closure}(Object(Illuminate\\Http\\Request))
#46 D:\\كورس لارافيل\\contacts\\vendor\\laravel\\framework\\src\\Illuminate\\Foundation\\Http\\Kernel.php(165): Illuminate\\Pipeline\\Pipeline->then(Object(Closure))
#47 D:\\كورس لارافيل\\contacts\\vendor\\laravel\\framework\\src\\Illuminate\\Foundation\\Http\\Kernel.php(134): Illuminate\\Foundation\\Http\\Kernel->sendRequestThroughRouter(Object(Illuminate\\Http\\Request))
#48 D:\\كورس لارافيل\\contacts\\public\\index.php(52): Illuminate\\Foundation\\Http\\Kernel->handle(Object(Illuminate\\Http\\Request))
#49 D:\\كورس لارافيل\\contacts\\vendor\\laravel\\framework\\src\\Illuminate\\Foundation\\resources\\server.php(16): require_once('D:\\\\\\xD9\\x83\\xD9\\x88\\xD8\\xB1\\xD8\\xB3 \\xD9\\x84\\xD8...')
#50 {main}

[previous exception] [object] (PDOException(code: 23000): SQLSTATE[23000]: Integrity constraint violation: 1048 Column 'name' cannot be null at D:\\كورس لارافيل\\contacts\\vendor\\laravel\\framework\\src\\Illuminate\\Database\\Connection.php:545)
[stacktrace]
#0 D:\\كورس لارافيل\\contacts\\vendor\\laravel\\framework\\src\\Illuminate\\Database\\Connection.php(545): PDOStatement->execute()
#1 D:\\كورس لارافيل\\contacts\\vendor\\laravel\\framework\\src\\Illuminate\\Database\\Connection.php(753): Illuminate\\Database\\Connection->Illuminate\\Database\\{closure}('insert into `co...', Array)
#2 D:\\كورس لارافيل\\contacts\\vendor\\laravel\\framework\\src\\Illuminate\\Database\\Connection.php(720): Illuminate\\Database\\Connection->runQueryCallback('insert into `co...', Array, Object(Closure))
#3 D:\\كورس لارافيل\\contacts\\vendor\\laravel\\framework\\src\\Illuminate\\Database\\Connection.php(546): Illuminate\\Database\\Connection->run('insert into `co...', Array, Object(Closure))
#4 D:\\كورس لارافيل\\contacts\\vendor\\laravel\\framework\\src\\Illuminate\\Database\\Connection.php(498): Illuminate\\Database\\Connection->statement('insert into `co...', Array)
#5 D:\\كورس لارافيل\\contacts\\vendor\\laravel\\framework\\src\\Illuminate\\Database\\Query\\Builder.php(3274): Illuminate\\Database\\Connection->insert('insert into `co...', Array)
#6 D:\\كورس لارافيل\\contacts\\app\\Http\\Controllers\\ContactController.php(24): Illuminate\\Database\\Query\\Builder->insert(Array)
#7 D:\\كورس لارافيل\\contacts\\vendor\\laravel\\framework\\src\\Illuminate\\Routing\\Controller.php(54): App\\Http\\Controllers\\ContactController->create(Object(Illuminate\\Http\\Request))
#8 D:\\كورس لارافيل\\contacts\\vendor\\laravel\\framework\\src\\Illuminate\\Routing\\ControllerDispatcher.php(43): Illuminate\\Routing\\Controller->callAction('create', Array)
#9 D:\\كورس لارافيل\\contacts\\vendor\\laravel\\framework\\src\\Illuminate\\Routing\\Route.php(260): Illuminate\\Routing\\ControllerDispatcher->dispatch(Object(Illuminate\\Routing\\Route), Object(App\\Http\\Controllers\\ContactController), 'create')
#10 D:\\كورس لارافيل\\contacts\\vendor\\laravel\\framework\\src\\Illuminate\\Routing\\Route.php(205): Illuminate\\Routing\\Route->runController()
#11 D:\\كورس لارافيل\\contacts\\vendor\\laravel\\framework\\src\\Illuminate\\Routing\\Router.php(798): Illuminate\\Routing\\Route->run()
#12 D:\\كورس لارافيل\\contacts\\vendor\\laravel\\framework\\src\\Illuminate\\Pipeline\\Pipeline.php(141): Illuminate\\Routing\\Router->Illuminate\\Routing\\{closure}(Object(Illuminate\\Http\\Request))
#13 D:\\كورس لارافيل\\contacts\\vendor\\laravel\\framework\\src\\Illuminate\\Routing\\Middleware\\SubstituteBindings.php(50): Illuminate\\Pipeline\\Pipeline->Illuminate\\Pipeline\\{closure}(Object(Illuminate\\Http\\Request))
#14 D:\\كورس لارافيل\\contacts\\vendor\\laravel\\framework\\src\\Illuminate\\Pipeline\\Pipeline.php(180): Illuminate\\Routing\\Middleware\\SubstituteBindings->handle(Object(Illuminate\\Http\\Request), Object(Closure))
#15 D:\\كورس لارافيل\\contacts\\vendor\\laravel\\framework\\src\\Illuminate\\Foundation\\Http\\Middleware\\VerifyCsrfToken.php(78): Illuminate\\Pipeline\\Pipeline->Illuminate\\Pipeline\\{closure}(Object(Illuminate\\Http\\Request))
#16 D:\\كورس لارافيل\\contacts\\vendor\\laravel\\framework\\src\\Illuminate\\Pipeline\\Pipeline.php(180): Illuminate\\Foundation\\Http\\Middleware\\VerifyCsrfToken->handle(Object(Illuminate\\Http\\Request), Object(Closure))
#17 D:\\كورس لارافيل\\contacts\\vendor\\laravel\\framework\\src\\Illuminate\\View\\Middleware\\ShareErrorsFromSession.php(49): Illuminate\\Pipeline\\Pipeline->Illuminate\\Pipeline\\{closure}(Object(Illuminate\\Http\\Request))
#18 D:\\كورس لارافيل\\contacts\\vendor\\laravel\\framework\\src\\Illuminate\\Pipeline\\Pipeline.php(180): Illuminate\\View\\Middleware\\ShareErrorsFromSession->handle(Object(Illuminate\\Http\\Request), Object(Closure))
#19 D:\\كورس لارافيل\\contacts\\vendor\\laravel\\framework\\src\\Illuminate\\Session\\Middleware\\StartSession.php(121): Illuminate\\Pipeline\\Pipeline->Illuminate\\Pipeline\\{closure}(Object(Illuminate\\Http\\Request))
#20 D:\\كورس لارافيل\\contacts\\vendor\\laravel\\framework\\src\\Illuminate\\Session\\Middleware\\StartSession.php(64): Illuminate\\Session\\Middleware\\StartSession->handleStatefulRequest(Object(Illuminate\\Http\\Request), Object(Illuminate\\Session\\Store), Object(Closure))
#21 D:\\كورس لارافيل\\contacts\\vendor\\laravel\\framework\\src\\Illuminate\\Pipeline\\Pipeline.php(180): Illuminate\\Session\\Middleware\\StartSession->handle(Object(Illuminate\\Http\\Request), Object(Closure))
#22 D:\\كورس لارافيل\\contacts\\vendor\\laravel\\framework\\src\\Illuminate\\Cookie\\Middleware\\AddQueuedCookiesToResponse.php(37): Illuminate\\Pipeline\\Pipeline->Illuminate\\Pipeline\\{closure}(Object(Illuminate\\Http\\Request))
#23 D:\\كورس لارافيل\\contacts\\vendor\\laravel\\framework\\src\\Illuminate\\Pipeline\\Pipeline.php(180): Illuminate\\Cookie\\Middleware\\AddQueuedCookiesToResponse->handle(Object(Illuminate\\Http\\Request), Object(Closure))
#24 D:\\كورس لارافيل\\contacts\\vendor\\laravel\\framework\\src\\Illuminate\\Cookie\\Middleware\\EncryptCookies.php(67): Illuminate\\Pipeline\\Pipeline->Illuminate\\Pipeline\\{closure}(Object(Illuminate\\Http\\Request))
#25 D:\\كورس لارافيل\\contacts\\vendor\\laravel\\framework\\src\\Illuminate\\Pipeline\\Pipeline.php(180): Illuminate\\Cookie\\Middleware\\EncryptCookies->handle(Object(Illuminate\\Http\\Request), Object(Closure))
#26 D:\\كورس لارافيل\\contacts\\vendor\\laravel\\framework\\src\\Illuminate\\Pipeline\\Pipeline.php(116): Illuminate\\Pipeline\\Pipeline->Illuminate\\Pipeline\\{closure}(Object(Illuminate\\Http\\Request))
#27 D:\\كورس لارافيل\\contacts\\vendor\\laravel\\framework\\src\\Illuminate\\Routing\\Router.php(799): Illuminate\\Pipeline\\Pipeline->then(Object(Closure))
#28 D:\\كورس لارافيل\\contacts\\vendor\\laravel\\framework\\src\\Illuminate\\Routing\\Router.php(776): Illuminate\\Routing\\Router->runRouteWithinStack(Object(Illuminate\\Routing\\Route), Object(Illuminate\\Http\\Request))
#29 D:\\كورس لارافيل\\contacts\\vendor\\laravel\\framework\\src\\Illuminate\\Routing\\Router.php(740): Illuminate\\Routing\\Router->runRoute(Object(Illuminate\\Http\\Request), Object(Illuminate\\Routing\\Route))
#30 D:\\كورس لارافيل\\contacts\\vendor\\laravel\\framework\\src\\Illuminate\\Routing\\Router.php(729): Illuminate\\Routing\\Router->dispatchToRoute(Object(Illuminate\\Http\\Request))
#31 D:\\كورس لارافيل\\contacts\\vendor\\laravel\\framework\\src\\Illuminate\\Foundation\\Http\\Kernel.php(190): Illuminate\\Routing\\Router->dispatch(Object(Illuminate\\Http\\Request))
#32 D:\\كورس لارافيل\\contacts\\vendor\\laravel\\framework\\src\\Illuminate\\Pipeline\\Pipeline.php(141): Illuminate\\Foundation\\Http\\Kernel->Illuminate\\Foundation\\Http\\{closure}(Object(Illuminate\\Http\\Request))
#33 D:\\كورس لارافيل\\contacts\\vendor\\laravel\\framework\\src\\Illuminate\\Foundation\\Http\\Middleware\\TransformsRequest.php(21): Illuminate\\Pipeline\\Pipeline->Illuminate\\Pipeline\\{closure}(Object(Illuminate\\Http\\Request))
#34 D:\\كورس لارافيل\\contacts\\vendor\\laravel\\framework\\src\\Illuminate\\Foundation\\Http\\Middleware\\ConvertEmptyStringsToNull.php(31): Illuminate\\Foundation\\Http\\Middleware\\TransformsRequest->handle(Object(Illuminate\\Http\\Request), Object(Closure))
#35 D:\\كورس لارافيل\\contacts\\vendor\\laravel\\framework\\src\\Illuminate\\Pipeline\\Pipeline.php(180): Illuminate\\Foundation\\Http\\Middleware\\ConvertEmptyStringsToNull->handle(Object(Illuminate\\Http\\Request), Object(Closure))
#36 D:\\كورس لارافيل\\contacts\\vendor\\laravel\\framework\\src\\Illuminate\\Foundation\\Http\\Middleware\\TransformsRequest.php(21): Illuminate\\Pipeline\\Pipeline->Illuminate\\Pipeline\\{closure}(Object(Illuminate\\Http\\Request))
#37 D:\\كورس لارافيل\\contacts\\vendor\\laravel\\framework\\src\\Illuminate\\Foundation\\Http\\Middleware\\TrimStrings.php(40): Illuminate\\Foundation\\Http\\Middleware\\TransformsRequest->handle(Object(Illuminate\\Http\\Request), Object(Closure))
#38 D:\\كورس لارافيل\\contacts\\vendor\\laravel\\framework\\src\\Illuminate\\Pipeline\\Pipeline.php(180): Illuminate\\Foundation\\Http\\Middleware\\TrimStrings->handle(Object(Illuminate\\Http\\Request), Object(Closure))
#39 D:\\كورس لارافيل\\contacts\\vendor\\laravel\\framework\\src\\Illuminate\\Foundation\\Http\\Middleware\\ValidatePostSize.php(27): Illuminate\\Pipeline\\Pipeline->Illuminate\\Pipeline\\{closure}(Object(Illuminate\\Http\\Request))
#40 D:\\كورس لارافيل\\contacts\\vendor\\laravel\\framework\\src\\Illuminate\\Pipeline\\Pipeline.php(180): Illuminate\\Foundation\\Http\\Middleware\\ValidatePostSize->handle(Object(Illuminate\\Http\\Request), Object(Closure))
#41 D:\\كورس لارافيل\\contacts\\vendor\\laravel\\framework\\src\\Illuminate\\Foundation\\Http\\Middleware\\PreventRequestsDuringMaintenance.php(86): Illuminate\\Pipeline\\Pipeline->Illuminate\\Pipeline\\{closure}(Object(Illuminate\\Http\\Request))
#42 D:\\كورس لارافيل\\contacts\\vendor\\laravel\\framework\\src\\Illuminate\\Pipeline\\Pipeline.php(180): Illuminate\\Foundation\\Http\\Middleware\\PreventRequestsDuringMaintenance->handle(Object(Illuminate\\Http\\Request), Object(Closure))
#43 D:\\كورس لارافيل\\contacts\\vendor\\fruitcake\\laravel-cors\\src\\HandleCors.php(38): Illuminate\\Pipeline\\Pipeline->Illuminate\\Pipeline\\{closure}(Object(Illuminate\\Http\\Request))
#44 D:\\كورس لارافيل\\contacts\\vendor\\laravel\\framework\\src\\Illuminate\\Pipeline\\Pipeline.php(180): Fruitcake\\Cors\\HandleCors->handle(Object(Illuminate\\Http\\Request), Object(Closure))
#45 D:\\كورس لارافيل\\contacts\\vendor\\laravel\\framework\\src\\Illuminate\\Http\\Middleware\\TrustProxies.php(39): Illuminate\\Pipeline\\Pipeline->Illuminate\\Pipeline\\{closure}(Object(Illuminate\\Http\\Request))
#46 D:\\كورس لارافيل\\contacts\\vendor\\laravel\\framework\\src\\Illuminate\\Pipeline\\Pipeline.php(180): Illuminate\\Http\\Middleware\\TrustProxies->handle(Object(Illuminate\\Http\\Request), Object(Closure))
#47 D:\\كورس لارافيل\\contacts\\vendor\\laravel\\framework\\src\\Illuminate\\Pipeline\\Pipeline.php(116): Illuminate\\Pipeline\\Pipeline->Illuminate\\Pipeline\\{closure}(Object(Illuminate\\Http\\Request))
#48 D:\\كورس لارافيل\\contacts\\vendor\\laravel\\framework\\src\\Illuminate\\Foundation\\Http\\Kernel.php(165): Illuminate\\Pipeline\\Pipeline->then(Object(Closure))
#49 D:\\كورس لارافيل\\contacts\\vendor\\laravel\\framework\\src\\Illuminate\\Foundation\\Http\\Kernel.php(134): Illuminate\\Foundation\\Http\\Kernel->sendRequestThroughRouter(Object(Illuminate\\Http\\Request))
#50 D:\\كورس لارافيل\\contacts\\public\\index.php(52): Illuminate\\Foundation\\Http\\Kernel->handle(Object(Illuminate\\Http\\Request))
#51 D:\\كورس لارافيل\\contacts\\vendor\\laravel\\framework\\src\\Illuminate\\Foundation\\resources\\server.php(16): require_once('D:\\\\\\xD9\\x83\\xD9\\x88\\xD8\\xB1\\xD8\\xB3 \\xD9\\x84\\xD8...')
#52 {main}
"} 
[2026-09-15 00:50:54] local.ERROR: SQLSTATE[23000]: Integrity constraint violation: 1048 Column 'name' cannot be null (SQL: insert into `contacts` (`name`, `email`, `phone`, `category`) values (?, ?, ?, ?)) {"exception":"[object] (Illuminate\\Database\\QueryException(code: 23000): SQLSTATE[23000]: Integrity constraint violation: 1048 Column 'name' cannot be null (SQL: insert into `contacts` (`name`, `email`, `phone`, `category`) values (?, ?, ?, ?)) at D:\\كورس لارافيل\\contacts\\vendor\\laravel\\framework\\src\\Illuminate\\Database\\Connection.php:760)
[stacktrace]
#0 D:\\كورس لارافيل\\contacts\\vendor\\laravel\\framework\\src\\Illuminate\\Database\\Connection.php(720): Illuminate\\Database\\Connection->runQueryCallback('insert into `co...', Array, Object(Closure))
#1 D:\\كورس لارافيل\\contacts\\vendor\\laravel\\framework\\src\\Illuminate\\Database\\Connection.php(546): Illuminate\\Database\\Connection->run('insert into `co...', Array, Object(Closure))
#2 D:\\كورس لارافيل\\contacts\\vendor\\laravel\\framework\\src\\Illuminate\\Database\\Connection.php(498): Illuminate\\Database\\Connection->statement('insert into `co...', Array)
#3 D:\\كورس لارافيل\\contacts\\vendor\\laravel\\framework\\src\\Illuminate\\Database\\Query\\Builder.php(3274): Illuminate\\Database\\Connection->insert('insert into `co...', Array)
#4 D:\\كورس لارافيل\\contacts\\app\\Http\\Controllers\\ContactController.php(24): Illuminate\\Database\\Query\\Builder->insert(Array)
#5 D:\\كورس لارافيل\\contacts\\vendor\\laravel\\framework\\src\\Illuminate\\Routing\\Controller.php(54): App\\Http\\Controllers\\ContactController->create(Object(Illuminate\\Http\\Request))
#6 D:\\كورس لارافيل\\contacts\\vendor\\laravel\\framework\\src\\Illuminate\\Routing\\ControllerDispatcher.php(43): Illuminate\\Routing\\Controller->callAction('create', Array)
#7 D:\\كورس لارافيل\\contacts\\vendor\\laravel\\framework\\src\\Illuminate\\Routing\\Route.php(260): Illuminate\\Routing\\ControllerDispatcher->dispatch(Object(Illuminate\\Routing\\Route), Object(App\\Http\\Controllers\\ContactController), 'create')
#8 D:\\كورس لارافيل\\contacts\\vendor\\laravel\\framework\\src\\Illuminate\\Routing\\Route.php(205): Illuminate\\Routing\\Route->runController()
#9 D:\\كورس لارافيل\\contacts\\vendor\\laravel\\framework\\src\\Illuminate\\Routing\\Router.php(798): Illuminate\\Routing\\Route->run()
#10 D:\\كورس لارافيل\\contacts\\vendor\\laravel\\framework\\src\\Illuminate\\Pipeline\\Pipeline.php(141): Illuminate\\Routing\\Router->Illuminate\\Routing\\{closure}(Object(Illuminate\\Http\\Request))
#11 D:\\كورس لارافيل\\contacts\\vendor\\laravel\\framework\\src\\Illuminate\\Routing\\Middleware\\SubstituteBindings.php(50): Illuminate\\Pipeline\\Pipeline->Illuminate\\Pipeline\\{closure}(Object(Illuminate\\Http\\Request))
#12 D:\\كورس لارافيل\\contacts\\vendor\\laravel\\framework\\src\\Illuminate\\Pipeline\\Pipeline.php(180): Illuminate\\Routing\\Middleware\\SubstituteBindings->handle(Object(Illuminate\\Http\\Request), Object(Closure))
#13 D:\\كورس لارافيل\\contacts\\vendor\\laravel\\framework\\src\\Illuminate\\Foundation\\Http\\Middleware\\VerifyCsrfToken.php(78): Illuminate\\Pipeline\\Pipeline->Illuminate\\Pipeline\\{closure}(Object(Illuminate\\Http\\Request))
#14 D:\\كورس لارافيل\\contacts\\vendor\\laravel\\framework\\src\\Illuminate\\Pipeline\\Pipeline.php(180): Illuminate\\Foundation\\Http\\Middleware\\VerifyCsrfToken->handle(Object(Illuminate\\Http\\Request), Object(Closure))
#15 D:\\كورس لارافيل\\contacts\\vendor\\laravel\\framework\\src\\Illuminate\\View\\Middleware\\ShareErrorsFromSession.php(49): Illuminate\\Pipeline\\Pipeline->Illuminate\\Pipeline\\{closure}(Object(Illuminate\\Http\\Request))
#16 D:\\كورس لارافيل\\contacts\\vendor\\laravel\\framework\\src\\Illuminate\\Pipeline\\Pipeline.php(180): Illuminate\\View\\Middleware\\ShareErrorsFromSession->handle(Object(Illuminate\\Http\\Request), Object(Closure))
#17 D:\\كورس لارافيل\\contacts\\vendor\\laravel\\framework\\src\\Illuminate\\Session\\Middleware\\StartSession.php(121): Illuminate\\Pipeline\\Pipeline->Illuminate\\Pipeline\\{closure}(Object(Illuminate\\Http\\Request))
#18 D:\\كورس لارافيل\\contacts\\vendor\\laravel\\framework\\src\\Illuminate\\Session\\Middleware\\StartSession.php(64): Illuminate\\Session\\Middleware\\StartSession->handleStatefulRequest(Object(Illuminate\\Http\\Request), Object(Illuminate\\Session\\Store), Object(Closure))
#19 D:\\كورس لارافيل\\contacts\\vendor\\laravel\\framework\\src\\Illuminate\\Pipeline\\Pipeline.php(180): Illuminate\\Session\\Middleware\\StartSession->handle(Object(Illuminate\\Http\\Request), Object(Closure))
#20 D:\\كورس لارافيل\\contacts\\vendor\\laravel\\framework\\src\\Illuminate\\Cookie\\Middleware\\AddQueuedCookiesToResponse.php(37): Illuminate\\Pipeline\\Pipeline->Illuminate\\Pipeline\\{closure}(Object(Illuminate\\Http\\Request))
#21 D:\\كورس لارافيل\\contacts\\vendor\\laravel\\framework\\src\\Illuminate\\Pipeline\\Pipeline.php(180): Illuminate\\Cookie\\Middleware\\AddQueuedCookiesToResponse->handle(Object(Illuminate\\Http\\Request), Object(Closure))
#22 D:\\كورس لارافيل\\contacts\\vendor\\laravel\\framework\\src\\Illuminate\\Cookie\\Middleware\\EncryptCookies.php(67): Illuminate\\Pipeline\\Pipeline->Illuminate\\Pipeline\\{closure}(Object(Illuminate\\Http\\Request))
#23 D:\\كورس لارافيل\\contacts\\vendor\\laravel\\framework\\src\\Illuminate\\Pipeline\\Pipeline.php(180): Illuminate\\Cookie\\Middleware\\EncryptCookies->handle(Object(Illuminate\\Http\\Request), Object(Closure))
#24 D:\\كورس لارافيل\\contacts\\vendor\\laravel\\framework\\src\\Illuminate\\Pipeline\\Pipeline.php(116): Illuminate\\Pipeline\\Pipeline->Illuminate\\Pipeline\\{closure}(Object(Illuminate\\Http\\Request))
#25 D:\\كورس لارافيل\\contacts\\vendor\\laravel\\framework\\src\\Illuminate\\Routing\\Router.php(799): Illuminate\\Pipeline\\Pipeline->then(Object(Closure))
#26 D:\\كورس لارافيل\\contacts\\vendor\\laravel\\framework\\src\\Illuminate\\Routing\\Router.php(776): Illuminate\\Routing\\Router->runRouteWithinStack(Object(Illuminate\\Routing\\Route), Object(Illuminate\\Http\\Request))
#27 D:\\كورس لارافيل\\contacts\\vendor\\laravel\\framework\\src\\Illuminate\\Routing\\Router.php(740): Illuminate\\Routing\\Router->runRoute(Object(Illuminate\\Http\\Request), Object(Illuminate\\Routing\\Route))
#28 D:\\كورس لارافيل\\contacts\\vendor\\laravel\\framework\\src\\Illuminate\\Routing\\Router.php(729): Illuminate\\Routing\\Router->dispatchToRoute(Object(Illuminate\\Http\\Request))
#29 D:\\كورس لارافيل\\contacts\\vendor\\laravel\\framework\\src\\Illuminate\\Foundation\\Http\\Kernel.php(190): Illuminate\\Routing\\Router->dispatch(Object(Illuminate\\Http\\Request))
#30 D:\\كورس لارافيل\\contacts\\vendor\\laravel\\framework\\src\\Illuminate\\Pipeline\\Pipeline.php(141): Illuminate\\Foundation\\Http\\Kernel->Illuminate\\Foundation\\Http\\{closure}(Object(Illuminate\\Http\\Request))
#31 D:\\كورس لارافيل\\contacts\\vendor\\laravel\\framework\\src\\Illuminate\\Foundation\\Http\\Middleware\\TransformsRequest.php(21): Illuminate\\Pipeline\\Pipeline->Illuminate\\Pipeline\\{closure}(Object(Illuminate\\Http\\Request))
#32 D:\\كورس لارافيل\\contacts\\vendor\\laravel\\framework\\src\\Illuminate\\Foundation\\Http\\Middleware\\ConvertEmptyStringsToNull.php(31): Illuminate\\Foundation\\Http\\Middleware\\TransformsRequest->handle(Object(Illuminate\\Http\\Request), Object(Closure))
#33 D:\\كورس لارافيل\\contacts\\vendor\\laravel\\framework\\src\\Illuminate\\Pipeline\\Pipeline.php(180): Illuminate\\Foundation\\Http\\Middleware\\ConvertEmptyStringsToNull->handle(Object(Illuminate\\Http\\Request), Object(Closure))
#34 D:\\كورس لارافيل\\contacts\\vendor\\laravel\\framework\\src\\Illuminate\\Foundation\\Http\\Middleware\\TransformsRequest.php(21): Illuminate\\Pipeline\\Pipeline->Illuminate\\Pipeline\\{closure}(Object(Illuminate\\Http\\Request))
#35 D:\\كورس لارافيل\\contacts\\vendor\\laravel\\framework\\src\\Illuminate\\Foundation\\Http\\Middleware\\TrimStrings.php(40): Illuminate\\Foundation\\Http\\Middleware\\TransformsRequest->handle(Object(Illuminate\\Http\\Request), Object(Closure))
#36 D:\\كورس لارافيل\\contacts\\vendor\\laravel\\framework\\src\\Illuminate\\Pipeline\\Pipeline.php(180): Illuminate\\Foundation\\Http\\Middleware\\TrimStrings->handle(Object(Illuminate\\Http\\Request), Object(Closure))
#37 D:\\كورس لارافيل\\contacts\\vendor\\laravel\\framework\\src\\Illuminate\\Foundation\\Http\\Middleware\\ValidatePostSize.php(27): Illuminate\\Pipeline\\Pipeline->Illuminate\\Pipeline\\{closure}(Object(Illuminate\\Http\\Request))
#38 D:\\كورس لارافيل\\contacts\\vendor\\laravel\\framework\\src\\Illuminate\\Pipeline\\Pipeline.php(180): Illuminate\\Foundation\\Http\\Middleware\\ValidatePostSize->handle(Object(Illuminate\\Http\\Request), Object(Closure))
#39 D:\\كورس لارافيل\\contacts\\vendor\\laravel\\framework\\src\\Illuminate\\Foundation\\Http\\Middleware\\PreventRequestsDuringMaintenance.php(86): Illuminate\\Pipeline\\Pipeline->Illuminate\\Pipeline\\{closure}(Object(Illuminate\\Http\\Request))
#40 D:\\كورس لارافيل\\contacts\\vendor\\laravel\\framework\\src\\Illuminate\\Pipeline\\Pipeline.php(180): Illuminate\\Foundation\\Http\\Middleware\\PreventRequestsDuringMaintenance->handle(Object(Illuminate\\Http\\Request), Object(Closure))
#41 D:\\كورس لارافيل\\contacts\\vendor\\fruitcake\\laravel-cors\\src\\HandleCors.php(38): Illuminate\\Pipeline\\Pipeline->Illuminate\\Pipeline\\{closure}(Object(Illuminate\\Http\\Request))
#42 D:\\كورس لارافيل\\contacts\\vendor\\laravel\\framework\\src\\Illuminate\\Pipeline\\Pipeline.php(180): Fruitcake\\Cors\\HandleCors->handle(Object(Illuminate\\Http\\Request), Object(Closure))
#43 D:\\كورس لارافيل\\contacts\\vendor\\laravel\\framework\\src\\Illuminate\\Http\\Middleware\\TrustProxies.php(39): Illuminate\\Pipeline\\Pipeline->Illuminate\\Pipeline\\{closure}(Object(Illuminate\\Http\\Request))
#44 D:\\كورس لارافيل\\contacts\\vendor\\laravel\\framework\\src\\Illuminate\\Pipeline\\Pipeline.php(180): Illuminate\\Http\\Middleware\\TrustProxies->handle(Object(Illuminate\\Http\\Request), Object(Closure))
#45 D:\\كورس لارافيل\\contacts\\vendor\\laravel\\framework\\src\\Illuminate\\Pipeline\\Pipeline.php(116): Illuminate\\Pipeline\\Pipeline->Illuminate\\Pipeline\\{closure}(Object(Illuminate\\Http\\Request))
#46 D:\\كورس لارافيل\\contacts\\vendor\\laravel\\framework\\src\\Illuminate\\Foundation\\Http\\Kernel.php(165): Illuminate\\Pipeline\\Pipeline->then(Object(Closure))
#47 D:\\كورس لارافيل\\contacts\\vendor\\laravel\\framework\\src\\Illuminate\\Foundation\\Http\\Kernel.php(134): Illuminate\\Foundation\\Http\\Kernel->sendRequestThroughRouter(Object(Illuminate\\Http\\Request))
#48 D:\\كورس لارافيل\\contacts\\public\\index.php(52): Illuminate\\Foundation\\Http\\Kernel->handle(Object(Illuminate\\Http\\Request))
#49 D:\\كورس لارافيل\\contacts\\vendor\\laravel\\framework\\src\\Illuminate\\Foundation\\resources\\server.php(16): require_once('D:\\\\\\xD9\\x83\\xD9\\x88\\xD8\\xB1\\xD8\\xB3 \\xD9\\x84\\xD8...')
#50 {main}

[previous exception] [object] (PDOException(code: 23000): SQLSTATE[23000]: Integrity constraint violation: 1048 Column 'name' cannot be null at D:\\كورس لارافيل\\contacts\\vendor\\laravel\\framework\\src\\Illuminate\\Database\\Connection.php:545)
[stacktrace]
#0 D:\\كورس لارافيل\\contacts\\vendor\\laravel\\framework\\src\\Illuminate\\Database\\Connection.php(545): PDOStatement->execute()
#1 D:\\كورس لارافيل\\contacts\\vendor\\laravel\\framework\\src\\Illuminate\\Database\\Connection.php(753): Illuminate\\Database\\Connection->Illuminate\\Database\\{closure}('insert into `co...', Array)
#2 D:\\كورس لارافيل\\contacts\\vendor\\laravel\\framework\\src\\Illuminate\\Database\\Connection.php(720): Illuminate\\Database\\Connection->runQueryCallback('insert into `co...', Array, Object(Closure))
#3 D:\\كورس لارافيل\\contacts\\vendor\\laravel\\framework\\src\\Illuminate\\Database\\Connection.php(546): Illuminate\\Database\\Connection->run('insert into `co...', Array, Object(Closure))
#4 D:\\كورس لارافيل\\contacts\\vendor\\laravel\\framework\\src\\Illuminate\\Database\\Connection.php(498): Illuminate\\Database\\Connection->statement('insert into `co...', Array)
#5 D:\\كورس لارافيل\\contacts\\vendor\\laravel\\framework\\src\\Illuminate\\Database\\Query\\Builder.php(3274): Illuminate\\Database\\Connection->insert('insert into `co...', Array)
#6 D:\\كورس لارافيل\\contacts\\app\\Http\\Controllers\\ContactController.php(24): Illuminate\\Database\\Query\\Builder->insert(Array)
#7 D:\\كورس لارافيل\\contacts\\vendor\\laravel\\framework\\src\\Illuminate\\Routing\\Controller.php(54): App\\Http\\Controllers\\ContactController->create(Object(Illuminate\\Http\\Request))
#8 D:\\كورس لارافيل\\contacts\\vendor\\laravel\\framework\\src\\Illuminate\\Routing\\ControllerDispatcher.php(43): Illuminate\\Routing\\Controller->callAction('create', Array)
#9 D:\\كورس لارافيل\\contacts\\vendor\\laravel\\framework\\src\\Illuminate\\Routing\\Route.php(260): Illuminate\\Routing\\ControllerDispatcher->dispatch(Object(Illuminate\\Routing\\Route), Object(App\\Http\\Controllers\\ContactController), 'create')
#10 D:\\كورس لارافيل\\contacts\\vendor\\laravel\\framework\\src\\Illuminate\\Routing\\Route.php(205): Illuminate\\Routing\\Route->runController()
#11 D:\\كورس لارافيل\\contacts\\vendor\\laravel\\framework\\src\\Illuminate\\Routing\\Router.php(798): Illuminate\\Routing\\Route->run()
#12 D:\\كورس لارافيل\\contacts\\vendor\\laravel\\framework\\src\\Illuminate\\Pipeline\\Pipeline.php(141): Illuminate\\Routing\\Router->Illuminate\\Routing\\{closure}(Object(Illuminate\\Http\\Request))
#13 D:\\كورس لارافيل\\contacts\\vendor\\laravel\\framework\\src\\Illuminate\\Routing\\Middleware\\SubstituteBindings.php(50): Illuminate\\Pipeline\\Pipeline->Illuminate\\Pipeline\\{closure}(Object(Illuminate\\Http\\Request))
#14 D:\\كورس لارافيل\\contacts\\vendor\\laravel\\framework\\src\\Illuminate\\Pipeline\\Pipeline.php(180): Illuminate\\Routing\\Middleware\\SubstituteBindings->handle(Object(Illuminate\\Http\\Request), Object(Closure))
#15 D:\\كورس لارافيل\\contacts\\vendor\\laravel\\framework\\src\\Illuminate\\Foundation\\Http\\Middleware\\VerifyCsrfToken.php(78): Illuminate\\Pipeline\\Pipeline->Illuminate\\Pipeline\\{closure}(Object(Illuminate\\Http\\Request))
#16 D:\\كورس لارافيل\\contacts\\vendor\\laravel\\framework\\src\\Illuminate\\Pipeline\\Pipeline.php(180): Illuminate\\Foundation\\Http\\Middleware\\VerifyCsrfToken->handle(Object(Illuminate\\Http\\Request), Object(Closure))
#17 D:\\كورس لارافيل\\contacts\\vendor\\laravel\\framework\\src\\Illuminate\\View\\Middleware\\ShareErrorsFromSession.php(49): Illuminate\\Pipeline\\Pipeline->Illuminate\\Pipeline\\{closure}(Object(Illuminate\\Http\\Request))
#18 D:\\كورس لارافيل\\contacts\\vendor\\laravel\\framework\\src\\Illuminate\\Pipeline\\Pipeline.php(180): Illuminate\\View\\Middleware\\ShareErrorsFromSession->handle(Object(Illuminate\\Http\\Request), Object(Closure))
#19 D:\\كورس لارافيل\\contacts\\vendor\\laravel\\framework\\src\\Illuminate\\Session\\Middleware\\StartSession.php(121): Illuminate\\Pipeline\\Pipeline->Illuminate\\Pipeline\\{closure}(Object(Illuminate\\Http\\Request))
#20 D:\\كورس لارافيل\\contacts\\vendor\\laravel\\framework\\src\\Illuminate\\Session\\Middleware\\StartSession.php(64): Illuminate\\Session\\Middleware\\StartSession->handleStatefulRequest(Object(Illuminate\\Http\\Request), Object(Illuminate\\Session\\Store), Object(Closure))
#21 D:\\كورس لارافيل\\contacts\\vendor\\laravel\\framework\\src\\Illuminate\\Pipeline\\Pipeline.php(180): Illuminate\\Session\\Middleware\\StartSession->handle(Object(Illuminate\\Http\\Request), Object(Closure))
#22 D:\\كورس لارافيل\\contacts\\vendor\\laravel\\framework\\src\\Illuminate\\Cookie\\Middleware\\AddQueuedCookiesToResponse.php(37): Illuminate\\Pipeline\\Pipeline->Illuminate\\Pipeline\\{closure}(Object(Illuminate\\Http\\Request))
#23 D:\\كورس لارافيل\\contacts\\vendor\\laravel\\framework\\src\\Illuminate\\Pipeline\\Pipeline.php(180): Illuminate\\Cookie\\Middleware\\AddQueuedCookiesToResponse->handle(Object(Illuminate\\Http\\Request), Object(Closure))
#24 D:\\كورس لارافيل\\contacts\\vendor\\laravel\\framework\\src\\Illuminate\\Cookie\\Middleware\\EncryptCookies.php(67): Illuminate\\Pipeline\\Pipeline->Illuminate\\Pipeline\\{closure}(Object(Illuminate\\Http\\Request))
#25 D:\\كورس لارافيل\\contacts\\vendor\\laravel\\framework\\src\\Illuminate\\Pipeline\\Pipeline.php(180): Illuminate\\Cookie\\Middleware\\EncryptCookies->handle(Object(Illuminate\\Http\\Request), Object(Closure))
#26 D:\\كورس لارافيل\\contacts\\vendor\\laravel\\framework\\src\\Illuminate\\Pipeline\\Pipeline.php(116): Illuminate\\Pipeline\\Pipeline->Illuminate\\Pipeline\\{closure}(Object(Illuminate\\Http\\Request))
#27 D:\\كورس لارافيل\\contacts\\vendor\\laravel\\framework\\src\\Illuminate\\Routing\\Router.php(799): Illuminate\\Pipeline\\Pipeline->then(Object(Closure))
#28 D:\\كورس لارافيل\\contacts\\vendor\\laravel\\framework\\src\\Illuminate\\Routing\\Router.php(776): Illuminate\\Routing\\Router->runRouteWithinStack(Object(Illuminate\\Routing\\Route), Object(Illuminate\\Http\\Request))
#29 D:\\كورس لارافيل\\contacts\\vendor\\laravel\\framework\\src\\Illuminate\\Routing\\Router.php(740): Illuminate\\Routing\\Router->runRoute(Object(Illuminate\\Http\\Request), Object(Illuminate\\Routing\\Route))
#30 D:\\كورس لارافيل\\contacts\\vendor\\laravel\\framework\\src\\Illuminate\\Routing\\Router.php(729): Illuminate\\Routing\\Router->dispatchToRoute(Object(Illuminate\\Http\\Request))
#31 D:\\كورس لارافيل\\contacts\\vendor\\laravel\\framework\\src\\Illuminate\\Foundation\\Http\\Kernel.php(190): Illuminate\\Routing\\Router->dispatch(Object(Illuminate\\Http\\Request))
#32 D:\\كورس لارافيل\\contacts\\vendor\\laravel\\framework\\src\\Illuminate\\Pipeline\\Pipeline.php(141): Illuminate\\Foundation\\Http\\Kernel->Illuminate\\Foundation\\Http\\{closure}(Object(Illuminate\\Http\\Request))
#33 D:\\كورس لارافيل\\contacts\\vendor\\laravel\\framework\\src\\Illuminate\\Foundation\\Http\\Middleware\\TransformsRequest.php(21): Illuminate\\Pipeline\\Pipeline->Illuminate\\Pipeline\\{closure}(Object(Illuminate\\Http\\Request))
#34 D:\\كورس لارافيل\\contacts\\vendor\\laravel\\framework\\src\\Illuminate\\Foundation\\Http\\Middleware\\ConvertEmptyStringsToNull.php(31): Illuminate\\Foundation\\Http\\Middleware\\TransformsRequest->handle(Object(Illuminate\\Http\\Request), Object(Closure))
#35 D:\\كورس لارافيل\\contacts\\vendor\\laravel\\framework\\src\\Illuminate\\Pipeline\\Pipeline.php(180): Illuminate\\Foundation\\Http\\Middleware\\ConvertEmptyStringsToNull->handle(Object(Illuminate\\Http\\Request), Object(Closure))
#36 D:\\كورس لارافيل\\contacts\\vendor\\laravel\\framework\\src\\Illuminate\\Foundation\\Http\\Middleware\\TransformsRequest.php(21): Illuminate\\Pipeline\\Pipeline->Illuminate\\Pipeline\\{closure}(Object(Illuminate\\Http\\Request))
#37 D:\\كورس لارافيل\\contacts\\vendor\\laravel\\framework\\src\\Illuminate\\Foundation\\Http\\Middleware\\TrimStrings.php(40): Illuminate\\Foundation\\Http\\Middleware\\TransformsRequest->handle(Object(Illuminate\\Http\\Request), Object(Closure))
#38 D:\\كورس لارافيل\\contacts\\vendor\\laravel\\framework\\src\\Illuminate\\Pipeline\\Pipeline.php(180): Illuminate\\Foundation\\Http\\Middleware\\TrimStrings->handle(Object(Illuminate\\Http\\Request), Object(Closure))
#39 D:\\كورس لارافيل\\contacts\\vendor\\laravel\\framework\\src\\Illuminate\\Foundation\\Http\\Middleware\\ValidatePostSize.php(27): Illuminate\\Pipeline\\Pipeline->Illuminate\\Pipeline\\{closure}(Object(Illuminate\\Http\\Request))
#40 D:\\كورس لارافيل\\contacts\\vendor\\laravel\\framework\\src\\Illuminate\\Pipeline\\Pipeline.php(180): Illuminate\\Foundation\\Http\\Middleware\\ValidatePostSize->handle(Object(Illuminate\\Http\\Request), Object(Closure))
#41 D:\\كورس لارافيل\\contacts\\vendor\\laravel\\framework\\src\\Illuminate\\Foundation\\Http\\Middleware\\PreventRequestsDuringMaintenance.php(86): Illuminate\\Pipeline\\Pipeline->Illuminate\\Pipeline\\{closure}(Object(Illuminate\\Http\\Request))
#42 D:\\كورس لارافيل\\contacts\\vendor\\laravel\\framework\\src\\Illuminate\\Pipeline\\Pipeline.php(180): Illuminate\\Foundation\\Http\\Middleware\\PreventRequestsDuringMaintenance->handle(Object(Illuminate\\Http\\Request), Object(Closure))
#43 D:\\كورس لارافيل\\contacts\\vendor\\fruitcake\\laravel-cors\\src\\HandleCors.php(38): Illuminate\\Pipeline\\Pipeline->Illuminate\\Pipeline\\{closure}(Object(Illuminate\\Http\\Request))
#44 D:\\كورس لارافيل\\contacts\\vendor\\laravel\\framework\\src\\Illuminate\\Pipeline\\Pipeline.php(180): Fruitcake\\Cors\\HandleCors->handle(Object(Illuminate\\Http\\Request), Object(Closure))
#45 D:\\كورس لارافيل\\contacts\\vendor\\laravel\\framework\\src\\Illuminate\\Http\\Middleware\\TrustProxies.php(39): Illuminate\\Pipeline\\Pipeline->Illuminate\\Pipeline\\{closure}(Object(Illuminate\\Http\\Request))
#46 D:\\كورس لارافيل\\contacts\\vendor\\laravel\\framework\\src\\Illuminate\\Pipeline\\Pipeline.php(180): Illuminate\\Http\\Middleware\\TrustProxies->handle(Object(Illuminate\\Http\\Request), Object(Closure))
#47 D:\\كورس لارافيل\\contacts\\vendor\\laravel\\framework\\src\\Illuminate\\Pipeline\\Pipeline.php(116): Illuminate\\Pipeline\\Pipeline->Illuminate\\Pipeline\\{closure}(Object(Illuminate\\Http\\Request))
#48 D:\\كورس لارافيل\\contacts\\vendor\\laravel\\framework\\src\\Illuminate\\Foundation\\Http\\Kernel.php(165): Illuminate\\Pipeline\\Pipeline->then(Object(Closure))
#49 D:\\كورس لارافيل\\contacts\\vendor\\laravel\\framework\\src\\Illuminate\\Foundation\\Http\\Kernel.php(134): Illuminate\\Foundation\\Http\\Kernel->sendRequestThroughRouter(Object(Illuminate\\Http\\Request))
#50 D:\\كورس لارافيل\\contacts\\public\\index.php(52): Illuminate\\Foundation\\Http\\Kernel->handle(Object(Illuminate\\Http\\Request))
#51 D:\\كورس لارافيل\\contacts\\vendor\\laravel\\framework\\src\\Illuminate\\Foundation\\resources\\server.php(16): require_once('D:\\\\\\xD9\\x83\\xD9\\x88\\xD8\\xB1\\xD8\\xB3 \\xD9\\x84\\xD8...')
#52 {main}
"} 
[2026-09-15 00:51:50] local.ERROR: SQLSTATE[23000]: Integrity constraint violation: 1048 Column 'name' cannot be null (SQL: insert into `contacts` (`name`, `email`, `phone`, `category`) values (?, ?, ?, ?)) {"exception":"[object] (Illuminate\\Database\\QueryException(code: 23000): SQLSTATE[23000]: Integrity constraint violation: 1048 Column 'name' cannot be null (SQL: insert into `contacts` (`name`, `email`, `phone`, `category`) values (?, ?, ?, ?)) at D:\\كورس لارافيل\\contacts\\vendor\\laravel\\framework\\src\\Illuminate\\Database\\Connection.php:760)
[stacktrace]
#0 D:\\كورس لارافيل\\contacts\\vendor\\laravel\\framework\\src\\Illuminate\\Database\\Connection.php(720): Illuminate\\Database\\Connection->runQueryCallback('insert into `co...', Array, Object(Closure))
#1 D:\\كورس لارافيل\\contacts\\vendor\\laravel\\framework\\src\\Illuminate\\Database\\Connection.php(546): Illuminate\\Database\\Connection->run('insert into `co...', Array, Object(Closure))
#2 D:\\كورس لارافيل\\contacts\\vendor\\laravel\\framework\\src\\Illuminate\\Database\\Connection.php(498): Illuminate\\Database\\Connection->statement('insert into `co...', Array)
#3 D:\\كورس لارافيل\\contacts\\vendor\\laravel\\framework\\src\\Illuminate\\Database\\Query\\Builder.php(3274): Illuminate\\Database\\Connection->insert('insert into `co...', Array)
#4 D:\\كورس لارافيل\\contacts\\app\\Http\\Controllers\\ContactController.php(24): Illuminate\\Database\\Query\\Builder->insert(Array)
#5 D:\\كورس لارافيل\\contacts\\vendor\\laravel\\framework\\src\\Illuminate\\Routing\\Controller.php(54): App\\Http\\Controllers\\ContactController->create(Object(Illuminate\\Http\\Request))
#6 D:\\كورس لارافيل\\contacts\\vendor\\laravel\\framework\\src\\Illuminate\\Routing\\ControllerDispatcher.php(43): Illuminate\\Routing\\Controller->callAction('create', Array)
#7 D:\\كورس لارافيل\\contacts\\vendor\\laravel\\framework\\src\\Illuminate\\Routing\\Route.php(260): Illuminate\\Routing\\ControllerDispatcher->dispatch(Object(Illuminate\\Routing\\Route), Object(App\\Http\\Controllers\\ContactController), 'create')
#8 D:\\كورس لارافيل\\contacts\\vendor\\laravel\\framework\\src\\Illuminate\\Routing\\Route.php(205): Illuminate\\Routing\\Route->runController()
#9 D:\\كورس لارافيل\\contacts\\vendor\\laravel\\framework\\src\\Illuminate\\Routing\\Router.php(798): Illuminate\\Routing\\Route->run()
#10 D:\\كورس لارافيل\\contacts\\vendor\\laravel\\framework\\src\\Illuminate\\Pipeline\\Pipeline.php(141): Illuminate\\Routing\\Router->Illuminate\\Routing\\{closure}(Object(Illuminate\\Http\\Request))
#11 D:\\كورس لارافيل\\contacts\\vendor\\laravel\\framework\\src\\Illuminate\\Routing\\Middleware\\SubstituteBindings.php(50): Illuminate\\Pipeline\\Pipeline->Illuminate\\Pipeline\\{closure}(Object(Illuminate\\Http\\Request))
#12 D:\\كورس لارافيل\\contacts\\vendor\\laravel\\framework\\src\\Illuminate\\Pipeline\\Pipeline.php(180): Illuminate\\Routing\\Middleware\\SubstituteBindings->handle(Object(Illuminate\\Http\\Request), Object(Closure))
#13 D:\\كورس لارافيل\\contacts\\vendor\\laravel\\framework\\src\\Illuminate\\Foundation\\Http\\Middleware\\VerifyCsrfToken.php(78): Illuminate\\Pipeline\\Pipeline->Illuminate\\Pipeline\\{closure}(Object(Illuminate\\Http\\Request))
#14 D:\\كورس لارافيل\\contacts\\vendor\\laravel\\framework\\src\\Illuminate\\Pipeline\\Pipeline.php(180): Illuminate\\Foundation\\Http\\Middleware\\VerifyCsrfToken->handle(Object(Illuminate\\Http\\Request), Object(Closure))
#15 D:\\كورس لارافيل\\contacts\\vendor\\laravel\\framework\\src\\Illuminate\\View\\Middleware\\ShareErrorsFromSession.php(49): Illuminate\\Pipeline\\Pipeline->Illuminate\\Pipeline\\{closure}(Object(Illuminate\\Http\\Request))
#16 D:\\كورس لارافيل\\contacts\\vendor\\laravel\\framework\\src\\Illuminate\\Pipeline\\Pipeline.php(180): Illuminate\\View\\Middleware\\ShareErrorsFromSession->handle(Object(Illuminate\\Http\\Request), Object(Closure))
#17 D:\\كورس لارافيل\\contacts\\vendor\\laravel\\framework\\src\\Illuminate\\Session\\Middleware\\StartSession.php(121): Illuminate\\Pipeline\\Pipeline->Illuminate\\Pipeline\\{closure}(Object(Illuminate\\Http\\Request))
#18 D:\\كورس لارافيل\\contacts\\vendor\\laravel\\framework\\src\\Illuminate\\Session\\Middleware\\StartSession.php(64): Illuminate\\Session\\Middleware\\StartSession->handleStatefulRequest(Object(Illuminate\\Http\\Request), Object(Illuminate\\Session\\Store), Object(Closure))
#19 D:\\كورس لارافيل\\contacts\\vendor\\laravel\\framework\\src\\Illuminate\\Pipeline\\Pipeline.php(180): Illuminate\\Session\\Middleware\\StartSession->handle(Object(Illuminate\\Http\\Request), Object(Closure))
#20 D:\\كورس لارافيل\\contacts\\vendor\\laravel\\framework\\src\\Illuminate\\Cookie\\Middleware\\AddQueuedCookiesToResponse.php(37): Illuminate\\Pipeline\\Pipeline->Illuminate\\Pipeline\\{closure}(Object(Illuminate\\Http\\Request))
#21 D:\\كورس لارافيل\\contacts\\vendor\\laravel\\framework\\src\\Illuminate\\Pipeline\\Pipeline.php(180): Illuminate\\Cookie\\Middleware\\AddQueuedCookiesToResponse->handle(Object(Illuminate\\Http\\Request), Object(Closure))
#22 D:\\كورس لارافيل\\contacts\\vendor\\laravel\\framework\\src\\Illuminate\\Cookie\\Middleware\\EncryptCookies.php(67): Illuminate\\Pipeline\\Pipeline->Illuminate\\Pipeline\\{closure}(Object(Illuminate\\Http\\Request))
#23 D:\\كورس لارافيل\\contacts\\vendor\\laravel\\framework\\src\\Illuminate\\Pipeline\\Pipeline.php(180): Illuminate\\Cookie\\Middleware\\EncryptCookies->handle(Object(Illuminate\\Http\\Request), Object(Closure))
#24 D:\\كورس لارافيل\\contacts\\vendor\\laravel\\framework\\src\\Illuminate\\Pipeline\\Pipeline.php(116): Illuminate\\Pipeline\\Pipeline->Illuminate\\Pipeline\\{closure}(Object(Illuminate\\Http\\Request))
#25 D:\\كورس لارافيل\\contacts\\vendor\\laravel\\framework\\src\\Illuminate\\Routing\\Router.php(799): Illuminate\\Pipeline\\Pipeline->then(Object(Closure))
#26 D:\\كورس لارافيل\\contacts\\vendor\\laravel\\framework\\src\\Illuminate\\Routing\\Router.php(776): Illuminate\\Routing\\Router->runRouteWithinStack(Object(Illuminate\\Routing\\Route), Object(Illuminate\\Http\\Request))
#27 D:\\كورس لارافيل\\contacts\\vendor\\laravel\\framework\\src\\Illuminate\\Routing\\Router.php(740): Illuminate\\Routing\\Router->runRoute(Object(Illuminate\\Http\\Request), Object(Illuminate\\Routing\\Route))
#28 D:\\كورس لارافيل\\contacts\\vendor\\laravel\\framework\\src\\Illuminate\\Routing\\Router.php(729): Illuminate\\Routing\\Router->dispatchToRoute(Object(Illuminate\\Http\\Request))
#29 D:\\كورس لارافيل\\contacts\\vendor\\laravel\\framework\\src\\Illuminate\\Foundation\\Http\\Kernel.php(190): Illuminate\\Routing\\Router->dispatch(Object(Illuminate\\Http\\Request))
#30 D:\\كورس لارافيل\\contacts\\vendor\\laravel\\framework\\src\\Illuminate\\Pipeline\\Pipeline.php(141): Illuminate\\Foundation\\Http\\Kernel->Illuminate\\Foundation\\Http\\{closure}(Object(Illuminate\\Http\\Request))
#31 D:\\كورس لارافيل\\contacts\\vendor\\laravel\\framework\\src\\Illuminate\\Foundation\\Http\\Middleware\\TransformsRequest.php(21): Illuminate\\Pipeline\\Pipeline->Illuminate\\Pipeline\\{closure}(Object(Illuminate\\Http\\Request))
#32 D:\\كورس لارافيل\\contacts\\vendor\\laravel\\framework\\src\\Illuminate\\Foundation\\Http\\Middleware\\ConvertEmptyStringsToNull.php(31): Illuminate\\Foundation\\Http\\Middleware\\TransformsRequest->handle(Object(Illuminate\\Http\\Request), Object(Closure))
#33 D:\\كورس لارافيل\\contacts\\vendor\\laravel\\framework\\src\\Illuminate\\Pipeline\\Pipeline.php(180): Illuminate\\Foundation\\Http\\Middleware\\ConvertEmptyStringsToNull->handle(Object(Illuminate\\Http\\Request), Object(Closure))
#34 D:\\كورس لارافيل\\contacts\\vendor\\laravel\\framework\\src\\Illuminate\\Foundation\\Http\\Middleware\\TransformsRequest.php(21): Illuminate\\Pipeline\\Pipeline->Illuminate\\Pipeline\\{closure}(Object(Illuminate\\Http\\Request))
#35 D:\\كورس لارافيل\\contacts\\vendor\\laravel\\framework\\src\\Illuminate\\Foundation\\Http\\Middleware\\TrimStrings.php(40): Illuminate\\Foundation\\Http\\Middleware\\TransformsRequest->handle(Object(Illuminate\\Http\\Request), Object(Closure))
#36 D:\\كورس لارافيل\\contacts\\vendor\\laravel\\framework\\src\\Illuminate\\Pipeline\\Pipeline.php(180): Illuminate\\Foundation\\Http\\Middleware\\TrimStrings->handle(Object(Illuminate\\Http\\Request), Object(Closure))
#37 D:\\كورس لارافيل\\contacts\\vendor\\laravel\\framework\\src\\Illuminate\\Foundation\\Http\\Middleware\\ValidatePostSize.php(27): Illuminate\\Pipeline\\Pipeline->Illuminate\\Pipeline\\{closure}(Object(Illuminate\\Http\\Request))
#38 D:\\كورس لارافيل\\contacts\\vendor\\laravel\\framework\\src\\Illuminate\\Pipeline\\Pipeline.php(180): Illuminate\\Foundation\\Http\\Middleware\\ValidatePostSize->handle(Object(Illuminate\\Http\\Request), Object(Closure))
#39 D:\\كورس لارافيل\\contacts\\vendor\\laravel\\framework\\src\\Illuminate\\Foundation\\Http\\Middleware\\PreventRequestsDuringMaintenance.php(86): Illuminate\\Pipeline\\Pipeline->Illuminate\\Pipeline\\{closure}(Object(Illuminate\\Http\\Request))
#40 D:\\كورس لارافيل\\contacts\\vendor\\laravel\\framework\\src\\Illuminate\\Pipeline\\Pipeline.php(180): Illuminate\\Foundation\\Http\\Middleware\\PreventRequestsDuringMaintenance->handle(Object(Illuminate\\Http\\Request), Object(Closure))
#41 D:\\كورس لارافيل\\contacts\\vendor\\fruitcake\\laravel-cors\\src\\HandleCors.php(38): Illuminate\\Pipeline\\Pipeline->Illuminate\\Pipeline\\{closure}(Object(Illuminate\\Http\\Request))
#42 D:\\كورس لارافيل\\contacts\\vendor\\laravel\\framework\\src\\Illuminate\\Pipeline\\Pipeline.php(180): Fruitcake\\Cors\\HandleCors->handle(Object(Illuminate\\Http\\Request), Object(Closure))
#43 D:\\كورس لارافيل\\contacts\\vendor\\laravel\\framework\\src\\Illuminate\\Http\\Middleware\\TrustProxies.php(39): Illuminate\\Pipeline\\Pipeline->Illuminate\\Pipeline\\{closure}(Object(Illuminate\\Http\\Request))
#44 D:\\كورس لارافيل\\contacts\\vendor\\laravel\\framework\\src\\Illuminate\\Pipeline\\Pipeline.php(180): Illuminate\\Http\\Middleware\\TrustProxies->handle(Object(Illuminate\\Http\\Request), Object(Closure))
#45 D:\\كورس لارافيل\\contacts\\vendor\\laravel\\framework\\src\\Illuminate\\Pipeline\\Pipeline.php(116): Illuminate\\Pipeline\\Pipeline->Illuminate\\Pipeline\\{closure}(Object(Illuminate\\Http\\Request))
#46 D:\\كورس لارافيل\\contacts\\vendor\\laravel\\framework\\src\\Illuminate\\Foundation\\Http\\Kernel.php(165): Illuminate\\Pipeline\\Pipeline->then(Object(Closure))
#47 D:\\كورس لارافيل\\contacts\\vendor\\laravel\\framework\\src\\Illuminate\\Foundation\\Http\\Kernel.php(134): Illuminate\\Foundation\\Http\\Kernel->sendRequestThroughRouter(Object(Illuminate\\Http\\Request))
#48 D:\\كورس لارافيل\\contacts\\public\\index.php(52): Illuminate\\Foundation\\Http\\Kernel->handle(Object(Illuminate\\Http\\Request))
#49 D:\\كورس لارافيل\\contacts\\vendor\\laravel\\framework\\src\\Illuminate\\Foundation\\resources\\server.php(16): require_once('D:\\\\\\xD9\\x83\\xD9\\x88\\xD8\\xB1\\xD8\\xB3 \\xD9\\x84\\xD8...')
#50 {main}

[previous exception] [object] (PDOException(code: 23000): SQLSTATE[23000]: Integrity constraint violation: 1048 Column 'name' cannot be null at D:\\كورس لارافيل\\contacts\\vendor\\laravel\\framework\\src\\Illuminate\\Database\\Connection.php:545)
[stacktrace]
#0 D:\\كورس لارافيل\\contacts\\vendor\\laravel\\framework\\src\\Illuminate\\Database\\Connection.php(545): PDOStatement->execute()
#1 D:\\كورس لارافيل\\contacts\\vendor\\laravel\\framework\\src\\Illuminate\\Database\\Connection.php(753): Illuminate\\Database\\Connection->Illuminate\\Database\\{closure}('insert into `co...', Array)
#2 D:\\كورس لارافيل\\contacts\\vendor\\laravel\\framework\\src\\Illuminate\\Database\\Connection.php(720): Illuminate\\Database\\Connection->runQueryCallback('insert into `co...', Array, Object(Closure))
#3 D:\\كورس لارافيل\\contacts\\vendor\\laravel\\framework\\src\\Illuminate\\Database\\Connection.php(546): Illuminate\\Database\\Connection->run('insert into `co...', Array, Object(Closure))
#4 D:\\كورس لارافيل\\contacts\\vendor\\laravel\\framework\\src\\Illuminate\\Database\\Connection.php(498): Illuminate\\Database\\Connection->statement('insert into `co...', Array)
#5 D:\\كورس لارافيل\\contacts\\vendor\\laravel\\framework\\src\\Illuminate\\Database\\Query\\Builder.php(3274): Illuminate\\Database\\Connection->insert('insert into `co...', Array)
#6 D:\\كورس لارافيل\\contacts\\app\\Http\\Controllers\\ContactController.php(24): Illuminate\\Database\\Query\\Builder->insert(Array)
#7 D:\\كورس لارافيل\\contacts\\vendor\\laravel\\framework\\src\\Illuminate\\Routing\\Controller.php(54): App\\Http\\Controllers\\ContactController->create(Object(Illuminate\\Http\\Request))
#8 D:\\كورس لارافيل\\contacts\\vendor\\laravel\\framework\\src\\Illuminate\\Routing\\ControllerDispatcher.php(43): Illuminate\\Routing\\Controller->callAction('create', Array)
#9 D:\\كورس لارافيل\\contacts\\vendor\\laravel\\framework\\src\\Illuminate\\Routing\\Route.php(260): Illuminate\\Routing\\ControllerDispatcher->dispatch(Object(Illuminate\\Routing\\Route), Object(App\\Http\\Controllers\\ContactController), 'create')
#10 D:\\كورس لارافيل\\contacts\\vendor\\laravel\\framework\\src\\Illuminate\\Routing\\Route.php(205): Illuminate\\Routing\\Route->runController()
#11 D:\\كورس لارافيل\\contacts\\vendor\\laravel\\framework\\src\\Illuminate\\Routing\\Router.php(798): Illuminate\\Routing\\Route->run()
#12 D:\\كورس لارافيل\\contacts\\vendor\\laravel\\framework\\src\\Illuminate\\Pipeline\\Pipeline.php(141): Illuminate\\Routing\\Router->Illuminate\\Routing\\{closure}(Object(Illuminate\\Http\\Request))
#13 D:\\كورس لارافيل\\contacts\\vendor\\laravel\\framework\\src\\Illuminate\\Routing\\Middleware\\SubstituteBindings.php(50): Illuminate\\Pipeline\\Pipeline->Illuminate\\Pipeline\\{closure}(Object(Illuminate\\Http\\Request))
#14 D:\\كورس لارافيل\\contacts\\vendor\\laravel\\framework\\src\\Illuminate\\Pipeline\\Pipeline.php(180): Illuminate\\Routing\\Middleware\\SubstituteBindings->handle(Object(Illuminate\\Http\\Request), Object(Closure))
#15 D:\\كورس لارافيل\\contacts\\vendor\\laravel\\framework\\src\\Illuminate\\Foundation\\Http\\Middleware\\VerifyCsrfToken.php(78): Illuminate\\Pipeline\\Pipeline->Illuminate\\Pipeline\\{closure}(Object(Illuminate\\Http\\Request))
#16 D:\\كورس لارافيل\\contacts\\vendor\\laravel\\framework\\src\\Illuminate\\Pipeline\\Pipeline.php(180): Illuminate\\Foundation\\Http\\Middleware\\VerifyCsrfToken->handle(Object(Illuminate\\Http\\Request), Object(Closure))
#17 D:\\كورس لارافيل\\contacts\\vendor\\laravel\\framework\\src\\Illuminate\\View\\Middleware\\ShareErrorsFromSession.php(49): Illuminate\\Pipeline\\Pipeline->Illuminate\\Pipeline\\{closure}(Object(Illuminate\\Http\\Request))
#18 D:\\كورس لارافيل\\contacts\\vendor\\laravel\\framework\\src\\Illuminate\\Pipeline\\Pipeline.php(180): Illuminate\\View\\Middleware\\ShareErrorsFromSession->handle(Object(Illuminate\\Http\\Request), Object(Closure))
#19 D:\\كورس لارافيل\\contacts\\vendor\\laravel\\framework\\src\\Illuminate\\Session\\Middleware\\StartSession.php(121): Illuminate\\Pipeline\\Pipeline->Illuminate\\Pipeline\\{closure}(Object(Illuminate\\Http\\Request))
#20 D:\\كورس لارافيل\\contacts\\vendor\\laravel\\framework\\src\\Illuminate\\Session\\Middleware\\StartSession.php(64): Illuminate\\Session\\Middleware\\StartSession->handleStatefulRequest(Object(Illuminate\\Http\\Request), Object(Illuminate\\Session\\Store), Object(Closure))
#21 D:\\كورس لارافيل\\contacts\\vendor\\laravel\\framework\\src\\Illuminate\\Pipeline\\Pipeline.php(180): Illuminate\\Session\\Middleware\\StartSession->handle(Object(Illuminate\\Http\\Request), Object(Closure))
#22 D:\\كورس لارافيل\\contacts\\vendor\\laravel\\framework\\src\\Illuminate\\Cookie\\Middleware\\AddQueuedCookiesToResponse.php(37): Illuminate\\Pipeline\\Pipeline->Illuminate\\Pipeline\\{closure}(Object(Illuminate\\Http\\Request))
#23 D:\\كورس لارافيل\\contacts\\vendor\\laravel\\framework\\src\\Illuminate\\Pipeline\\Pipeline.php(180): Illuminate\\Cookie\\Middleware\\AddQueuedCookiesToResponse->handle(Object(Illuminate\\Http\\Request), Object(Closure))
#24 D:\\كورس لارافيل\\contacts\\vendor\\laravel\\framework\\src\\Illuminate\\Cookie\\Middleware\\EncryptCookies.php(67): Illuminate\\Pipeline\\Pipeline->Illuminate\\Pipeline\\{closure}(Object(Illuminate\\Http\\Request))
#25 D:\\كورس لارافيل\\contacts\\vendor\\laravel\\framework\\src\\Illuminate\\Pipeline\\Pipeline.php(180): Illuminate\\Cookie\\Middleware\\EncryptCookies->handle(Object(Illuminate\\Http\\Request), Object(Closure))
#26 D:\\كورس لارافيل\\contacts\\vendor\\laravel\\framework\\src\\Illuminate\\Pipeline\\Pipeline.php(116): Illuminate\\Pipeline\\Pipeline->Illuminate\\Pipeline\\{closure}(Object(Illuminate\\Http\\Request))
#27 D:\\كورس لارافيل\\contacts\\vendor\\laravel\\framework\\src\\Illuminate\\Routing\\Router.php(799): Illuminate\\Pipeline\\Pipeline->then(Object(Closure))
#28 D:\\كورس لارافيل\\contacts\\vendor\\laravel\\framework\\src\\Illuminate\\Routing\\Router.php(776): Illuminate\\Routing\\Router->runRouteWithinStack(Object(Illuminate\\Routing\\Route), Object(Illuminate\\Http\\Request))
#29 D:\\كورس لارافيل\\contacts\\vendor\\laravel\\framework\\src\\Illuminate\\Routing\\Router.php(740): Illuminate\\Routing\\Router->runRoute(Object(Illuminate\\Http\\Request), Object(Illuminate\\Routing\\Route))
#30 D:\\كورس لارافيل\\contacts\\vendor\\laravel\\framework\\src\\Illuminate\\Routing\\Router.php(729): Illuminate\\Routing\\Router->dispatchToRoute(Object(Illuminate\\Http\\Request))
#31 D:\\كورس لارافيل\\contacts\\vendor\\laravel\\framework\\src\\Illuminate\\Foundation\\Http\\Kernel.php(190): Illuminate\\Routing\\Router->dispatch(Object(Illuminate\\Http\\Request))
#32 D:\\كورس لارافيل\\contacts\\vendor\\laravel\\framework\\src\\Illuminate\\Pipeline\\Pipeline.php(141): Illuminate\\Foundation\\Http\\Kernel->Illuminate\\Foundation\\Http\\{closure}(Object(Illuminate\\Http\\Request))
#33 D:\\كورس لارافيل\\contacts\\vendor\\laravel\\framework\\src\\Illuminate\\Foundation\\Http\\Middleware\\TransformsRequest.php(21): Illuminate\\Pipeline\\Pipeline->Illuminate\\Pipeline\\{closure}(Object(Illuminate\\Http\\Request))
#34 D:\\كورس لارافيل\\contacts\\vendor\\laravel\\framework\\src\\Illuminate\\Foundation\\Http\\Middleware\\ConvertEmptyStringsToNull.php(31): Illuminate\\Foundation\\Http\\Middleware\\TransformsRequest->handle(Object(Illuminate\\Http\\Request), Object(Closure))
#35 D:\\كورس لارافيل\\contacts\\vendor\\laravel\\framework\\src\\Illuminate\\Pipeline\\Pipeline.php(180): Illuminate\\Foundation\\Http\\Middleware\\ConvertEmptyStringsToNull->handle(Object(Illuminate\\Http\\Request), Object(Closure))
#36 D:\\كورس لارافيل\\contacts\\vendor\\laravel\\framework\\src\\Illuminate\\Foundation\\Http\\Middleware\\TransformsRequest.php(21): Illuminate\\Pipeline\\Pipeline->Illuminate\\Pipeline\\{closure}(Object(Illuminate\\Http\\Request))
#37 D:\\كورس لارافيل\\contacts\\vendor\\laravel\\framework\\src\\Illuminate\\Foundation\\Http\\Middleware\\TrimStrings.php(40): Illuminate\\Foundation\\Http\\Middleware\\TransformsRequest->handle(Object(Illuminate\\Http\\Request), Object(Closure))
#38 D:\\كورس لارافيل\\contacts\\vendor\\laravel\\framework\\src\\Illuminate\\Pipeline\\Pipeline.php(180): Illuminate\\Foundation\\Http\\Middleware\\TrimStrings->handle(Object(Illuminate\\Http\\Request), Object(Closure))
#39 D:\\كورس لارافيل\\contacts\\vendor\\laravel\\framework\\src\\Illuminate\\Foundation\\Http\\Middleware\\ValidatePostSize.php(27): Illuminate\\Pipeline\\Pipeline->Illuminate\\Pipeline\\{closure}(Object(Illuminate\\Http\\Request))
#40 D:\\كورس لارافيل\\contacts\\vendor\\laravel\\framework\\src\\Illuminate\\Pipeline\\Pipeline.php(180): Illuminate\\Foundation\\Http\\Middleware\\ValidatePostSize->handle(Object(Illuminate\\Http\\Request), Object(Closure))
#41 D:\\كورس لارافيل\\contacts\\vendor\\laravel\\framework\\src\\Illuminate\\Foundation\\Http\\Middleware\\PreventRequestsDuringMaintenance.php(86): Illuminate\\Pipeline\\Pipeline->Illuminate\\Pipeline\\{closure}(Object(Illuminate\\Http\\Request))
#42 D:\\كورس لارافيل\\contacts\\vendor\\laravel\\framework\\src\\Illuminate\\Pipeline\\Pipeline.php(180): Illuminate\\Foundation\\Http\\Middleware\\PreventRequestsDuringMaintenance->handle(Object(Illuminate\\Http\\Request), Object(Closure))
#43 D:\\كورس لارافيل\\contacts\\vendor\\fruitcake\\laravel-cors\\src\\HandleCors.php(38): Illuminate\\Pipeline\\Pipeline->Illuminate\\Pipeline\\{closure}(Object(Illuminate\\Http\\Request))
#44 D:\\كورس لارافيل\\contacts\\vendor\\laravel\\framework\\src\\Illuminate\\Pipeline\\Pipeline.php(180): Fruitcake\\Cors\\HandleCors->handle(Object(Illuminate\\Http\\Request), Object(Closure))
#45 D:\\كورس لارافيل\\contacts\\vendor\\laravel\\framework\\src\\Illuminate\\Http\\Middleware\\TrustProxies.php(39): Illuminate\\Pipeline\\Pipeline->Illuminate\\Pipeline\\{closure}(Object(Illuminate\\Http\\Request))
#46 D:\\كورس لارافيل\\contacts\\vendor\\laravel\\framework\\src\\Illuminate\\Pipeline\\Pipeline.php(180): Illuminate\\Http\\Middleware\\TrustProxies->handle(Object(Illuminate\\Http\\Request), Object(Closure))
#47 D:\\كورس لارافيل\\contacts\\vendor\\laravel\\framework\\src\\Illuminate\\Pipeline\\Pipeline.php(116): Illuminate\\Pipeline\\Pipeline->Illuminate\\Pipeline\\{closure}(Object(Illuminate\\Http\\Request))
#48 D:\\كورس لارافيل\\contacts\\vendor\\laravel\\framework\\src\\Illuminate\\Foundation\\Http\\Kernel.php(165): Illuminate\\Pipeline\\Pipeline->then(Object(Closure))
#49 D:\\كورس لارافيل\\contacts\\vendor\\laravel\\framework\\src\\Illuminate\\Foundation\\Http\\Kernel.php(134): Illuminate\\Foundation\\Http\\Kernel->sendRequestThroughRouter(Object(Illuminate\\Http\\Request))
#50 D:\\كورس لارافيل\\contacts\\public\\index.php(52): Illuminate\\Foundation\\Http\\Kernel->handle(Object(Illuminate\\Http\\Request))
#51 D:\\كورس لارافيل\\contacts\\vendor\\laravel\\framework\\src\\Illuminate\\Foundation\\resources\\server.php(16): require_once('D:\\\\\\xD9\\x83\\xD9\\x88\\xD8\\xB1\\xD8\\xB3 \\xD9\\x84\\xD8...')
#52 {main}
"} 
[2026-09-15 00:59:28] local.ERROR: syntax error, unexpected token "endforeach", expecting end of file {"exception":"[object] (Spatie\\LaravelIgnition\\Exceptions\\ViewException(code: 0): syntax error, unexpected token \"endforeach\", expecting end of file at D:\\كورس لارافيل\\contacts\\resources\\views\\index.blade.php:18)
[stacktrace]
#0 D:\\كورس لارافيل\\contacts\\vendor\\laravel\\framework\\src\\Illuminate\\Filesystem\\Filesystem.php(110): Illuminate\\Filesystem\\Filesystem::Illuminate\\Filesystem\\{closure}()
#1 D:\\كورس لارافيل\\contacts\\vendor\\laravel\\framework\\src\\Illuminate\\View\\Engines\\PhpEngine.php(58): Illuminate\\Filesystem\\Filesystem->getRequire('D:\\\\\\xD9\\x83\\xD9\\x88\\xD8\\xB1\\xD8\\xB3 \\xD9\\x84\\xD8...', Array)
#2 D:\\كورس لارافيل\\contacts\\vendor\\laravel\\framework\\src\\Illuminate\\View\\Engines\\CompilerEngine.php(70): Illuminate\\View\\Engines\\PhpEngine->evaluatePath('D:\\\\\\xD9\\x83\\xD9\\x88\\xD8\\xB1\\xD8\\xB3 \\xD9\\x84\\xD8...', Array)
#3 D:\\كورس لارافيل\\contacts\\vendor\\laravel\\framework\\src\\Illuminate\\View\\View.php(195): Illuminate\\View\\Engines\\CompilerEngine->get('D:\\\\\\xD9\\x83\\xD9\\x88\\xD8\\xB1\\xD8\\xB3 \\xD9\\x84\\xD8...', Array)
#4 D:\\كورس لارافيل\\contacts\\vendor\\laravel\\framework\\src\\Illuminate\\View\\View.php(178): Illuminate\\View\\View->getContents()
#5 D:\\كورس لارافيل\\contacts\\vendor\\laravel\\framework\\src\\Illuminate\\View\\View.php(147): Illuminate\\View\\View->renderContents()
#6 D:\\كورس لارافيل\\contacts\\vendor\\laravel\\framework\\src\\Illuminate\\Http\\Response.php(69): Illuminate\\View\\View->render()
#7 D:\\كورس لارافيل\\contacts\\vendor\\laravel\\framework\\src\\Illuminate\\Http\\Response.php(35): Illuminate\\Http\\Response->setContent(Object(Illuminate\\View\\View))
#8 D:\\كورس لارافيل\\contacts\\vendor\\laravel\\framework\\src\\Illuminate\\Routing\\Router.php(906): Illuminate\\Http\\Response->__construct(Object(Illuminate\\View\\View), 200, Array)
#9 D:\\كورس لارافيل\\contacts\\vendor\\laravel\\framework\\src\\Illuminate\\Routing\\Router.php(875): Illuminate\\Routing\\Router::toResponse(Object(Illuminate\\Http\\Request), Object(Illuminate\\View\\View))
#10 D:\\كورس لارافيل\\contacts\\vendor\\laravel\\framework\\src\\Illuminate\\Routing\\Router.php(798): Illuminate\\Routing\\Router->prepareResponse(Object(Illuminate\\Http\\Request), Object(Illuminate\\View\\View))
#11 D:\\كورس لارافيل\\contacts\\vendor\\laravel\\framework\\src\\Illuminate\\Pipeline\\Pipeline.php(141): Illuminate\\Routing\\Router->Illuminate\\Routing\\{closure}(Object(Illuminate\\Http\\Request))
#12 D:\\كورس لارافيل\\contacts\\vendor\\laravel\\framework\\src\\Illuminate\\Routing\\Middleware\\SubstituteBindings.php(50): Illuminate\\Pipeline\\Pipeline->Illuminate\\Pipeline\\{closure}(Object(Illuminate\\Http\\Request))
#13 D:\\كورس لارافيل\\contacts\\vendor\\laravel\\framework\\src\\Illuminate\\Pipeline\\Pipeline.php(180): Illuminate\\Routing\\Middleware\\SubstituteBindings->handle(Object(Illuminate\\Http\\Request), Object(Closure))
#14 D:\\كورس لارافيل\\contacts\\vendor\\laravel\\framework\\src\\Illuminate\\Foundation\\Http\\Middleware\\VerifyCsrfToken.php(78): Illuminate\\Pipeline\\Pipeline->Illuminate\\Pipeline\\{closure}(Object(Illuminate\\Http\\Request))
#15 D:\\كورس لارافيل\\contacts\\vendor\\laravel\\framework\\src\\Illuminate\\Pipeline\\Pipeline.php(180): Illuminate\\Foundation\\Http\\Middleware\\VerifyCsrfToken->handle(Object(Illuminate\\Http\\Request), Object(Closure))
#16 D:\\كورس لارافيل\\contacts\\vendor\\laravel\\framework\\src\\Illuminate\\View\\Middleware\\ShareErrorsFromSession.php(49): Illuminate\\Pipeline\\Pipeline->Illuminate\\Pipeline\\{closure}(Object(Illuminate\\Http\\Request))
#17 D:\\كورس لارافيل\\contacts\\vendor\\laravel\\framework\\src\\Illuminate\\Pipeline\\Pipeline.php(180): Illuminate\\View\\Middleware\\ShareErrorsFromSession->handle(Object(Illuminate\\Http\\Request), Object(Closure))
#18 D:\\كورس لارافيل\\contacts\\vendor\\laravel\\framework\\src\\Illuminate\\Session\\Middleware\\StartSession.php(121): Illuminate\\Pipeline\\Pipeline->Illuminate\\Pipeline\\{closure}(Object(Illuminate\\Http\\Request))
#19 D:\\كورس لارافيل\\contacts\\vendor\\laravel\\framework\\src\\Illuminate\\Session\\Middleware\\StartSession.php(64): Illuminate\\Session\\Middleware\\StartSession->handleStatefulRequest(Object(Illuminate\\Http\\Request), Object(Illuminate\\Session\\Store), Object(Closure))
#20 D:\\كورس لارافيل\\contacts\\vendor\\laravel\\framework\\src\\Illuminate\\Pipeline\\Pipeline.php(180): Illuminate\\Session\\Middleware\\StartSession->handle(Object(Illuminate\\Http\\Request), Object(Closure))
#21 D:\\كورس لارافيل\\contacts\\vendor\\laravel\\framework\\src\\Illuminate\\Cookie\\Middleware\\AddQueuedCookiesToResponse.php(37): Illuminate\\Pipeline\\Pipeline->Illuminate\\Pipeline\\{closure}(Object(Illuminate\\Http\\Request))
#22 D:\\كورس لارافيل\\contacts\\vendor\\laravel\\framework\\src\\Illuminate\\Pipeline\\Pipeline.php(180): Illuminate\\Cookie\\Middleware\\AddQueuedCookiesToResponse->handle(Object(Illuminate\\Http\\Request), Object(Closure))
#23 D:\\كورس لارافيل\\contacts\\vendor\\laravel\\framework\\src\\Illuminate\\Cookie\\Middleware\\EncryptCookies.php(67): Illuminate\\Pipeline\\Pipeline->Illuminate\\Pipeline\\{closure}(Object(Illuminate\\Http\\Request))
#24 D:\\كورس لارافيل\\contacts\\vendor\\laravel\\framework\\src\\Illuminate\\Pipeline\\Pipeline.php(180): Illuminate\\Cookie\\Middleware\\EncryptCookies->handle(Object(Illuminate\\Http\\Request), Object(Closure))
#25 D:\\كورس لارافيل\\contacts\\vendor\\laravel\\framework\\src\\Illuminate\\Pipeline\\Pipeline.php(116): Illuminate\\Pipeline\\Pipeline->Illuminate\\Pipeline\\{closure}(Object(Illuminate\\Http\\Request))
#26 D:\\كورس لارافيل\\contacts\\vendor\\laravel\\framework\\src\\Illuminate\\Routing\\Router.php(799): Illuminate\\Pipeline\\Pipeline->then(Object(Closure))
#27 D:\\كورس لارافيل\\contacts\\vendor\\laravel\\framework\\src\\Illuminate\\Routing\\Router.php(776): Illuminate\\Routing\\Router->runRouteWithinStack(Object(Illuminate\\Routing\\Route), Object(Illuminate\\Http\\Request))
#28 D:\\كورس لارافيل\\contacts\\vendor\\laravel\\framework\\src\\Illuminate\\Routing\\Router.php(740): Illuminate\\Routing\\Router->runRoute(Object(Illuminate\\Http\\Request), Object(Illuminate\\Routing\\Route))
#29 D:\\كورس لارافيل\\contacts\\vendor\\laravel\\framework\\src\\Illuminate\\Routing\\Router.php(729): Illuminate\\Routing\\Router->dispatchToRoute(Object(Illuminate\\Http\\Request))
#30 D:\\كورس لارافيل\\contacts\\vendor\\laravel\\framework\\src\\Illuminate\\Foundation\\Http\\Kernel.php(190): Illuminate\\Routing\\Router->dispatch(Object(Illuminate\\Http\\Request))
#31 D:\\كورس لارافيل\\contacts\\vendor\\laravel\\framework\\src\\Illuminate\\Pipeline\\Pipeline.php(141): Illuminate\\Foundation\\Http\\Kernel->Illuminate\\Foundation\\Http\\{closure}(Object(Illuminate\\Http\\Request))
#32 D:\\كورس لارافيل\\contacts\\vendor\\laravel\\framework\\src\\Illuminate\\Foundation\\Http\\Middleware\\TransformsRequest.php(21): Illuminate\\Pipeline\\Pipeline->Illuminate\\Pipeline\\{closure}(Object(Illuminate\\Http\\Request))
#33 D:\\كورس لارافيل\\contacts\\vendor\\laravel\\framework\\src\\Illuminate\\Foundation\\Http\\Middleware\\ConvertEmptyStringsToNull.php(31): Illuminate\\Foundation\\Http\\Middleware\\TransformsRequest->handle(Object(Illuminate\\Http\\Request), Object(Closure))
#34 D:\\كورس لارافيل\\contacts\\vendor\\laravel\\framework\\src\\Illuminate\\Pipeline\\Pipeline.php(180): Illuminate\\Foundation\\Http\\Middleware\\ConvertEmptyStringsToNull->handle(Object(Illuminate\\Http\\Request), Object(Closure))
#35 D:\\كورس لارافيل\\contacts\\vendor\\laravel\\framework\\src\\Illuminate\\Foundation\\Http\\Middleware\\TransformsRequest.php(21): Illuminate\\Pipeline\\Pipeline->Illuminate\\Pipeline\\{closure}(Object(Illuminate\\Http\\Request))
#36 D:\\كورس لارافيل\\contacts\\vendor\\laravel\\framework\\src\\Illuminate\\Foundation\\Http\\Middleware\\TrimStrings.php(40): Illuminate\\Foundation\\Http\\Middleware\\TransformsRequest->handle(Object(Illuminate\\Http\\Request), Object(Closure))
#37 D:\\كورس لارافيل\\contacts\\vendor\\laravel\\framework\\src\\Illuminate\\Pipeline\\Pipeline.php(180): Illuminate\\Foundation\\Http\\Middleware\\TrimStrings->handle(Object(Illuminate\\Http\\Request), Object(Closure))
#38 D:\\كورس لارافيل\\contacts\\vendor\\laravel\\framework\\src\\Illuminate\\Foundation\\Http\\Middleware\\ValidatePostSize.php(27): Illuminate\\Pipeline\\Pipeline->Illuminate\\Pipeline\\{closure}(Object(Illuminate\\Http\\Request))
#39 D:\\كورس لارافيل\\contacts\\vendor\\laravel\\framework\\src\\Illuminate\\Pipeline\\Pipeline.php(180): Illuminate\\Foundation\\Http\\Middleware\\ValidatePostSize->handle(Object(Illuminate\\Http\\Request), Object(Closure))
#40 D:\\كورس لارافيل\\contacts\\vendor\\laravel\\framework\\src\\Illuminate\\Foundation\\Http\\Middleware\\PreventRequestsDuringMaintenance.php(86): Illuminate\\Pipeline\\Pipeline->Illuminate\\Pipeline\\{closure}(Object(Illuminate\\Http\\Request))
#41 D:\\كورس لارافيل\\contacts\\vendor\\laravel\\framework\\src\\Illuminate\\Pipeline\\Pipeline.php(180): Illuminate\\Foundation\\Http\\Middleware\\PreventRequestsDuringMaintenance->handle(Object(Illuminate\\Http\\Request), Object(Closure))
#42 D:\\كورس لارافيل\\contacts\\vendor\\fruitcake\\laravel-cors\\src\\HandleCors.php(38): Illuminate\\Pipeline\\Pipeline->Illuminate\\Pipeline\\{closure}(Object(Illuminate\\Http\\Request))
#43 D:\\كورس لارافيل\\contacts\\vendor\\laravel\\framework\\src\\Illuminate\\Pipeline\\Pipeline.php(180): Fruitcake\\Cors\\HandleCors->handle(Object(Illuminate\\Http\\Request), Object(Closure))
#44 D:\\كورس لارافيل\\contacts\\vendor\\laravel\\framework\\src\\Illuminate\\Http\\Middleware\\TrustProxies.php(39): Illuminate\\Pipeline\\Pipeline->Illuminate\\Pipeline\\{closure}(Object(Illuminate\\Http\\Request))
#45 D:\\كورس لارافيل\\contacts\\vendor\\laravel\\framework\\src\\Illuminate\\Pipeline\\Pipeline.php(180): Illuminate\\Http\\Middleware\\TrustProxies->handle(Object(Illuminate\\Http\\Request), Object(Closure))
#46 D:\\كورس لارافيل\\contacts\\vendor\\laravel\\framework\\src\\Illuminate\\Pipeline\\Pipeline.php(116): Illuminate\\Pipeline\\Pipeline->Illuminate\\Pipeline\\{closure}(Object(Illuminate\\Http\\Request))
#47 D:\\كورس لارافيل\\contacts\\vendor\\laravel\\framework\\src\\Illuminate\\Foundation\\Http\\Kernel.php(165): Illuminate\\Pipeline\\Pipeline->then(Object(Closure))
#48 D:\\كورس لارافيل\\contacts\\vendor\\laravel\\framework\\src\\Illuminate\\Foundation\\Http\\Kernel.php(134): Illuminate\\Foundation\\Http\\Kernel->sendRequestThroughRouter(Object(Illuminate\\Http\\Request))
#49 D:\\كورس لارافيل\\contacts\\public\\index.php(52): Illuminate\\Foundation\\Http\\Kernel->handle(Object(Illuminate\\Http\\Request))
#50 D:\\كورس لارافيل\\contacts\\vendor\\laravel\\framework\\src\\Illuminate\\Foundation\\resources\\server.php(16): require_once('D:\\\\\\xD9\\x83\\xD9\\x88\\xD8\\xB1\\xD8\\xB3 \\xD9\\x84\\xD8...')
#51 {main}

[previous exception] [object] (ParseError(code: 0): syntax error, unexpected token \"endforeach\", expecting end of file at D:\\كورس لارافيل\\contacts\\storage\\framework\\views\\091c136ef145bd6dcce8b3d184a00eab8021102f.php:18)
[stacktrace]
#0 D:\\كورس لارافيل\\contacts\\vendor\\laravel\\framework\\src\\Illuminate\\Filesystem\\Filesystem.php(110): Illuminate\\Filesystem\\Filesystem::Illuminate\\Filesystem\\{closure}()
#1 D:\\كورس لارافيل\\contacts\\vendor\\laravel\\framework\\src\\Illuminate\\View\\Engines\\PhpEngine.php(58): Illuminate\\Filesystem\\Filesystem->getRequire('D:\\\\\\xD9\\x83\\xD9\\x88\\xD8\\xB1\\xD8\\xB3 \\xD9\\x84\\xD8...', Array)
#2 D:\\كورس لارافيل\\contacts\\vendor\\laravel\\framework\\src\\Illuminate\\View\\Engines\\CompilerEngine.php(70): Illuminate\\View\\Engines\\PhpEngine->evaluatePath('D:\\\\\\xD9\\x83\\xD9\\x88\\xD8\\xB1\\xD8\\xB3 \\xD9\\x84\\xD8...', Array)
#3 D:\\كورس لارافيل\\contacts\\vendor\\laravel\\framework\\src\\Illuminate\\View\\View.php(195): Illuminate\\View\\Engines\\CompilerEngine->get('D:\\\\\\xD9\\x83\\xD9\\x88\\xD8\\xB1\\xD8\\xB3 \\xD9\\x84\\xD8...', Array)
#4 D:\\كورس لارافيل\\contacts\\vendor\\laravel\\framework\\src\\Illuminate\\View\\View.php(178): Illuminate\\View\\View->getContents()
#5 D:\\كورس لارافيل\\contacts\\vendor\\laravel\\framework\\src\\Illuminate\\View\\View.php(147): Illuminate\\View\\View->renderContents()
#6 D:\\كورس لارافيل\\contacts\\vendor\\laravel\\framework\\src\\Illuminate\\Http\\Response.php(69): Illuminate\\View\\View->render()
#7 D:\\كورس لارافيل\\contacts\\vendor\\laravel\\framework\\src\\Illuminate\\Http\\Response.php(35): Illuminate\\Http\\Response->setContent(Object(Illuminate\\View\\View))
#8 D:\\كورس لارافيل\\contacts\\vendor\\laravel\\framework\\src\\Illuminate\\Routing\\Router.php(906): Illuminate\\Http\\Response->__construct(Object(Illuminate\\View\\View), 200, Array)
#9 D:\\كورس لارافيل\\contacts\\vendor\\laravel\\framework\\src\\Illuminate\\Routing\\Router.php(875): Illuminate\\Routing\\Router::toResponse(Object(Illuminate\\Http\\Request), Object(Illuminate\\View\\View))
#10 D:\\كورس لارافيل\\contacts\\vendor\\laravel\\framework\\src\\Illuminate\\Routing\\Router.php(798): Illuminate\\Routing\\Router->prepareResponse(Object(Illuminate\\Http\\Request), Object(Illuminate\\View\\View))
#11 D:\\كورس لارافيل\\contacts\\vendor\\laravel\\framework\\src\\Illuminate\\Pipeline\\Pipeline.php(141): Illuminate\\Routing\\Router->Illuminate\\Routing\\{closure}(Object(Illuminate\\Http\\Request))
#12 D:\\كورس لارافيل\\contacts\\vendor\\laravel\\framework\\src\\Illuminate\\Routing\\Middleware\\SubstituteBindings.php(50): Illuminate\\Pipeline\\Pipeline->Illuminate\\Pipeline\\{closure}(Object(Illuminate\\Http\\Request))
#13 D:\\كورس لارافيل\\contacts\\vendor\\laravel\\framework\\src\\Illuminate\\Pipeline\\Pipeline.php(180): Illuminate\\Routing\\Middleware\\SubstituteBindings->handle(Object(Illuminate\\Http\\Request), Object(Closure))
#14 D:\\كورس لارافيل\\contacts\\vendor\\laravel\\framework\\src\\Illuminate\\Foundation\\Http\\Middleware\\VerifyCsrfToken.php(78): Illuminate\\Pipeline\\Pipeline->Illuminate\\Pipeline\\{closure}(Object(Illuminate\\Http\\Request))
#15 D:\\كورس لارافيل\\contacts\\vendor\\laravel\\framework\\src\\Illuminate\\Pipeline\\Pipeline.php(180): Illuminate\\Foundation\\Http\\Middleware\\VerifyCsrfToken->handle(Object(Illuminate\\Http\\Request), Object(Closure))
#16 D:\\كورس لارافيل\\contacts\\vendor\\laravel\\framework\\src\\Illuminate\\View\\Middleware\\ShareErrorsFromSession.php(49): Illuminate\\Pipeline\\Pipeline->Illuminate\\Pipeline\\{closure}(Object(Illuminate\\Http\\Request))
#17 D:\\كورس لارافيل\\contacts\\vendor\\laravel\\framework\\src\\Illuminate\\Pipeline\\Pipeline.php(180): Illuminate\\View\\Middleware\\ShareErrorsFromSession->handle(Object(Illuminate\\Http\\Request), Object(Closure))
#18 D:\\كورس لارافيل\\contacts\\vendor\\laravel\\framework\\src\\Illuminate\\Session\\Middleware\\StartSession.php(121): Illuminate\\Pipeline\\Pipeline->Illuminate\\Pipeline\\{closure}(Object(Illuminate\\Http\\Request))
#19 D:\\كورس لارافيل\\contacts\\vendor\\laravel\\framework\\src\\Illuminate\\Session\\Middleware\\StartSession.php(64): Illuminate\\Session\\Middleware\\StartSession->handleStatefulRequest(Object(Illuminate\\Http\\Request), Object(Illuminate\\Session\\Store), Object(Closure))
#20 D:\\كورس لارافيل\\contacts\\vendor\\laravel\\framework\\src\\Illuminate\\Pipeline\\Pipeline.php(180): Illuminate\\Session\\Middleware\\StartSession->handle(Object(Illuminate\\Http\\Request), Object(Closure))
#21 D:\\كورس لارافيل\\contacts\\vendor\\laravel\\framework\\src\\Illuminate\\Cookie\\Middleware\\AddQueuedCookiesToResponse.php(37): Illuminate\\Pipeline\\Pipeline->Illuminate\\Pipeline\\{closure}(Object(Illuminate\\Http\\Request))
#22 D:\\كورس لارافيل\\contacts\\vendor\\laravel\\framework\\src\\Illuminate\\Pipeline\\Pipeline.php(180): Illuminate\\Cookie\\Middleware\\AddQueuedCookiesToResponse->handle(Object(Illuminate\\Http\\Request), Object(Closure))
#23 D:\\كورس لارافيل\\contacts\\vendor\\laravel\\framework\\src\\Illuminate\\Cookie\\Middleware\\EncryptCookies.php(67): Illuminate\\Pipeline\\Pipeline->Illuminate\\Pipeline\\{closure}(Object(Illuminate\\Http\\Request))
#24 D:\\كورس لارافيل\\contacts\\vendor\\laravel\\framework\\src\\Illuminate\\Pipeline\\Pipeline.php(180): Illuminate\\Cookie\\Middleware\\EncryptCookies->handle(Object(Illuminate\\Http\\Request), Object(Closure))
#25 D:\\كورس لارافيل\\contacts\\vendor\\laravel\\framework\\src\\Illuminate\\Pipeline\\Pipeline.php(116): Illuminate\\Pipeline\\Pipeline->Illuminate\\Pipeline\\{closure}(Object(Illuminate\\Http\\Request))
#26 D:\\كورس لارافيل\\contacts\\vendor\\laravel\\framework\\src\\Illuminate\\Routing\\Router.php(799): Illuminate\\Pipeline\\Pipeline->then(Object(Closure))
#27 D:\\كورس لارافيل\\contacts\\vendor\\laravel\\framework\\src\\Illuminate\\Routing\\Router.php(776): Illuminate\\Routing\\Router->runRouteWithinStack(Object(Illuminate\\Routing\\Route), Object(Illuminate\\Http\\Request))
#28 D:\\كورس لارافيل\\contacts\\vendor\\laravel\\framework\\src\\Illuminate\\Routing\\Router.php(740): Illuminate\\Routing\\Router->runRoute(Object(Illuminate\\Http\\Request), Object(Illuminate\\Routing\\Route))
#29 D:\\كورس لارافيل\\contacts\\vendor\\laravel\\framework\\src\\Illuminate\\Routing\\Router.php(729): Illuminate\\Routing\\Router->dispatchToRoute(Object(Illuminate\\Http\\Request))
#30 D:\\كورس لارافيل\\contacts\\vendor\\laravel\\framework\\src\\Illuminate\\Foundation\\Http\\Kernel.php(190): Illuminate\\Routing\\Router->dispatch(Object(Illuminate\\Http\\Request))
#31 D:\\كورس لارافيل\\contacts\\vendor\\laravel\\framework\\src\\Illuminate\\Pipeline\\Pipeline.php(141): Illuminate\\Foundation\\Http\\Kernel->Illuminate\\Foundation\\Http\\{closure}(Object(Illuminate\\Http\\Request))
#32 D:\\كورس لارافيل\\contacts\\vendor\\laravel\\framework\\src\\Illuminate\\Foundation\\Http\\Middleware\\TransformsRequest.php(21): Illuminate\\Pipeline\\Pipeline->Illuminate\\Pipeline\\{closure}(Object(Illuminate\\Http\\Request))
#33 D:\\كورس لارافيل\\contacts\\vendor\\laravel\\framework\\src\\Illuminate\\Foundation\\Http\\Middleware\\ConvertEmptyStringsToNull.php(31): Illuminate\\Foundation\\Http\\Middleware\\TransformsRequest->handle(Object(Illuminate\\Http\\Request), Object(Closure))
#34 D:\\كورس لارافيل\\contacts\\vendor\\laravel\\framework\\src\\Illuminate\\Pipeline\\Pipeline.php(180): Illuminate\\Foundation\\Http\\Middleware\\ConvertEmptyStringsToNull->handle(Object(Illuminate\\Http\\Request), Object(Closure))
#35 D:\\كورس لارافيل\\contacts\\vendor\\laravel\\framework\\src\\Illuminate\\Foundation\\Http\\Middleware\\TransformsRequest.php(21): Illuminate\\Pipeline\\Pipeline->Illuminate\\Pipeline\\{closure}(Object(Illuminate\\Http\\Request))
#36 D:\\كورس لارافيل\\contacts\\vendor\\laravel\\framework\\src\\Illuminate\\Foundation\\Http\\Middleware\\TrimStrings.php(40): Illuminate\\Foundation\\Http\\Middleware\\TransformsRequest->handle(Object(Illuminate\\Http\\Request), Object(Closure))
#37 D:\\كورس لارافيل\\contacts\\vendor\\laravel\\framework\\src\\Illuminate\\Pipeline\\Pipeline.php(180): Illuminate\\Foundation\\Http\\Middleware\\TrimStrings->handle(Object(Illuminate\\Http\\Request), Object(Closure))
#38 D:\\كورس لارافيل\\contacts\\vendor\\laravel\\framework\\src\\Illuminate\\Foundation\\Http\\Middleware\\ValidatePostSize.php(27): Illuminate\\Pipeline\\Pipeline->Illuminate\\Pipeline\\{closure}(Object(Illuminate\\Http\\Request))
#39 D:\\كورس لارافيل\\contacts\\vendor\\laravel\\framework\\src\\Illuminate\\Pipeline\\Pipeline.php(180): Illuminate\\Foundation\\Http\\Middleware\\ValidatePostSize->handle(Object(Illuminate\\Http\\Request), Object(Closure))
#40 D:\\كورس لارافيل\\contacts\\vendor\\laravel\\framework\\src\\Illuminate\\Foundation\\Http\\Middleware\\PreventRequestsDuringMaintenance.php(86): Illuminate\\Pipeline\\Pipeline->Illuminate\\Pipeline\\{closure}(Object(Illuminate\\Http\\Request))
#41 D:\\كورس لارافيل\\contacts\\vendor\\laravel\\framework\\src\\Illuminate\\Pipeline\\Pipeline.php(180): Illuminate\\Foundation\\Http\\Middleware\\PreventRequestsDuringMaintenance->handle(Object(Illuminate\\Http\\Request), Object(Closure))
#42 D:\\كورس لارافيل\\contacts\\vendor\\fruitcake\\laravel-cors\\src\\HandleCors.php(38): Illuminate\\Pipeline\\Pipeline->Illuminate\\Pipeline\\{closure}(Object(Illuminate\\Http\\Request))
#43 D:\\كورس لارافيل\\contacts\\vendor\\laravel\\framework\\src\\Illuminate\\Pipeline\\Pipeline.php(180): Fruitcake\\Cors\\HandleCors->handle(Object(Illuminate\\Http\\Request), Object(Closure))
#44 D:\\كورس لارافيل\\contacts\\vendor\\laravel\\framework\\src\\Illuminate\\Http\\Middleware\\TrustProxies.php(39): Illuminate\\Pipeline\\Pipeline->Illuminate\\Pipeline\\{closure}(Object(Illuminate\\Http\\Request))
#45 D:\\كورس لارافيل\\contacts\\vendor\\laravel\\framework\\src\\Illuminate\\Pipeline\\Pipeline.php(180): Illuminate\\Http\\Middleware\\TrustProxies->handle(Object(Illuminate\\Http\\Request), Object(Closure))
#46 D:\\كورس لارافيل\\contacts\\vendor\\laravel\\framework\\src\\Illuminate\\Pipeline\\Pipeline.php(116): Illuminate\\Pipeline\\Pipeline->Illuminate\\Pipeline\\{closure}(Object(Illuminate\\Http\\Request))
#47 D:\\كورس لارافيل\\contacts\\vendor\\laravel\\framework\\src\\Illuminate\\Foundation\\Http\\Kernel.php(165): Illuminate\\Pipeline\\Pipeline->then(Object(Closure))
#48 D:\\كورس لارافيل\\contacts\\vendor\\laravel\\framework\\src\\Illuminate\\Foundation\\Http\\Kernel.php(134): Illuminate\\Foundation\\Http\\Kernel->sendRequestThroughRouter(Object(Illuminate\\Http\\Request))
#49 D:\\كورس لارافيل\\contacts\\public\\index.php(52): Illuminate\\Foundation\\Http\\Kernel->handle(Object(Illuminate\\Http\\Request))
#50 D:\\كورس لارافيل\\contacts\\vendor\\laravel\\framework\\src\\Illuminate\\Foundation\\resources\\server.php(16): require_once('D:\\\\\\xD9\\x83\\xD9\\x88\\xD8\\xB1\\xD8\\xB3 \\xD9\\x84\\xD8...')
#51 {main}
"} 
[2026-09-15 01:06:04] local.ERROR: Undefined variable $contacts {"exception":"[object] (Spatie\\LaravelIgnition\\Exceptions\\ViewException(code: 0): Undefined variable $contacts at D:\\كورس لارافيل\\contacts\\resources\\views\\index.blade.php:11)
[stacktrace]
#0 D:\\كورس لارافيل\\contacts\\vendor\\laravel\\framework\\src\\Illuminate\\Foundation\\Bootstrap\\HandleExceptions.php(270): Illuminate\\Foundation\\Bootstrap\\HandleExceptions->handleError(2, 'Undefined varia...', 'D:\\\\\\xD9\\x83\\xD9\\x88\\xD8\\xB1\\xD8\\xB3 \\xD9\\x84\\xD8...', 11)
#1 D:\\كورس لارافيل\\contacts\\resources\\views\\index.blade.php(11): Illuminate\\Foundation\\Bootstrap\\HandleExceptions->Illuminate\\Foundation\\Bootstrap\\{closure}(2, 'Undefined varia...', 'D:\\\\\\xD9\\x83\\xD9\\x88\\xD8\\xB1\\xD8\\xB3 \\xD9\\x84\\xD8...', 11)
#2 D:\\كورس لارافيل\\contacts\\vendor\\laravel\\framework\\src\\Illuminate\\Filesystem\\Filesystem.php(109): require('D:\\\\\\xD9\\x83\\xD9\\x88\\xD8\\xB1\\xD8\\xB3 \\xD9\\x84\\xD8...')
#3 D:\\كورس لارافيل\\contacts\\vendor\\laravel\\framework\\src\\Illuminate\\Filesystem\\Filesystem.php(110): Illuminate\\Filesystem\\Filesystem::Illuminate\\Filesystem\\{closure}()
#4 D:\\كورس لارافيل\\contacts\\vendor\\laravel\\framework\\src\\Illuminate\\View\\Engines\\PhpEngine.php(58): Illuminate\\Filesystem\\Filesystem->getRequire('D:\\\\\\xD9\\x83\\xD9\\x88\\xD8\\xB1\\xD8\\xB3 \\xD9\\x84\\xD8...', Array)
#5 D:\\كورس لارافيل\\contacts\\vendor\\laravel\\framework\\src\\Illuminate\\View\\Engines\\CompilerEngine.php(70): Illuminate\\View\\Engines\\PhpEngine->evaluatePath('D:\\\\\\xD9\\x83\\xD9\\x88\\xD8\\xB1\\xD8\\xB3 \\xD9\\x84\\xD8...', Array)
#6 D:\\كورس لارافيل\\contacts\\vendor\\laravel\\framework\\src\\Illuminate\\View\\View.php(195): Illuminate\\View\\Engines\\CompilerEngine->get('D:\\\\\\xD9\\x83\\xD9\\x88\\xD8\\xB1\\xD8\\xB3 \\xD9\\x84\\xD8...', Array)
#7 D:\\كورس لارافيل\\contacts\\vendor\\laravel\\framework\\src\\Illuminate\\View\\View.php(178): Illuminate\\View\\View->getContents()
#8 D:\\كورس لارافيل\\contacts\\vendor\\laravel\\framework\\src\\Illuminate\\View\\View.php(147): Illuminate\\View\\View->renderContents()
#9 D:\\كورس لارافيل\\contacts\\vendor\\laravel\\framework\\src\\Illuminate\\Http\\Response.php(69): Illuminate\\View\\View->render()
#10 D:\\كورس لارافيل\\contacts\\vendor\\laravel\\framework\\src\\Illuminate\\Http\\Response.php(35): Illuminate\\Http\\Response->setContent(Object(Illuminate\\View\\View))
#11 D:\\كورس لارافيل\\contacts\\vendor\\laravel\\framework\\src\\Illuminate\\Routing\\Router.php(906): Illuminate\\Http\\Response->__construct(Object(Illuminate\\View\\View), 200, Array)
#12 D:\\كورس لارافيل\\contacts\\vendor\\laravel\\framework\\src\\Illuminate\\Routing\\Router.php(875): Illuminate\\Routing\\Router::toResponse(Object(Illuminate\\Http\\Request), Object(Illuminate\\View\\View))
#13 D:\\كورس لارافيل\\contacts\\vendor\\laravel\\framework\\src\\Illuminate\\Routing\\Router.php(798): Illuminate\\Routing\\Router->prepareResponse(Object(Illuminate\\Http\\Request), Object(Illuminate\\View\\View))
#14 D:\\كورس لارافيل\\contacts\\vendor\\laravel\\framework\\src\\Illuminate\\Pipeline\\Pipeline.php(141): Illuminate\\Routing\\Router->Illuminate\\Routing\\{closure}(Object(Illuminate\\Http\\Request))
#15 D:\\كورس لارافيل\\contacts\\vendor\\laravel\\framework\\src\\Illuminate\\Routing\\Middleware\\SubstituteBindings.php(50): Illuminate\\Pipeline\\Pipeline->Illuminate\\Pipeline\\{closure}(Object(Illuminate\\Http\\Request))
#16 D:\\كورس لارافيل\\contacts\\vendor\\laravel\\framework\\src\\Illuminate\\Pipeline\\Pipeline.php(180): Illuminate\\Routing\\Middleware\\SubstituteBindings->handle(Object(Illuminate\\Http\\Request), Object(Closure))
#17 D:\\كورس لارافيل\\contacts\\vendor\\laravel\\framework\\src\\Illuminate\\Foundation\\Http\\Middleware\\VerifyCsrfToken.php(78): Illuminate\\Pipeline\\Pipeline->Illuminate\\Pipeline\\{closure}(Object(Illuminate\\Http\\Request))
#18 D:\\كورس لارافيل\\contacts\\vendor\\laravel\\framework\\src\\Illuminate\\Pipeline\\Pipeline.php(180): Illuminate\\Foundation\\Http\\Middleware\\VerifyCsrfToken->handle(Object(Illuminate\\Http\\Request), Object(Closure))
#19 D:\\كورس لارافيل\\contacts\\vendor\\laravel\\framework\\src\\Illuminate\\View\\Middleware\\ShareErrorsFromSession.php(49): Illuminate\\Pipeline\\Pipeline->Illuminate\\Pipeline\\{closure}(Object(Illuminate\\Http\\Request))
#20 D:\\كورس لارافيل\\contacts\\vendor\\laravel\\framework\\src\\Illuminate\\Pipeline\\Pipeline.php(180): Illuminate\\View\\Middleware\\ShareErrorsFromSession->handle(Object(Illuminate\\Http\\Request), Object(Closure))
#21 D:\\كورس لارافيل\\contacts\\vendor\\laravel\\framework\\src\\Illuminate\\Session\\Middleware\\StartSession.php(121): Illuminate\\Pipeline\\Pipeline->Illuminate\\Pipeline\\{closure}(Object(Illuminate\\Http\\Request))
#22 D:\\كورس لارافيل\\contacts\\vendor\\laravel\\framework\\src\\Illuminate\\Session\\Middleware\\StartSession.php(64): Illuminate\\Session\\Middleware\\StartSession->handleStatefulRequest(Object(Illuminate\\Http\\Request), Object(Illuminate\\Session\\Store), Object(Closure))
#23 D:\\كورس لارافيل\\contacts\\vendor\\laravel\\framework\\src\\Illuminate\\Pipeline\\Pipeline.php(180): Illuminate\\Session\\Middleware\\StartSession->handle(Object(Illuminate\\Http\\Request), Object(Closure))
#24 D:\\كورس لارافيل\\contacts\\vendor\\laravel\\framework\\src\\Illuminate\\Cookie\\Middleware\\AddQueuedCookiesToResponse.php(37): Illuminate\\Pipeline\\Pipeline->Illuminate\\Pipeline\\{closure}(Object(Illuminate\\Http\\Request))
#25 D:\\كورس لارافيل\\contacts\\vendor\\laravel\\framework\\src\\Illuminate\\Pipeline\\Pipeline.php(180): Illuminate\\Cookie\\Middleware\\AddQueuedCookiesToResponse->handle(Object(Illuminate\\Http\\Request), Object(Closure))
#26 D:\\كورس لارافيل\\contacts\\vendor\\laravel\\framework\\src\\Illuminate\\Cookie\\Middleware\\EncryptCookies.php(67): Illuminate\\Pipeline\\Pipeline->Illuminate\\Pipeline\\{closure}(Object(Illuminate\\Http\\Request))
#27 D:\\كورس لارافيل\\contacts\\vendor\\laravel\\framework\\src\\Illuminate\\Pipeline\\Pipeline.php(180): Illuminate\\Cookie\\Middleware\\EncryptCookies->handle(Object(Illuminate\\Http\\Request), Object(Closure))
#28 D:\\كورس لارافيل\\contacts\\vendor\\laravel\\framework\\src\\Illuminate\\Pipeline\\Pipeline.php(116): Illuminate\\Pipeline\\Pipeline->Illuminate\\Pipeline\\{closure}(Object(Illuminate\\Http\\Request))
#29 D:\\كورس لارافيل\\contacts\\vendor\\laravel\\framework\\src\\Illuminate\\Routing\\Router.php(799): Illuminate\\Pipeline\\Pipeline->then(Object(Closure))
#30 D:\\كورس لارافيل\\contacts\\vendor\\laravel\\framework\\src\\Illuminate\\Routing\\Router.php(776): Illuminate\\Routing\\Router->runRouteWithinStack(Object(Illuminate\\Routing\\Route), Object(Illuminate\\Http\\Request))
#31 D:\\كورس لارافيل\\contacts\\vendor\\laravel\\framework\\src\\Illuminate\\Routing\\Router.php(740): Illuminate\\Routing\\Router->runRoute(Object(Illuminate\\Http\\Request), Object(Illuminate\\Routing\\Route))
#32 D:\\كورس لارافيل\\contacts\\vendor\\laravel\\framework\\src\\Illuminate\\Routing\\Router.php(729): Illuminate\\Routing\\Router->dispatchToRoute(Object(Illuminate\\Http\\Request))
#33 D:\\كورس لارافيل\\contacts\\vendor\\laravel\\framework\\src\\Illuminate\\Foundation\\Http\\Kernel.php(190): Illuminate\\Routing\\Router->dispatch(Object(Illuminate\\Http\\Request))
#34 D:\\كورس لارافيل\\contacts\\vendor\\laravel\\framework\\src\\Illuminate\\Pipeline\\Pipeline.php(141): Illuminate\\Foundation\\Http\\Kernel->Illuminate\\Foundation\\Http\\{closure}(Object(Illuminate\\Http\\Request))
#35 D:\\كورس لارافيل\\contacts\\vendor\\laravel\\framework\\src\\Illuminate\\Foundation\\Http\\Middleware\\TransformsRequest.php(21): Illuminate\\Pipeline\\Pipeline->Illuminate\\Pipeline\\{closure}(Object(Illuminate\\Http\\Request))
#36 D:\\كورس لارافيل\\contacts\\vendor\\laravel\\framework\\src\\Illuminate\\Foundation\\Http\\Middleware\\ConvertEmptyStringsToNull.php(31): Illuminate\\Foundation\\Http\\Middleware\\TransformsRequest->handle(Object(Illuminate\\Http\\Request), Object(Closure))
#37 D:\\كورس لارافيل\\contacts\\vendor\\laravel\\framework\\src\\Illuminate\\Pipeline\\Pipeline.php(180): Illuminate\\Foundation\\Http\\Middleware\\ConvertEmptyStringsToNull->handle(Object(Illuminate\\Http\\Request), Object(Closure))
#38 D:\\كورس لارافيل\\contacts\\vendor\\laravel\\framework\\src\\Illuminate\\Foundation\\Http\\Middleware\\TransformsRequest.php(21): Illuminate\\Pipeline\\Pipeline->Illuminate\\Pipeline\\{closure}(Object(Illuminate\\Http\\Request))
#39 D:\\كورس لارافيل\\contacts\\vendor\\laravel\\framework\\src\\Illuminate\\Foundation\\Http\\Middleware\\TrimStrings.php(40): Illuminate\\Foundation\\Http\\Middleware\\TransformsRequest->handle(Object(Illuminate\\Http\\Request), Object(Closure))
#40 D:\\كورس لارافيل\\contacts\\vendor\\laravel\\framework\\src\\Illuminate\\Pipeline\\Pipeline.php(180): Illuminate\\Foundation\\Http\\Middleware\\TrimStrings->handle(Object(Illuminate\\Http\\Request), Object(Closure))
#41 D:\\كورس لارافيل\\contacts\\vendor\\laravel\\framework\\src\\Illuminate\\Foundation\\Http\\Middleware\\ValidatePostSize.php(27): Illuminate\\Pipeline\\Pipeline->Illuminate\\Pipeline\\{closure}(Object(Illuminate\\Http\\Request))
#42 D:\\كورس لارافيل\\contacts\\vendor\\laravel\\framework\\src\\Illuminate\\Pipeline\\Pipeline.php(180): Illuminate\\Foundation\\Http\\Middleware\\ValidatePostSize->handle(Object(Illuminate\\Http\\Request), Object(Closure))
#43 D:\\كورس لارافيل\\contacts\\vendor\\laravel\\framework\\src\\Illuminate\\Foundation\\Http\\Middleware\\PreventRequestsDuringMaintenance.php(86): Illuminate\\Pipeline\\Pipeline->Illuminate\\Pipeline\\{closure}(Object(Illuminate\\Http\\Request))
#44 D:\\كورس لارافيل\\contacts\\vendor\\laravel\\framework\\src\\Illuminate\\Pipeline\\Pipeline.php(180): Illuminate\\Foundation\\Http\\Middleware\\PreventRequestsDuringMaintenance->handle(Object(Illuminate\\Http\\Request), Object(Closure))
#45 D:\\كورس لارافيل\\contacts\\vendor\\fruitcake\\laravel-cors\\src\\HandleCors.php(38): Illuminate\\Pipeline\\Pipeline->Illuminate\\Pipeline\\{closure}(Object(Illuminate\\Http\\Request))
#46 D:\\كورس لارافيل\\contacts\\vendor\\laravel\\framework\\src\\Illuminate\\Pipeline\\Pipeline.php(180): Fruitcake\\Cors\\HandleCors->handle(Object(Illuminate\\Http\\Request), Object(Closure))
#47 D:\\كورس لارافيل\\contacts\\vendor\\laravel\\framework\\src\\Illuminate\\Http\\Middleware\\TrustProxies.php(39): Illuminate\\Pipeline\\Pipeline->Illuminate\\Pipeline\\{closure}(Object(Illuminate\\Http\\Request))
#48 D:\\كورس لارافيل\\contacts\\vendor\\laravel\\framework\\src\\Illuminate\\Pipeline\\Pipeline.php(180): Illuminate\\Http\\Middleware\\TrustProxies->handle(Object(Illuminate\\Http\\Request), Object(Closure))
#49 D:\\كورس لارافيل\\contacts\\vendor\\laravel\\framework\\src\\Illuminate\\Pipeline\\Pipeline.php(116): Illuminate\\Pipeline\\Pipeline->Illuminate\\Pipeline\\{closure}(Object(Illuminate\\Http\\Request))
#50 D:\\كورس لارافيل\\contacts\\vendor\\laravel\\framework\\src\\Illuminate\\Foundation\\Http\\Kernel.php(165): Illuminate\\Pipeline\\Pipeline->then(Object(Closure))
#51 D:\\كورس لارافيل\\contacts\\vendor\\laravel\\framework\\src\\Illuminate\\Foundation\\Http\\Kernel.php(134): Illuminate\\Foundation\\Http\\Kernel->sendRequestThroughRouter(Object(Illuminate\\Http\\Request))
#52 D:\\كورس لارافيل\\contacts\\public\\index.php(52): Illuminate\\Foundation\\Http\\Kernel->handle(Object(Illuminate\\Http\\Request))
#53 D:\\كورس لارافيل\\contacts\\vendor\\laravel\\framework\\src\\Illuminate\\Foundation\\resources\\server.php(16): require_once('D:\\\\\\xD9\\x83\\xD9\\x88\\xD8\\xB1\\xD8\\xB3 \\xD9\\x84\\xD8...')
#54 {main}

[previous exception] [object] (ErrorException(code: 0): Undefined variable $contacts at D:\\كورس لارافيل\\contacts\\storage\\framework\\views\\091c136ef145bd6dcce8b3d184a00eab8021102f.php:11)
[stacktrace]
#0 D:\\كورس لارافيل\\contacts\\vendor\\laravel\\framework\\src\\Illuminate\\Foundation\\Bootstrap\\HandleExceptions.php(270): Illuminate\\Foundation\\Bootstrap\\HandleExceptions->handleError(2, 'Undefined varia...', 'D:\\\\\\xD9\\x83\\xD9\\x88\\xD8\\xB1\\xD8\\xB3 \\xD9\\x84\\xD8...', 11)
#1 D:\\كورس لارافيل\\contacts\\storage\\framework\\views\\091c136ef145bd6dcce8b3d184a00eab8021102f.php(11): Illuminate\\Foundation\\Bootstrap\\HandleExceptions->Illuminate\\Foundation\\Bootstrap\\{closure}(2, 'Undefined varia...', 'D:\\\\\\xD9\\x83\\xD9\\x88\\xD8\\xB1\\xD8\\xB3 \\xD9\\x84\\xD8...', 11)
#2 D:\\كورس لارافيل\\contacts\\vendor\\laravel\\framework\\src\\Illuminate\\Filesystem\\Filesystem.php(109): require('D:\\\\\\xD9\\x83\\xD9\\x88\\xD8\\xB1\\xD8\\xB3 \\xD9\\x84\\xD8...')
#3 D:\\كورس لارافيل\\contacts\\vendor\\laravel\\framework\\src\\Illuminate\\Filesystem\\Filesystem.php(110): Illuminate\\Filesystem\\Filesystem::Illuminate\\Filesystem\\{closure}()
#4 D:\\كورس لارافيل\\contacts\\vendor\\laravel\\framework\\src\\Illuminate\\View\\Engines\\PhpEngine.php(58): Illuminate\\Filesystem\\Filesystem->getRequire('D:\\\\\\xD9\\x83\\xD9\\x88\\xD8\\xB1\\xD8\\xB3 \\xD9\\x84\\xD8...', Array)
#5 D:\\كورس لارافيل\\contacts\\vendor\\laravel\\framework\\src\\Illuminate\\View\\Engines\\CompilerEngine.php(70): Illuminate\\View\\Engines\\PhpEngine->evaluatePath('D:\\\\\\xD9\\x83\\xD9\\x88\\xD8\\xB1\\xD8\\xB3 \\xD9\\x84\\xD8...', Array)
#6 D:\\كورس لارافيل\\contacts\\vendor\\laravel\\framework\\src\\Illuminate\\View\\View.php(195): Illuminate\\View\\Engines\\CompilerEngine->get('D:\\\\\\xD9\\x83\\xD9\\x88\\xD8\\xB1\\xD8\\xB3 \\xD9\\x84\\xD8...', Array)
#7 D:\\كورس لارافيل\\contacts\\vendor\\laravel\\framework\\src\\Illuminate\\View\\View.php(178): Illuminate\\View\\View->getContents()
#8 D:\\كورس لارافيل\\contacts\\vendor\\laravel\\framework\\src\\Illuminate\\View\\View.php(147): Illuminate\\View\\View->renderContents()
#9 D:\\كورس لارافيل\\contacts\\vendor\\laravel\\framework\\src\\Illuminate\\Http\\Response.php(69): Illuminate\\View\\View->render()
#10 D:\\كورس لارافيل\\contacts\\vendor\\laravel\\framework\\src\\Illuminate\\Http\\Response.php(35): Illuminate\\Http\\Response->setContent(Object(Illuminate\\View\\View))
#11 D:\\كورس لارافيل\\contacts\\vendor\\laravel\\framework\\src\\Illuminate\\Routing\\Router.php(906): Illuminate\\Http\\Response->__construct(Object(Illuminate\\View\\View), 200, Array)
#12 D:\\كورس لارافيل\\contacts\\vendor\\laravel\\framework\\src\\Illuminate\\Routing\\Router.php(875): Illuminate\\Routing\\Router::toResponse(Object(Illuminate\\Http\\Request), Object(Illuminate\\View\\View))
#13 D:\\كورس لارافيل\\contacts\\vendor\\laravel\\framework\\src\\Illuminate\\Routing\\Router.php(798): Illuminate\\Routing\\Router->prepareResponse(Object(Illuminate\\Http\\Request), Object(Illuminate\\View\\View))
#14 D:\\كورس لارافيل\\contacts\\vendor\\laravel\\framework\\src\\Illuminate\\Pipeline\\Pipeline.php(141): Illuminate\\Routing\\Router->Illuminate\\Routing\\{closure}(Object(Illuminate\\Http\\Request))
#15 D:\\كورس لارافيل\\contacts\\vendor\\laravel\\framework\\src\\Illuminate\\Routing\\Middleware\\SubstituteBindings.php(50): Illuminate\\Pipeline\\Pipeline->Illuminate\\Pipeline\\{closure}(Object(Illuminate\\Http\\Request))
#16 D:\\كورس لارافيل\\contacts\\vendor\\laravel\\framework\\src\\Illuminate\\Pipeline\\Pipeline.php(180): Illuminate\\Routing\\Middleware\\SubstituteBindings->handle(Object(Illuminate\\Http\\Request), Object(Closure))
#17 D:\\كورس لارافيل\\contacts\\vendor\\laravel\\framework\\src\\Illuminate\\Foundation\\Http\\Middleware\\VerifyCsrfToken.php(78): Illuminate\\Pipeline\\Pipeline->Illuminate\\Pipeline\\{closure}(Object(Illuminate\\Http\\Request))
#18 D:\\كورس لارافيل\\contacts\\vendor\\laravel\\framework\\src\\Illuminate\\Pipeline\\Pipeline.php(180): Illuminate\\Foundation\\Http\\Middleware\\VerifyCsrfToken->handle(Object(Illuminate\\Http\\Request), Object(Closure))
#19 D:\\كورس لارافيل\\contacts\\vendor\\laravel\\framework\\src\\Illuminate\\View\\Middleware\\ShareErrorsFromSession.php(49): Illuminate\\Pipeline\\Pipeline->Illuminate\\Pipeline\\{closure}(Object(Illuminate\\Http\\Request))
#20 D:\\كورس لارافيل\\contacts\\vendor\\laravel\\framework\\src\\Illuminate\\Pipeline\\Pipeline.php(180): Illuminate\\View\\Middleware\\ShareErrorsFromSession->handle(Object(Illuminate\\Http\\Request), Object(Closure))
#21 D:\\كورس لارافيل\\contacts\\vendor\\laravel\\framework\\src\\Illuminate\\Session\\Middleware\\StartSession.php(121): Illuminate\\Pipeline\\Pipeline->Illuminate\\Pipeline\\{closure}(Object(Illuminate\\Http\\Request))
#22 D:\\كورس لارافيل\\contacts\\vendor\\laravel\\framework\\src\\Illuminate\\Session\\Middleware\\StartSession.php(64): Illuminate\\Session\\Middleware\\StartSession->handleStatefulRequest(Object(Illuminate\\Http\\Request), Object(Illuminate\\Session\\Store), Object(Closure))
#23 D:\\كورس لارافيل\\contacts\\vendor\\laravel\\framework\\src\\Illuminate\\Pipeline\\Pipeline.php(180): Illuminate\\Session\\Middleware\\StartSession->handle(Object(Illuminate\\Http\\Request), Object(Closure))
#24 D:\\كورس لارافيل\\contacts\\vendor\\laravel\\framework\\src\\Illuminate\\Cookie\\Middleware\\AddQueuedCookiesToResponse.php(37): Illuminate\\Pipeline\\Pipeline->Illuminate\\Pipeline\\{closure}(Object(Illuminate\\Http\\Request))
#25 D:\\كورس لارافيل\\contacts\\vendor\\laravel\\framework\\src\\Illuminate\\Pipeline\\Pipeline.php(180): Illuminate\\Cookie\\Middleware\\AddQueuedCookiesToResponse->handle(Object(Illuminate\\Http\\Request), Object(Closure))
#26 D:\\كورس لارافيل\\contacts\\vendor\\laravel\\framework\\src\\Illuminate\\Cookie\\Middleware\\EncryptCookies.php(67): Illuminate\\Pipeline\\Pipeline->Illuminate\\Pipeline\\{closure}(Object(Illuminate\\Http\\Request))
#27 D:\\كورس لارافيل\\contacts\\vendor\\laravel\\framework\\src\\Illuminate\\Pipeline\\Pipeline.php(180): Illuminate\\Cookie\\Middleware\\EncryptCookies->handle(Object(Illuminate\\Http\\Request), Object(Closure))
#28 D:\\كورس لارافيل\\contacts\\vendor\\laravel\\framework\\src\\Illuminate\\Pipeline\\Pipeline.php(116): Illuminate\\Pipeline\\Pipeline->Illuminate\\Pipeline\\{closure}(Object(Illuminate\\Http\\Request))
#29 D:\\كورس لارافيل\\contacts\\vendor\\laravel\\framework\\src\\Illuminate\\Routing\\Router.php(799): Illuminate\\Pipeline\\Pipeline->then(Object(Closure))
#30 D:\\كورس لارافيل\\contacts\\vendor\\laravel\\framework\\src\\Illuminate\\Routing\\Router.php(776): Illuminate\\Routing\\Router->runRouteWithinStack(Object(Illuminate\\Routing\\Route), Object(Illuminate\\Http\\Request))
#31 D:\\كورس لارافيل\\contacts\\vendor\\laravel\\framework\\src\\Illuminate\\Routing\\Router.php(740): Illuminate\\Routing\\Router->runRoute(Object(Illuminate\\Http\\Request), Object(Illuminate\\Routing\\Route))
#32 D:\\كورس لارافيل\\contacts\\vendor\\laravel\\framework\\src\\Illuminate\\Routing\\Router.php(729): Illuminate\\Routing\\Router->dispatchToRoute(Object(Illuminate\\Http\\Request))
#33 D:\\كورس لارافيل\\contacts\\vendor\\laravel\\framework\\src\\Illuminate\\Foundation\\Http\\Kernel.php(190): Illuminate\\Routing\\Router->dispatch(Object(Illuminate\\Http\\Request))
#34 D:\\كورس لارافيل\\contacts\\vendor\\laravel\\framework\\src\\Illuminate\\Pipeline\\Pipeline.php(141): Illuminate\\Foundation\\Http\\Kernel->Illuminate\\Foundation\\Http\\{closure}(Object(Illuminate\\Http\\Request))
#35 D:\\كورس لارافيل\\contacts\\vendor\\laravel\\framework\\src\\Illuminate\\Foundation\\Http\\Middleware\\TransformsRequest.php(21): Illuminate\\Pipeline\\Pipeline->Illuminate\\Pipeline\\{closure}(Object(Illuminate\\Http\\Request))
#36 D:\\كورس لارافيل\\contacts\\vendor\\laravel\\framework\\src\\Illuminate\\Foundation\\Http\\Middleware\\ConvertEmptyStringsToNull.php(31): Illuminate\\Foundation\\Http\\Middleware\\TransformsRequest->handle(Object(Illuminate\\Http\\Request), Object(Closure))
#37 D:\\كورس لارافيل\\contacts\\vendor\\laravel\\framework\\src\\Illuminate\\Pipeline\\Pipeline.php(180): Illuminate\\Foundation\\Http\\Middleware\\ConvertEmptyStringsToNull->handle(Object(Illuminate\\Http\\Request), Object(Closure))
#38 D:\\كورس لارافيل\\contacts\\vendor\\laravel\\framework\\src\\Illuminate\\Foundation\\Http\\Middleware\\TransformsRequest.php(21): Illuminate\\Pipeline\\Pipeline->Illuminate\\Pipeline\\{closure}(Object(Illuminate\\Http\\Request))
#39 D:\\كورس لارافيل\\contacts\\vendor\\laravel\\framework\\src\\Illuminate\\Foundation\\Http\\Middleware\\TrimStrings.php(40): Illuminate\\Foundation\\Http\\Middleware\\TransformsRequest->handle(Object(Illuminate\\Http\\Request), Object(Closure))
#40 D:\\كورس لارافيل\\contacts\\vendor\\laravel\\framework\\src\\Illuminate\\Pipeline\\Pipeline.php(180): Illuminate\\Foundation\\Http\\Middleware\\TrimStrings->handle(Object(Illuminate\\Http\\Request), Object(Closure))
#41 D:\\كورس لارافيل\\contacts\\vendor\\laravel\\framework\\src\\Illuminate\\Foundation\\Http\\Middleware\\ValidatePostSize.php(27): Illuminate\\Pipeline\\Pipeline->Illuminate\\Pipeline\\{closure}(Object(Illuminate\\Http\\Request))
#42 D:\\كورس لارافيل\\contacts\\vendor\\laravel\\framework\\src\\Illuminate\\Pipeline\\Pipeline.php(180): Illuminate\\Foundation\\Http\\Middleware\\ValidatePostSize->handle(Object(Illuminate\\Http\\Request), Object(Closure))
#43 D:\\كورس لارافيل\\contacts\\vendor\\laravel\\framework\\src\\Illuminate\\Foundation\\Http\\Middleware\\PreventRequestsDuringMaintenance.php(86): Illuminate\\Pipeline\\Pipeline->Illuminate\\Pipeline\\{closure}(Object(Illuminate\\Http\\Request))
#44 D:\\كورس لارافيل\\contacts\\vendor\\laravel\\framework\\src\\Illuminate\\Pipeline\\Pipeline.php(180): Illuminate\\Foundation\\Http\\Middleware\\PreventRequestsDuringMaintenance->handle(Object(Illuminate\\Http\\Request), Object(Closure))
#45 D:\\كورس لارافيل\\contacts\\vendor\\fruitcake\\laravel-cors\\src\\HandleCors.php(38): Illuminate\\Pipeline\\Pipeline->Illuminate\\Pipeline\\{closure}(Object(Illuminate\\Http\\Request))
#46 D:\\كورس لارافيل\\contacts\\vendor\\laravel\\framework\\src\\Illuminate\\Pipeline\\Pipeline.php(180): Fruitcake\\Cors\\HandleCors->handle(Object(Illuminate\\Http\\Request), Object(Closure))
#47 D:\\كورس لارافيل\\contacts\\vendor\\laravel\\framework\\src\\Illuminate\\Http\\Middleware\\TrustProxies.php(39): Illuminate\\Pipeline\\Pipeline->Illuminate\\Pipeline\\{closure}(Object(Illuminate\\Http\\Request))
#48 D:\\كورس لارافيل\\contacts\\vendor\\laravel\\framework\\src\\Illuminate\\Pipeline\\Pipeline.php(180): Illuminate\\Http\\Middleware\\TrustProxies->handle(Object(Illuminate\\Http\\Request), Object(Closure))
#49 D:\\كورس لارافيل\\contacts\\vendor\\laravel\\framework\\src\\Illuminate\\Pipeline\\Pipeline.php(116): Illuminate\\Pipeline\\Pipeline->Illuminate\\Pipeline\\{closure}(Object(Illuminate\\Http\\Request))
#50 D:\\كورس لارافيل\\contacts\\vendor\\laravel\\framework\\src\\Illuminate\\Foundation\\Http\\Kernel.php(165): Illuminate\\Pipeline\\Pipeline->then(Object(Closure))
#51 D:\\كورس لارافيل\\contacts\\vendor\\laravel\\framework\\src\\Illuminate\\Foundation\\Http\\Kernel.php(134): Illuminate\\Foundation\\Http\\Kernel->sendRequestThroughRouter(Object(Illuminate\\Http\\Request))
#52 D:\\كورس لارافيل\\contacts\\public\\index.php(52): Illuminate\\Foundation\\Http\\Kernel->handle(Object(Illuminate\\Http\\Request))
#53 D:\\كورس لارافيل\\contacts\\vendor\\laravel\\framework\\src\\Illuminate\\Foundation\\resources\\server.php(16): require_once('D:\\\\\\xD9\\x83\\xD9\\x88\\xD8\\xB1\\xD8\\xB3 \\xD9\\x84\\xD8...')
#54 {main}
"} 
[2026-09-15 01:09:18] local.ERROR: Route [contact.index] not defined. {"exception":"[object] (Symfony\\Component\\Routing\\Exception\\RouteNotFoundException(code: 0): Route [contact.index] not defined. at D:\\كورس لارافيل\\contacts\\vendor\\laravel\\framework\\src\\Illuminate\\Routing\\UrlGenerator.php:467)
[stacktrace]
#0 D:\\كورس لارافيل\\contacts\\vendor\\laravel\\framework\\src\\Illuminate\\Routing\\Redirector.php(167): Illuminate\\Routing\\UrlGenerator->route('contact.index', Array)
#1 D:\\كورس لارافيل\\contacts\\app\\Http\\Controllers\\ContactController.php(41): Illuminate\\Routing\\Redirector->route('contact.index')
#2 D:\\كورس لارافيل\\contacts\\vendor\\laravel\\framework\\src\\Illuminate\\Routing\\Controller.php(54): App\\Http\\Controllers\\ContactController->store(Object(Illuminate\\Http\\Request))
#3 D:\\كورس لارافيل\\contacts\\vendor\\laravel\\framework\\src\\Illuminate\\Routing\\ControllerDispatcher.php(43): Illuminate\\Routing\\Controller->callAction('store', Array)
#4 D:\\كورس لارافيل\\contacts\\vendor\\laravel\\framework\\src\\Illuminate\\Routing\\Route.php(260): Illuminate\\Routing\\ControllerDispatcher->dispatch(Object(Illuminate\\Routing\\Route), Object(App\\Http\\Controllers\\ContactController), 'store')
#5 D:\\كورس لارافيل\\contacts\\vendor\\laravel\\framework\\src\\Illuminate\\Routing\\Route.php(205): Illuminate\\Routing\\Route->runController()
#6 D:\\كورس لارافيل\\contacts\\vendor\\laravel\\framework\\src\\Illuminate\\Routing\\Router.php(798): Illuminate\\Routing\\Route->run()
#7 D:\\كورس لارافيل\\contacts\\vendor\\laravel\\framework\\src\\Illuminate\\Pipeline\\Pipeline.php(141): Illuminate\\Routing\\Router->Illuminate\\Routing\\{closure}(Object(Illuminate\\Http\\Request))
#8 D:\\كورس لارافيل\\contacts\\vendor\\laravel\\framework\\src\\Illuminate\\Routing\\Middleware\\SubstituteBindings.php(50): Illuminate\\Pipeline\\Pipeline->Illuminate\\Pipeline\\{closure}(Object(Illuminate\\Http\\Request))
#9 D:\\كورس لارافيل\\contacts\\vendor\\laravel\\framework\\src\\Illuminate\\Pipeline\\Pipeline.php(180): Illuminate\\Routing\\Middleware\\SubstituteBindings->handle(Object(Illuminate\\Http\\Request), Object(Closure))
#10 D:\\كورس لارافيل\\contacts\\vendor\\laravel\\framework\\src\\Illuminate\\Foundation\\Http\\Middleware\\VerifyCsrfToken.php(78): Illuminate\\Pipeline\\Pipeline->Illuminate\\Pipeline\\{closure}(Object(Illuminate\\Http\\Request))
#11 D:\\كورس لارافيل\\contacts\\vendor\\laravel\\framework\\src\\Illuminate\\Pipeline\\Pipeline.php(180): Illuminate\\Foundation\\Http\\Middleware\\VerifyCsrfToken->handle(Object(Illuminate\\Http\\Request), Object(Closure))
#12 D:\\كورس لارافيل\\contacts\\vendor\\laravel\\framework\\src\\Illuminate\\View\\Middleware\\ShareErrorsFromSession.php(49): Illuminate\\Pipeline\\Pipeline->Illuminate\\Pipeline\\{closure}(Object(Illuminate\\Http\\Request))
#13 D:\\كورس لارافيل\\contacts\\vendor\\laravel\\framework\\src\\Illuminate\\Pipeline\\Pipeline.php(180): Illuminate\\View\\Middleware\\ShareErrorsFromSession->handle(Object(Illuminate\\Http\\Request), Object(Closure))
#14 D:\\كورس لارافيل\\contacts\\vendor\\laravel\\framework\\src\\Illuminate\\Session\\Middleware\\StartSession.php(121): Illuminate\\Pipeline\\Pipeline->Illuminate\\Pipeline\\{closure}(Object(Illuminate\\Http\\Request))
#15 D:\\كورس لارافيل\\contacts\\vendor\\laravel\\framework\\src\\Illuminate\\Session\\Middleware\\StartSession.php(64): Illuminate\\Session\\Middleware\\StartSession->handleStatefulRequest(Object(Illuminate\\Http\\Request), Object(Illuminate\\Session\\Store), Object(Closure))
#16 D:\\كورس لارافيل\\contacts\\vendor\\laravel\\framework\\src\\Illuminate\\Pipeline\\Pipeline.php(180): Illuminate\\Session\\Middleware\\StartSession->handle(Object(Illuminate\\Http\\Request), Object(Closure))
#17 D:\\كورس لارافيل\\contacts\\vendor\\laravel\\framework\\src\\Illuminate\\Cookie\\Middleware\\AddQueuedCookiesToResponse.php(37): Illuminate\\Pipeline\\Pipeline->Illuminate\\Pipeline\\{closure}(Object(Illuminate\\Http\\Request))
#18 D:\\كورس لارافيل\\contacts\\vendor\\laravel\\framework\\src\\Illuminate\\Pipeline\\Pipeline.php(180): Illuminate\\Cookie\\Middleware\\AddQueuedCookiesToResponse->handle(Object(Illuminate\\Http\\Request), Object(Closure))
#19 D:\\كورس لارافيل\\contacts\\vendor\\laravel\\framework\\src\\Illuminate\\Cookie\\Middleware\\EncryptCookies.php(67): Illuminate\\Pipeline\\Pipeline->Illuminate\\Pipeline\\{closure}(Object(Illuminate\\Http\\Request))
#20 D:\\كورس لارافيل\\contacts\\vendor\\laravel\\framework\\src\\Illuminate\\Pipeline\\Pipeline.php(180): Illuminate\\Cookie\\Middleware\\EncryptCookies->handle(Object(Illuminate\\Http\\Request), Object(Closure))
#21 D:\\كورس لارافيل\\contacts\\vendor\\laravel\\framework\\src\\Illuminate\\Pipeline\\Pipeline.php(116): Illuminate\\Pipeline\\Pipeline->Illuminate\\Pipeline\\{closure}(Object(Illuminate\\Http\\Request))
#22 D:\\كورس لارافيل\\contacts\\vendor\\laravel\\framework\\src\\Illuminate\\Routing\\Router.php(799): Illuminate\\Pipeline\\Pipeline->then(Object(Closure))
#23 D:\\كورس لارافيل\\contacts\\vendor\\laravel\\framework\\src\\Illuminate\\Routing\\Router.php(776): Illuminate\\Routing\\Router->runRouteWithinStack(Object(Illuminate\\Routing\\Route), Object(Illuminate\\Http\\Request))
#24 D:\\كورس لارافيل\\contacts\\vendor\\laravel\\framework\\src\\Illuminate\\Routing\\Router.php(740): Illuminate\\Routing\\Router->runRoute(Object(Illuminate\\Http\\Request), Object(Illuminate\\Routing\\Route))
#25 D:\\كورس لارافيل\\contacts\\vendor\\laravel\\framework\\src\\Illuminate\\Routing\\Router.php(729): Illuminate\\Routing\\Router->dispatchToRoute(Object(Illuminate\\Http\\Request))
#26 D:\\كورس لارافيل\\contacts\\vendor\\laravel\\framework\\src\\Illuminate\\Foundation\\Http\\Kernel.php(190): Illuminate\\Routing\\Router->dispatch(Object(Illuminate\\Http\\Request))
#27 D:\\كورس لارافيل\\contacts\\vendor\\laravel\\framework\\src\\Illuminate\\Pipeline\\Pipeline.php(141): Illuminate\\Foundation\\Http\\Kernel->Illuminate\\Foundation\\Http\\{closure}(Object(Illuminate\\Http\\Request))
#28 D:\\كورس لارافيل\\contacts\\vendor\\laravel\\framework\\src\\Illuminate\\Foundation\\Http\\Middleware\\TransformsRequest.php(21): Illuminate\\Pipeline\\Pipeline->Illuminate\\Pipeline\\{closure}(Object(Illuminate\\Http\\Request))
#29 D:\\كورس لارافيل\\contacts\\vendor\\laravel\\framework\\src\\Illuminate\\Foundation\\Http\\Middleware\\ConvertEmptyStringsToNull.php(31): Illuminate\\Foundation\\Http\\Middleware\\TransformsRequest->handle(Object(Illuminate\\Http\\Request), Object(Closure))
#30 D:\\كورس لارافيل\\contacts\\vendor\\laravel\\framework\\src\\Illuminate\\Pipeline\\Pipeline.php(180): Illuminate\\Foundation\\Http\\Middleware\\ConvertEmptyStringsToNull->handle(Object(Illuminate\\Http\\Request), Object(Closure))
#31 D:\\كورس لارافيل\\contacts\\vendor\\laravel\\framework\\src\\Illuminate\\Foundation\\Http\\Middleware\\TransformsRequest.php(21): Illuminate\\Pipeline\\Pipeline->Illuminate\\Pipeline\\{closure}(Object(Illuminate\\Http\\Request))
#32 D:\\كورس لارافيل\\contacts\\vendor\\laravel\\framework\\src\\Illuminate\\Foundation\\Http\\Middleware\\TrimStrings.php(40): Illuminate\\Foundation\\Http\\Middleware\\TransformsRequest->handle(Object(Illuminate\\Http\\Request), Object(Closure))
#33 D:\\كورس لارافيل\\contacts\\vendor\\laravel\\framework\\src\\Illuminate\\Pipeline\\Pipeline.php(180): Illuminate\\Foundation\\Http\\Middleware\\TrimStrings->handle(Object(Illuminate\\Http\\Request), Object(Closure))
#34 D:\\كورس لارافيل\\contacts\\vendor\\laravel\\framework\\src\\Illuminate\\Foundation\\Http\\Middleware\\ValidatePostSize.php(27): Illuminate\\Pipeline\\Pipeline->Illuminate\\Pipeline\\{closure}(Object(Illuminate\\Http\\Request))
#35 D:\\كورس لارافيل\\contacts\\vendor\\laravel\\framework\\src\\Illuminate\\Pipeline\\Pipeline.php(180): Illuminate\\Foundation\\Http\\Middleware\\ValidatePostSize->handle(Object(Illuminate\\Http\\Request), Object(Closure))
#36 D:\\كورس لارافيل\\contacts\\vendor\\laravel\\framework\\src\\Illuminate\\Foundation\\Http\\Middleware\\PreventRequestsDuringMaintenance.php(86): Illuminate\\Pipeline\\Pipeline->Illuminate\\Pipeline\\{closure}(Object(Illuminate\\Http\\Request))
#37 D:\\كورس لارافيل\\contacts\\vendor\\laravel\\framework\\src\\Illuminate\\Pipeline\\Pipeline.php(180): Illuminate\\Foundation\\Http\\Middleware\\PreventRequestsDuringMaintenance->handle(Object(Illuminate\\Http\\Request), Object(Closure))
#38 D:\\كورس لارافيل\\contacts\\vendor\\fruitcake\\laravel-cors\\src\\HandleCors.php(38): Illuminate\\Pipeline\\Pipeline->Illuminate\\Pipeline\\{closure}(Object(Illuminate\\Http\\Request))
#39 D:\\كورس لارافيل\\contacts\\vendor\\laravel\\framework\\src\\Illuminate\\Pipeline\\Pipeline.php(180): Fruitcake\\Cors\\HandleCors->handle(Object(Illuminate\\Http\\Request), Object(Closure))
#40 D:\\كورس لارافيل\\contacts\\vendor\\laravel\\framework\\src\\Illuminate\\Http\\Middleware\\TrustProxies.php(39): Illuminate\\Pipeline\\Pipeline->Illuminate\\Pipeline\\{closure}(Object(Illuminate\\Http\\Request))
#41 D:\\كورس لارافيل\\contacts\\vendor\\laravel\\framework\\src\\Illuminate\\Pipeline\\Pipeline.php(180): Illuminate\\Http\\Middleware\\TrustProxies->handle(Object(Illuminate\\Http\\Request), Object(Closure))
#42 D:\\كورس لارافيل\\contacts\\vendor\\laravel\\framework\\src\\Illuminate\\Pipeline\\Pipeline.php(116): Illuminate\\Pipeline\\Pipeline->Illuminate\\Pipeline\\{closure}(Object(Illuminate\\Http\\Request))
#43 D:\\كورس لارافيل\\contacts\\vendor\\laravel\\framework\\src\\Illuminate\\Foundation\\Http\\Kernel.php(165): Illuminate\\Pipeline\\Pipeline->then(Object(Closure))
#44 D:\\كورس لارافيل\\contacts\\vendor\\laravel\\framework\\src\\Illuminate\\Foundation\\Http\\Kernel.php(134): Illuminate\\Foundation\\Http\\Kernel->sendRequestThroughRouter(Object(Illuminate\\Http\\Request))
#45 D:\\كورس لارافيل\\contacts\\public\\index.php(52): Illuminate\\Foundation\\Http\\Kernel->handle(Object(Illuminate\\Http\\Request))
#46 D:\\كورس لارافيل\\contacts\\vendor\\laravel\\framework\\src\\Illuminate\\Foundation\\resources\\server.php(16): require_once('D:\\\\\\xD9\\x83\\xD9\\x88\\xD8\\xB1\\xD8\\xB3 \\xD9\\x84\\xD8...')
#47 {main}
"} 
[2026-09-15 01:10:03] local.ERROR: SQLSTATE[23000]: Integrity constraint violation: 1062 Duplicate entry 'sondesbensasi200@gmail.com' for key 'contacts_email_unique' (SQL: insert into `contacts` (`name`, `email`, `phone`, `category`) values (dosa, sondesbensasi200@gmail.com, 0923334455, general)) {"exception":"[object] (Illuminate\\Database\\QueryException(code: 23000): SQLSTATE[23000]: Integrity constraint violation: 1062 Duplicate entry 'sondesbensasi200@gmail.com' for key 'contacts_email_unique' (SQL: insert into `contacts` (`name`, `email`, `phone`, `category`) values (dosa, sondesbensasi200@gmail.com, 0923334455, general)) at D:\\كورس لارافيل\\contacts\\vendor\\laravel\\framework\\src\\Illuminate\\Database\\Connection.php:760)
[stacktrace]
#0 D:\\كورس لارافيل\\contacts\\vendor\\laravel\\framework\\src\\Illuminate\\Database\\Connection.php(720): Illuminate\\Database\\Connection->runQueryCallback('insert into `co...', Array, Object(Closure))
#1 D:\\كورس لارافيل\\contacts\\vendor\\laravel\\framework\\src\\Illuminate\\Database\\Connection.php(546): Illuminate\\Database\\Connection->run('insert into `co...', Array, Object(Closure))
#2 D:\\كورس لارافيل\\contacts\\vendor\\laravel\\framework\\src\\Illuminate\\Database\\Connection.php(498): Illuminate\\Database\\Connection->statement('insert into `co...', Array)
#3 D:\\كورس لارافيل\\contacts\\vendor\\laravel\\framework\\src\\Illuminate\\Database\\Query\\Builder.php(3274): Illuminate\\Database\\Connection->insert('insert into `co...', Array)
#4 D:\\كورس لارافيل\\contacts\\app\\Http\\Controllers\\ContactController.php(39): Illuminate\\Database\\Query\\Builder->insert(Array)
#5 D:\\كورس لارافيل\\contacts\\vendor\\laravel\\framework\\src\\Illuminate\\Routing\\Controller.php(54): App\\Http\\Controllers\\ContactController->store(Object(Illuminate\\Http\\Request))
#6 D:\\كورس لارافيل\\contacts\\vendor\\laravel\\framework\\src\\Illuminate\\Routing\\ControllerDispatcher.php(43): Illuminate\\Routing\\Controller->callAction('store', Array)
#7 D:\\كورس لارافيل\\contacts\\vendor\\laravel\\framework\\src\\Illuminate\\Routing\\Route.php(260): Illuminate\\Routing\\ControllerDispatcher->dispatch(Object(Illuminate\\Routing\\Route), Object(App\\Http\\Controllers\\ContactController), 'store')
#8 D:\\كورس لارافيل\\contacts\\vendor\\laravel\\framework\\src\\Illuminate\\Routing\\Route.php(205): Illuminate\\Routing\\Route->runController()
#9 D:\\كورس لارافيل\\contacts\\vendor\\laravel\\framework\\src\\Illuminate\\Routing\\Router.php(798): Illuminate\\Routing\\Route->run()
#10 D:\\كورس لارافيل\\contacts\\vendor\\laravel\\framework\\src\\Illuminate\\Pipeline\\Pipeline.php(141): Illuminate\\Routing\\Router->Illuminate\\Routing\\{closure}(Object(Illuminate\\Http\\Request))
#11 D:\\كورس لارافيل\\contacts\\vendor\\laravel\\framework\\src\\Illuminate\\Routing\\Middleware\\SubstituteBindings.php(50): Illuminate\\Pipeline\\Pipeline->Illuminate\\Pipeline\\{closure}(Object(Illuminate\\Http\\Request))
#12 D:\\كورس لارافيل\\contacts\\vendor\\laravel\\framework\\src\\Illuminate\\Pipeline\\Pipeline.php(180): Illuminate\\Routing\\Middleware\\SubstituteBindings->handle(Object(Illuminate\\Http\\Request), Object(Closure))
#13 D:\\كورس لارافيل\\contacts\\vendor\\laravel\\framework\\src\\Illuminate\\Foundation\\Http\\Middleware\\VerifyCsrfToken.php(78): Illuminate\\Pipeline\\Pipeline->Illuminate\\Pipeline\\{closure}(Object(Illuminate\\Http\\Request))
#14 D:\\كورس لارافيل\\contacts\\vendor\\laravel\\framework\\src\\Illuminate\\Pipeline\\Pipeline.php(180): Illuminate\\Foundation\\Http\\Middleware\\VerifyCsrfToken->handle(Object(Illuminate\\Http\\Request), Object(Closure))
#15 D:\\كورس لارافيل\\contacts\\vendor\\laravel\\framework\\src\\Illuminate\\View\\Middleware\\ShareErrorsFromSession.php(49): Illuminate\\Pipeline\\Pipeline->Illuminate\\Pipeline\\{closure}(Object(Illuminate\\Http\\Request))
#16 D:\\كورس لارافيل\\contacts\\vendor\\laravel\\framework\\src\\Illuminate\\Pipeline\\Pipeline.php(180): Illuminate\\View\\Middleware\\ShareErrorsFromSession->handle(Object(Illuminate\\Http\\Request), Object(Closure))
#17 D:\\كورس لارافيل\\contacts\\vendor\\laravel\\framework\\src\\Illuminate\\Session\\Middleware\\StartSession.php(121): Illuminate\\Pipeline\\Pipeline->Illuminate\\Pipeline\\{closure}(Object(Illuminate\\Http\\Request))
#18 D:\\كورس لارافيل\\contacts\\vendor\\laravel\\framework\\src\\Illuminate\\Session\\Middleware\\StartSession.php(64): Illuminate\\Session\\Middleware\\StartSession->handleStatefulRequest(Object(Illuminate\\Http\\Request), Object(Illuminate\\Session\\Store), Object(Closure))
#19 D:\\كورس لارافيل\\contacts\\vendor\\laravel\\framework\\src\\Illuminate\\Pipeline\\Pipeline.php(180): Illuminate\\Session\\Middleware\\StartSession->handle(Object(Illuminate\\Http\\Request), Object(Closure))
#20 D:\\كورس لارافيل\\contacts\\vendor\\laravel\\framework\\src\\Illuminate\\Cookie\\Middleware\\AddQueuedCookiesToResponse.php(37): Illuminate\\Pipeline\\Pipeline->Illuminate\\Pipeline\\{closure}(Object(Illuminate\\Http\\Request))
#21 D:\\كورس لارافيل\\contacts\\vendor\\laravel\\framework\\src\\Illuminate\\Pipeline\\Pipeline.php(180): Illuminate\\Cookie\\Middleware\\AddQueuedCookiesToResponse->handle(Object(Illuminate\\Http\\Request), Object(Closure))
#22 D:\\كورس لارافيل\\contacts\\vendor\\laravel\\framework\\src\\Illuminate\\Cookie\\Middleware\\EncryptCookies.php(67): Illuminate\\Pipeline\\Pipeline->Illuminate\\Pipeline\\{closure}(Object(Illuminate\\Http\\Request))
#23 D:\\كورس لارافيل\\contacts\\vendor\\laravel\\framework\\src\\Illuminate\\Pipeline\\Pipeline.php(180): Illuminate\\Cookie\\Middleware\\EncryptCookies->handle(Object(Illuminate\\Http\\Request), Object(Closure))
#24 D:\\كورس لارافيل\\contacts\\vendor\\laravel\\framework\\src\\Illuminate\\Pipeline\\Pipeline.php(116): Illuminate\\Pipeline\\Pipeline->Illuminate\\Pipeline\\{closure}(Object(Illuminate\\Http\\Request))
#25 D:\\كورس لارافيل\\contacts\\vendor\\laravel\\framework\\src\\Illuminate\\Routing\\Router.php(799): Illuminate\\Pipeline\\Pipeline->then(Object(Closure))
#26 D:\\كورس لارافيل\\contacts\\vendor\\laravel\\framework\\src\\Illuminate\\Routing\\Router.php(776): Illuminate\\Routing\\Router->runRouteWithinStack(Object(Illuminate\\Routing\\Route), Object(Illuminate\\Http\\Request))
#27 D:\\كورس لارافيل\\contacts\\vendor\\laravel\\framework\\src\\Illuminate\\Routing\\Router.php(740): Illuminate\\Routing\\Router->runRoute(Object(Illuminate\\Http\\Request), Object(Illuminate\\Routing\\Route))
#28 D:\\كورس لارافيل\\contacts\\vendor\\laravel\\framework\\src\\Illuminate\\Routing\\Router.php(729): Illuminate\\Routing\\Router->dispatchToRoute(Object(Illuminate\\Http\\Request))
#29 D:\\كورس لارافيل\\contacts\\vendor\\laravel\\framework\\src\\Illuminate\\Foundation\\Http\\Kernel.php(190): Illuminate\\Routing\\Router->dispatch(Object(Illuminate\\Http\\Request))
#30 D:\\كورس لارافيل\\contacts\\vendor\\laravel\\framework\\src\\Illuminate\\Pipeline\\Pipeline.php(141): Illuminate\\Foundation\\Http\\Kernel->Illuminate\\Foundation\\Http\\{closure}(Object(Illuminate\\Http\\Request))
#31 D:\\كورس لارافيل\\contacts\\vendor\\laravel\\framework\\src\\Illuminate\\Foundation\\Http\\Middleware\\TransformsRequest.php(21): Illuminate\\Pipeline\\Pipeline->Illuminate\\Pipeline\\{closure}(Object(Illuminate\\Http\\Request))
#32 D:\\كورس لارافيل\\contacts\\vendor\\laravel\\framework\\src\\Illuminate\\Foundation\\Http\\Middleware\\ConvertEmptyStringsToNull.php(31): Illuminate\\Foundation\\Http\\Middleware\\TransformsRequest->handle(Object(Illuminate\\Http\\Request), Object(Closure))
#33 D:\\كورس لارافيل\\contacts\\vendor\\laravel\\framework\\src\\Illuminate\\Pipeline\\Pipeline.php(180): Illuminate\\Foundation\\Http\\Middleware\\ConvertEmptyStringsToNull->handle(Object(Illuminate\\Http\\Request), Object(Closure))
#34 D:\\كورس لارافيل\\contacts\\vendor\\laravel\\framework\\src\\Illuminate\\Foundation\\Http\\Middleware\\TransformsRequest.php(21): Illuminate\\Pipeline\\Pipeline->Illuminate\\Pipeline\\{closure}(Object(Illuminate\\Http\\Request))
#35 D:\\كورس لارافيل\\contacts\\vendor\\laravel\\framework\\src\\Illuminate\\Foundation\\Http\\Middleware\\TrimStrings.php(40): Illuminate\\Foundation\\Http\\Middleware\\TransformsRequest->handle(Object(Illuminate\\Http\\Request), Object(Closure))
#36 D:\\كورس لارافيل\\contacts\\vendor\\laravel\\framework\\src\\Illuminate\\Pipeline\\Pipeline.php(180): Illuminate\\Foundation\\Http\\Middleware\\TrimStrings->handle(Object(Illuminate\\Http\\Request), Object(Closure))
#37 D:\\كورس لارافيل\\contacts\\vendor\\laravel\\framework\\src\\Illuminate\\Foundation\\Http\\Middleware\\ValidatePostSize.php(27): Illuminate\\Pipeline\\Pipeline->Illuminate\\Pipeline\\{closure}(Object(Illuminate\\Http\\Request))
#38 D:\\كورس لارافيل\\contacts\\vendor\\laravel\\framework\\src\\Illuminate\\Pipeline\\Pipeline.php(180): Illuminate\\Foundation\\Http\\Middleware\\ValidatePostSize->handle(Object(Illuminate\\Http\\Request), Object(Closure))
#39 D:\\كورس لارافيل\\contacts\\vendor\\laravel\\framework\\src\\Illuminate\\Foundation\\Http\\Middleware\\PreventRequestsDuringMaintenance.php(86): Illuminate\\Pipeline\\Pipeline->Illuminate\\Pipeline\\{closure}(Object(Illuminate\\Http\\Request))
#40 D:\\كورس لارافيل\\contacts\\vendor\\laravel\\framework\\src\\Illuminate\\Pipeline\\Pipeline.php(180): Illuminate\\Foundation\\Http\\Middleware\\PreventRequestsDuringMaintenance->handle(Object(Illuminate\\Http\\Request), Object(Closure))
#41 D:\\كورس لارافيل\\contacts\\vendor\\fruitcake\\laravel-cors\\src\\HandleCors.php(38): Illuminate\\Pipeline\\Pipeline->Illuminate\\Pipeline\\{closure}(Object(Illuminate\\Http\\Request))
#42 D:\\كورس لارافيل\\contacts\\vendor\\laravel\\framework\\src\\Illuminate\\Pipeline\\Pipeline.php(180): Fruitcake\\Cors\\HandleCors->handle(Object(Illuminate\\Http\\Request), Object(Closure))
#43 D:\\كورس لارافيل\\contacts\\vendor\\laravel\\framework\\src\\Illuminate\\Http\\Middleware\\TrustProxies.php(39): Illuminate\\Pipeline\\Pipeline->Illuminate\\Pipeline\\{closure}(Object(Illuminate\\Http\\Request))
#44 D:\\كورس لارافيل\\contacts\\vendor\\laravel\\framework\\src\\Illuminate\\Pipeline\\Pipeline.php(180): Illuminate\\Http\\Middleware\\TrustProxies->handle(Object(Illuminate\\Http\\Request), Object(Closure))
#45 D:\\كورس لارافيل\\contacts\\vendor\\laravel\\framework\\src\\Illuminate\\Pipeline\\Pipeline.php(116): Illuminate\\Pipeline\\Pipeline->Illuminate\\Pipeline\\{closure}(Object(Illuminate\\Http\\Request))
#46 D:\\كورس لارافيل\\contacts\\vendor\\laravel\\framework\\src\\Illuminate\\Foundation\\Http\\Kernel.php(165): Illuminate\\Pipeline\\Pipeline->then(Object(Closure))
#47 D:\\كورس لارافيل\\contacts\\vendor\\laravel\\framework\\src\\Illuminate\\Foundation\\Http\\Kernel.php(134): Illuminate\\Foundation\\Http\\Kernel->sendRequestThroughRouter(Object(Illuminate\\Http\\Request))
#48 D:\\كورس لارافيل\\contacts\\public\\index.php(52): Illuminate\\Foundation\\Http\\Kernel->handle(Object(Illuminate\\Http\\Request))
#49 D:\\كورس لارافيل\\contacts\\vendor\\laravel\\framework\\src\\Illuminate\\Foundation\\resources\\server.php(16): require_once('D:\\\\\\xD9\\x83\\xD9\\x88\\xD8\\xB1\\xD8\\xB3 \\xD9\\x84\\xD8...')
#50 {main}

[previous exception] [object] (PDOException(code: 23000): SQLSTATE[23000]: Integrity constraint violation: 1062 Duplicate entry 'sondesbensasi200@gmail.com' for key 'contacts_email_unique' at D:\\كورس لارافيل\\contacts\\vendor\\laravel\\framework\\src\\Illuminate\\Database\\Connection.php:545)
[stacktrace]
#0 D:\\كورس لارافيل\\contacts\\vendor\\laravel\\framework\\src\\Illuminate\\Database\\Connection.php(545): PDOStatement->execute()
#1 D:\\كورس لارافيل\\contacts\\vendor\\laravel\\framework\\src\\Illuminate\\Database\\Connection.php(753): Illuminate\\Database\\Connection->Illuminate\\Database\\{closure}('insert into `co...', Array)
#2 D:\\كورس لارافيل\\contacts\\vendor\\laravel\\framework\\src\\Illuminate\\Database\\Connection.php(720): Illuminate\\Database\\Connection->runQueryCallback('insert into `co...', Array, Object(Closure))
#3 D:\\كورس لارافيل\\contacts\\vendor\\laravel\\framework\\src\\Illuminate\\Database\\Connection.php(546): Illuminate\\Database\\Connection->run('insert into `co...', Array, Object(Closure))
#4 D:\\كورس لارافيل\\contacts\\vendor\\laravel\\framework\\src\\Illuminate\\Database\\Connection.php(498): Illuminate\\Database\\Connection->statement('insert into `co...', Array)
#5 D:\\كورس لارافيل\\contacts\\vendor\\laravel\\framework\\src\\Illuminate\\Database\\Query\\Builder.php(3274): Illuminate\\Database\\Connection->insert('insert into `co...', Array)
#6 D:\\كورس لارافيل\\contacts\\app\\Http\\Controllers\\ContactController.php(39): Illuminate\\Database\\Query\\Builder->insert(Array)
#7 D:\\كورس لارافيل\\contacts\\vendor\\laravel\\framework\\src\\Illuminate\\Routing\\Controller.php(54): App\\Http\\Controllers\\ContactController->store(Object(Illuminate\\Http\\Request))
#8 D:\\كورس لارافيل\\contacts\\vendor\\laravel\\framework\\src\\Illuminate\\Routing\\ControllerDispatcher.php(43): Illuminate\\Routing\\Controller->callAction('store', Array)
#9 D:\\كورس لارافيل\\contacts\\vendor\\laravel\\framework\\src\\Illuminate\\Routing\\Route.php(260): Illuminate\\Routing\\ControllerDispatcher->dispatch(Object(Illuminate\\Routing\\Route), Object(App\\Http\\Controllers\\ContactController), 'store')
#10 D:\\كورس لارافيل\\contacts\\vendor\\laravel\\framework\\src\\Illuminate\\Routing\\Route.php(205): Illuminate\\Routing\\Route->runController()
#11 D:\\كورس لارافيل\\contacts\\vendor\\laravel\\framework\\src\\Illuminate\\Routing\\Router.php(798): Illuminate\\Routing\\Route->run()
#12 D:\\كورس لارافيل\\contacts\\vendor\\laravel\\framework\\src\\Illuminate\\Pipeline\\Pipeline.php(141): Illuminate\\Routing\\Router->Illuminate\\Routing\\{closure}(Object(Illuminate\\Http\\Request))
#13 D:\\كورس لارافيل\\contacts\\vendor\\laravel\\framework\\src\\Illuminate\\Routing\\Middleware\\SubstituteBindings.php(50): Illuminate\\Pipeline\\Pipeline->Illuminate\\Pipeline\\{closure}(Object(Illuminate\\Http\\Request))
#14 D:\\كورس لارافيل\\contacts\\vendor\\laravel\\framework\\src\\Illuminate\\Pipeline\\Pipeline.php(180): Illuminate\\Routing\\Middleware\\SubstituteBindings->handle(Object(Illuminate\\Http\\Request), Object(Closure))
#15 D:\\كورس لارافيل\\contacts\\vendor\\laravel\\framework\\src\\Illuminate\\Foundation\\Http\\Middleware\\VerifyCsrfToken.php(78): Illuminate\\Pipeline\\Pipeline->Illuminate\\Pipeline\\{closure}(Object(Illuminate\\Http\\Request))
#16 D:\\كورس لارافيل\\contacts\\vendor\\laravel\\framework\\src\\Illuminate\\Pipeline\\Pipeline.php(180): Illuminate\\Foundation\\Http\\Middleware\\VerifyCsrfToken->handle(Object(Illuminate\\Http\\Request), Object(Closure))
#17 D:\\كورس لارافيل\\contacts\\vendor\\laravel\\framework\\src\\Illuminate\\View\\Middleware\\ShareErrorsFromSession.php(49): Illuminate\\Pipeline\\Pipeline->Illuminate\\Pipeline\\{closure}(Object(Illuminate\\Http\\Request))
#18 D:\\كورس لارافيل\\contacts\\vendor\\laravel\\framework\\src\\Illuminate\\Pipeline\\Pipeline.php(180): Illuminate\\View\\Middleware\\ShareErrorsFromSession->handle(Object(Illuminate\\Http\\Request), Object(Closure))
#19 D:\\كورس لارافيل\\contacts\\vendor\\laravel\\framework\\src\\Illuminate\\Session\\Middleware\\StartSession.php(121): Illuminate\\Pipeline\\Pipeline->Illuminate\\Pipeline\\{closure}(Object(Illuminate\\Http\\Request))
#20 D:\\كورس لارافيل\\contacts\\vendor\\laravel\\framework\\src\\Illuminate\\Session\\Middleware\\StartSession.php(64): Illuminate\\Session\\Middleware\\StartSession->handleStatefulRequest(Object(Illuminate\\Http\\Request), Object(Illuminate\\Session\\Store), Object(Closure))
#21 D:\\كورس لارافيل\\contacts\\vendor\\laravel\\framework\\src\\Illuminate\\Pipeline\\Pipeline.php(180): Illuminate\\Session\\Middleware\\StartSession->handle(Object(Illuminate\\Http\\Request), Object(Closure))
#22 D:\\كورس لارافيل\\contacts\\vendor\\laravel\\framework\\src\\Illuminate\\Cookie\\Middleware\\AddQueuedCookiesToResponse.php(37): Illuminate\\Pipeline\\Pipeline->Illuminate\\Pipeline\\{closure}(Object(Illuminate\\Http\\Request))
#23 D:\\كورس لارافيل\\contacts\\vendor\\laravel\\framework\\src\\Illuminate\\Pipeline\\Pipeline.php(180): Illuminate\\Cookie\\Middleware\\AddQueuedCookiesToResponse->handle(Object(Illuminate\\Http\\Request), Object(Closure))
#24 D:\\كورس لارافيل\\contacts\\vendor\\laravel\\framework\\src\\Illuminate\\Cookie\\Middleware\\EncryptCookies.php(67): Illuminate\\Pipeline\\Pipeline->Illuminate\\Pipeline\\{closure}(Object(Illuminate\\Http\\Request))
#25 D:\\كورس لارافيل\\contacts\\vendor\\laravel\\framework\\src\\Illuminate\\Pipeline\\Pipeline.php(180): Illuminate\\Cookie\\Middleware\\EncryptCookies->handle(Object(Illuminate\\Http\\Request), Object(Closure))
#26 D:\\كورس لارافيل\\contacts\\vendor\\laravel\\framework\\src\\Illuminate\\Pipeline\\Pipeline.php(116): Illuminate\\Pipeline\\Pipeline->Illuminate\\Pipeline\\{closure}(Object(Illuminate\\Http\\Request))
#27 D:\\كورس لارافيل\\contacts\\vendor\\laravel\\framework\\src\\Illuminate\\Routing\\Router.php(799): Illuminate\\Pipeline\\Pipeline->then(Object(Closure))
#28 D:\\كورس لارافيل\\contacts\\vendor\\laravel\\framework\\src\\Illuminate\\Routing\\Router.php(776): Illuminate\\Routing\\Router->runRouteWithinStack(Object(Illuminate\\Routing\\Route), Object(Illuminate\\Http\\Request))
#29 D:\\كورس لارافيل\\contacts\\vendor\\laravel\\framework\\src\\Illuminate\\Routing\\Router.php(740): Illuminate\\Routing\\Router->runRoute(Object(Illuminate\\Http\\Request), Object(Illuminate\\Routing\\Route))
#30 D:\\كورس لارافيل\\contacts\\vendor\\laravel\\framework\\src\\Illuminate\\Routing\\Router.php(729): Illuminate\\Routing\\Router->dispatchToRoute(Object(Illuminate\\Http\\Request))
#31 D:\\كورس لارافيل\\contacts\\vendor\\laravel\\framework\\src\\Illuminate\\Foundation\\Http\\Kernel.php(190): Illuminate\\Routing\\Router->dispatch(Object(Illuminate\\Http\\Request))
#32 D:\\كورس لارافيل\\contacts\\vendor\\laravel\\framework\\src\\Illuminate\\Pipeline\\Pipeline.php(141): Illuminate\\Foundation\\Http\\Kernel->Illuminate\\Foundation\\Http\\{closure}(Object(Illuminate\\Http\\Request))
#33 D:\\كورس لارافيل\\contacts\\vendor\\laravel\\framework\\src\\Illuminate\\Foundation\\Http\\Middleware\\TransformsRequest.php(21): Illuminate\\Pipeline\\Pipeline->Illuminate\\Pipeline\\{closure}(Object(Illuminate\\Http\\Request))
#34 D:\\كورس لارافيل\\contacts\\vendor\\laravel\\framework\\src\\Illuminate\\Foundation\\Http\\Middleware\\ConvertEmptyStringsToNull.php(31): Illuminate\\Foundation\\Http\\Middleware\\TransformsRequest->handle(Object(Illuminate\\Http\\Request), Object(Closure))
#35 D:\\كورس لارافيل\\contacts\\vendor\\laravel\\framework\\src\\Illuminate\\Pipeline\\Pipeline.php(180): Illuminate\\Foundation\\Http\\Middleware\\ConvertEmptyStringsToNull->handle(Object(Illuminate\\Http\\Request), Object(Closure))
#36 D:\\كورس لارافيل\\contacts\\vendor\\laravel\\framework\\src\\Illuminate\\Foundation\\Http\\Middleware\\TransformsRequest.php(21): Illuminate\\Pipeline\\Pipeline->Illuminate\\Pipeline\\{closure}(Object(Illuminate\\Http\\Request))
#37 D:\\كورس لارافيل\\contacts\\vendor\\laravel\\framework\\src\\Illuminate\\Foundation\\Http\\Middleware\\TrimStrings.php(40): Illuminate\\Foundation\\Http\\Middleware\\TransformsRequest->handle(Object(Illuminate\\Http\\Request), Object(Closure))
#38 D:\\كورس لارافيل\\contacts\\vendor\\laravel\\framework\\src\\Illuminate\\Pipeline\\Pipeline.php(180): Illuminate\\Foundation\\Http\\Middleware\\TrimStrings->handle(Object(Illuminate\\Http\\Request), Object(Closure))
#39 D:\\كورس لارافيل\\contacts\\vendor\\laravel\\framework\\src\\Illuminate\\Foundation\\Http\\Middleware\\ValidatePostSize.php(27): Illuminate\\Pipeline\\Pipeline->Illuminate\\Pipeline\\{closure}(Object(Illuminate\\Http\\Request))
#40 D:\\كورس لارافيل\\contacts\\vendor\\laravel\\framework\\src\\Illuminate\\Pipeline\\Pipeline.php(180): Illuminate\\Foundation\\Http\\Middleware\\ValidatePostSize->handle(Object(Illuminate\\Http\\Request), Object(Closure))
#41 D:\\كورس لارافيل\\contacts\\vendor\\laravel\\framework\\src\\Illuminate\\Foundation\\Http\\Middleware\\PreventRequestsDuringMaintenance.php(86): Illuminate\\Pipeline\\Pipeline->Illuminate\\Pipeline\\{closure}(Object(Illuminate\\Http\\Request))
#42 D:\\كورس لارافيل\\contacts\\vendor\\laravel\\framework\\src\\Illuminate\\Pipeline\\Pipeline.php(180): Illuminate\\Foundation\\Http\\Middleware\\PreventRequestsDuringMaintenance->handle(Object(Illuminate\\Http\\Request), Object(Closure))
#43 D:\\كورس لارافيل\\contacts\\vendor\\fruitcake\\laravel-cors\\src\\HandleCors.php(38): Illuminate\\Pipeline\\Pipeline->Illuminate\\Pipeline\\{closure}(Object(Illuminate\\Http\\Request))
#44 D:\\كورس لارافيل\\contacts\\vendor\\laravel\\framework\\src\\Illuminate\\Pipeline\\Pipeline.php(180): Fruitcake\\Cors\\HandleCors->handle(Object(Illuminate\\Http\\Request), Object(Closure))
#45 D:\\كورس لارافيل\\contacts\\vendor\\laravel\\framework\\src\\Illuminate\\Http\\Middleware\\TrustProxies.php(39): Illuminate\\Pipeline\\Pipeline->Illuminate\\Pipeline\\{closure}(Object(Illuminate\\Http\\Request))
#46 D:\\كورس لارافيل\\contacts\\vendor\\laravel\\framework\\src\\Illuminate\\Pipeline\\Pipeline.php(180): Illuminate\\Http\\Middleware\\TrustProxies->handle(Object(Illuminate\\Http\\Request), Object(Closure))
#47 D:\\كورس لارافيل\\contacts\\vendor\\laravel\\framework\\src\\Illuminate\\Pipeline\\Pipeline.php(116): Illuminate\\Pipeline\\Pipeline->Illuminate\\Pipeline\\{closure}(Object(Illuminate\\Http\\Request))
#48 D:\\كورس لارافيل\\contacts\\vendor\\laravel\\framework\\src\\Illuminate\\Foundation\\Http\\Kernel.php(165): Illuminate\\Pipeline\\Pipeline->then(Object(Closure))
#49 D:\\كورس لارافيل\\contacts\\vendor\\laravel\\framework\\src\\Illuminate\\Foundation\\Http\\Kernel.php(134): Illuminate\\Foundation\\Http\\Kernel->sendRequestThroughRouter(Object(Illuminate\\Http\\Request))
#50 D:\\كورس لارافيل\\contacts\\public\\index.php(52): Illuminate\\Foundation\\Http\\Kernel->handle(Object(Illuminate\\Http\\Request))
#51 D:\\كورس لارافيل\\contacts\\vendor\\laravel\\framework\\src\\Illuminate\\Foundation\\resources\\server.php(16): require_once('D:\\\\\\xD9\\x83\\xD9\\x88\\xD8\\xB1\\xD8\\xB3 \\xD9\\x84\\xD8...')
#52 {main}
"} 
[2026-09-15 19:33:18] local.ERROR: View [details] not found. {"exception":"[object] (InvalidArgumentException(code: 0): View [details] not found. at D:\\كورس لارافيل\\contacts\\vendor\\laravel\\framework\\src\\Illuminate\\View\\FileViewFinder.php:137)
[stacktrace]
#0 D:\\كورس لارافيل\\contacts\\vendor\\laravel\\framework\\src\\Illuminate\\View\\FileViewFinder.php(79): Illuminate\\View\\FileViewFinder->findInPaths('details', Array)
#1 D:\\كورس لارافيل\\contacts\\vendor\\laravel\\framework\\src\\Illuminate\\View\\Factory.php(138): Illuminate\\View\\FileViewFinder->find('details')
#2 D:\\كورس لارافيل\\contacts\\vendor\\laravel\\framework\\src\\Illuminate\\Foundation\\helpers.php(1035): Illuminate\\View\\Factory->make('details', Array, Array)
#3 D:\\كورس لارافيل\\contacts\\app\\Http\\Controllers\\ContactController.php(29): view('details', Array)
#4 D:\\كورس لارافيل\\contacts\\vendor\\laravel\\framework\\src\\Illuminate\\Routing\\Controller.php(54): App\\Http\\Controllers\\ContactController->edit('1')
#5 D:\\كورس لارافيل\\contacts\\vendor\\laravel\\framework\\src\\Illuminate\\Routing\\ControllerDispatcher.php(43): Illuminate\\Routing\\Controller->callAction('edit', Array)
#6 D:\\كورس لارافيل\\contacts\\vendor\\laravel\\framework\\src\\Illuminate\\Routing\\Route.php(260): Illuminate\\Routing\\ControllerDispatcher->dispatch(Object(Illuminate\\Routing\\Route), Object(App\\Http\\Controllers\\ContactController), 'edit')
#7 D:\\كورس لارافيل\\contacts\\vendor\\laravel\\framework\\src\\Illuminate\\Routing\\Route.php(205): Illuminate\\Routing\\Route->runController()
#8 D:\\كورس لارافيل\\contacts\\vendor\\laravel\\framework\\src\\Illuminate\\Routing\\Router.php(798): Illuminate\\Routing\\Route->run()
#9 D:\\كورس لارافيل\\contacts\\vendor\\laravel\\framework\\src\\Illuminate\\Pipeline\\Pipeline.php(141): Illuminate\\Routing\\Router->Illuminate\\Routing\\{closure}(Object(Illuminate\\Http\\Request))
#10 D:\\كورس لارافيل\\contacts\\vendor\\laravel\\framework\\src\\Illuminate\\Routing\\Middleware\\SubstituteBindings.php(50): Illuminate\\Pipeline\\Pipeline->Illuminate\\Pipeline\\{closure}(Object(Illuminate\\Http\\Request))
#11 D:\\كورس لارافيل\\contacts\\vendor\\laravel\\framework\\src\\Illuminate\\Pipeline\\Pipeline.php(180): Illuminate\\Routing\\Middleware\\SubstituteBindings->handle(Object(Illuminate\\Http\\Request), Object(Closure))
#12 D:\\كورس لارافيل\\contacts\\vendor\\laravel\\framework\\src\\Illuminate\\Foundation\\Http\\Middleware\\VerifyCsrfToken.php(78): Illuminate\\Pipeline\\Pipeline->Illuminate\\Pipeline\\{closure}(Object(Illuminate\\Http\\Request))
#13 D:\\كورس لارافيل\\contacts\\vendor\\laravel\\framework\\src\\Illuminate\\Pipeline\\Pipeline.php(180): Illuminate\\Foundation\\Http\\Middleware\\VerifyCsrfToken->handle(Object(Illuminate\\Http\\Request), Object(Closure))
#14 D:\\كورس لارافيل\\contacts\\vendor\\laravel\\framework\\src\\Illuminate\\View\\Middleware\\ShareErrorsFromSession.php(49): Illuminate\\Pipeline\\Pipeline->Illuminate\\Pipeline\\{closure}(Object(Illuminate\\Http\\Request))
#15 D:\\كورس لارافيل\\contacts\\vendor\\laravel\\framework\\src\\Illuminate\\Pipeline\\Pipeline.php(180): Illuminate\\View\\Middleware\\ShareErrorsFromSession->handle(Object(Illuminate\\Http\\Request), Object(Closure))
#16 D:\\كورس لارافيل\\contacts\\vendor\\laravel\\framework\\src\\Illuminate\\Session\\Middleware\\StartSession.php(121): Illuminate\\Pipeline\\Pipeline->Illuminate\\Pipeline\\{closure}(Object(Illuminate\\Http\\Request))
#17 D:\\كورس لارافيل\\contacts\\vendor\\laravel\\framework\\src\\Illuminate\\Session\\Middleware\\StartSession.php(64): Illuminate\\Session\\Middleware\\StartSession->handleStatefulRequest(Object(Illuminate\\Http\\Request), Object(Illuminate\\Session\\Store), Object(Closure))
#18 D:\\كورس لارافيل\\contacts\\vendor\\laravel\\framework\\src\\Illuminate\\Pipeline\\Pipeline.php(180): Illuminate\\Session\\Middleware\\StartSession->handle(Object(Illuminate\\Http\\Request), Object(Closure))
#19 D:\\كورس لارافيل\\contacts\\vendor\\laravel\\framework\\src\\Illuminate\\Cookie\\Middleware\\AddQueuedCookiesToResponse.php(37): Illuminate\\Pipeline\\Pipeline->Illuminate\\Pipeline\\{closure}(Object(Illuminate\\Http\\Request))
#20 D:\\كورس لارافيل\\contacts\\vendor\\laravel\\framework\\src\\Illuminate\\Pipeline\\Pipeline.php(180): Illuminate\\Cookie\\Middleware\\AddQueuedCookiesToResponse->handle(Object(Illuminate\\Http\\Request), Object(Closure))
#21 D:\\كورس لارافيل\\contacts\\vendor\\laravel\\framework\\src\\Illuminate\\Cookie\\Middleware\\EncryptCookies.php(67): Illuminate\\Pipeline\\Pipeline->Illuminate\\Pipeline\\{closure}(Object(Illuminate\\Http\\Request))
#22 D:\\كورس لارافيل\\contacts\\vendor\\laravel\\framework\\src\\Illuminate\\Pipeline\\Pipeline.php(180): Illuminate\\Cookie\\Middleware\\EncryptCookies->handle(Object(Illuminate\\Http\\Request), Object(Closure))
#23 D:\\كورس لارافيل\\contacts\\vendor\\laravel\\framework\\src\\Illuminate\\Pipeline\\Pipeline.php(116): Illuminate\\Pipeline\\Pipeline->Illuminate\\Pipeline\\{closure}(Object(Illuminate\\Http\\Request))
#24 D:\\كورس لارافيل\\contacts\\vendor\\laravel\\framework\\src\\Illuminate\\Routing\\Router.php(799): Illuminate\\Pipeline\\Pipeline->then(Object(Closure))
#25 D:\\كورس لارافيل\\contacts\\vendor\\laravel\\framework\\src\\Illuminate\\Routing\\Router.php(776): Illuminate\\Routing\\Router->runRouteWithinStack(Object(Illuminate\\Routing\\Route), Object(Illuminate\\Http\\Request))
#26 D:\\كورس لارافيل\\contacts\\vendor\\laravel\\framework\\src\\Illuminate\\Routing\\Router.php(740): Illuminate\\Routing\\Router->runRoute(Object(Illuminate\\Http\\Request), Object(Illuminate\\Routing\\Route))
#27 D:\\كورس لارافيل\\contacts\\vendor\\laravel\\framework\\src\\Illuminate\\Routing\\Router.php(729): Illuminate\\Routing\\Router->dispatchToRoute(Object(Illuminate\\Http\\Request))
#28 D:\\كورس لارافيل\\contacts\\vendor\\laravel\\framework\\src\\Illuminate\\Foundation\\Http\\Kernel.php(190): Illuminate\\Routing\\Router->dispatch(Object(Illuminate\\Http\\Request))
#29 D:\\كورس لارافيل\\contacts\\vendor\\laravel\\framework\\src\\Illuminate\\Pipeline\\Pipeline.php(141): Illuminate\\Foundation\\Http\\Kernel->Illuminate\\Foundation\\Http\\{closure}(Object(Illuminate\\Http\\Request))
#30 D:\\كورس لارافيل\\contacts\\vendor\\laravel\\framework\\src\\Illuminate\\Foundation\\Http\\Middleware\\TransformsRequest.php(21): Illuminate\\Pipeline\\Pipeline->Illuminate\\Pipeline\\{closure}(Object(Illuminate\\Http\\Request))
#31 D:\\كورس لارافيل\\contacts\\vendor\\laravel\\framework\\src\\Illuminate\\Foundation\\Http\\Middleware\\ConvertEmptyStringsToNull.php(31): Illuminate\\Foundation\\Http\\Middleware\\TransformsRequest->handle(Object(Illuminate\\Http\\Request), Object(Closure))
#32 D:\\كورس لارافيل\\contacts\\vendor\\laravel\\framework\\src\\Illuminate\\Pipeline\\Pipeline.php(180): Illuminate\\Foundation\\Http\\Middleware\\ConvertEmptyStringsToNull->handle(Object(Illuminate\\Http\\Request), Object(Closure))
#33 D:\\كورس لارافيل\\contacts\\vendor\\laravel\\framework\\src\\Illuminate\\Foundation\\Http\\Middleware\\TransformsRequest.php(21): Illuminate\\Pipeline\\Pipeline->Illuminate\\Pipeline\\{closure}(Object(Illuminate\\Http\\Request))
#34 D:\\كورس لارافيل\\contacts\\vendor\\laravel\\framework\\src\\Illuminate\\Foundation\\Http\\Middleware\\TrimStrings.php(40): Illuminate\\Foundation\\Http\\Middleware\\TransformsRequest->handle(Object(Illuminate\\Http\\Request), Object(Closure))
#35 D:\\كورس لارافيل\\contacts\\vendor\\laravel\\framework\\src\\Illuminate\\Pipeline\\Pipeline.php(180): Illuminate\\Foundation\\Http\\Middleware\\TrimStrings->handle(Object(Illuminate\\Http\\Request), Object(Closure))
#36 D:\\كورس لارافيل\\contacts\\vendor\\laravel\\framework\\src\\Illuminate\\Foundation\\Http\\Middleware\\ValidatePostSize.php(27): Illuminate\\Pipeline\\Pipeline->Illuminate\\Pipeline\\{closure}(Object(Illuminate\\Http\\Request))
#37 D:\\كورس لارافيل\\contacts\\vendor\\laravel\\framework\\src\\Illuminate\\Pipeline\\Pipeline.php(180): Illuminate\\Foundation\\Http\\Middleware\\ValidatePostSize->handle(Object(Illuminate\\Http\\Request), Object(Closure))
#38 D:\\كورس لارافيل\\contacts\\vendor\\laravel\\framework\\src\\Illuminate\\Foundation\\Http\\Middleware\\PreventRequestsDuringMaintenance.php(86): Illuminate\\Pipeline\\Pipeline->Illuminate\\Pipeline\\{closure}(Object(Illuminate\\Http\\Request))
#39 D:\\كورس لارافيل\\contacts\\vendor\\laravel\\framework\\src\\Illuminate\\Pipeline\\Pipeline.php(180): Illuminate\\Foundation\\Http\\Middleware\\PreventRequestsDuringMaintenance->handle(Object(Illuminate\\Http\\Request), Object(Closure))
#40 D:\\كورس لارافيل\\contacts\\vendor\\fruitcake\\laravel-cors\\src\\HandleCors.php(38): Illuminate\\Pipeline\\Pipeline->Illuminate\\Pipeline\\{closure}(Object(Illuminate\\Http\\Request))
#41 D:\\كورس لارافيل\\contacts\\vendor\\laravel\\framework\\src\\Illuminate\\Pipeline\\Pipeline.php(180): Fruitcake\\Cors\\HandleCors->handle(Object(Illuminate\\Http\\Request), Object(Closure))
#42 D:\\كورس لارافيل\\contacts\\vendor\\laravel\\framework\\src\\Illuminate\\Http\\Middleware\\TrustProxies.php(39): Illuminate\\Pipeline\\Pipeline->Illuminate\\Pipeline\\{closure}(Object(Illuminate\\Http\\Request))
#43 D:\\كورس لارافيل\\contacts\\vendor\\laravel\\framework\\src\\Illuminate\\Pipeline\\Pipeline.php(180): Illuminate\\Http\\Middleware\\TrustProxies->handle(Object(Illuminate\\Http\\Request), Object(Closure))
#44 D:\\كورس لارافيل\\contacts\\vendor\\laravel\\framework\\src\\Illuminate\\Pipeline\\Pipeline.php(116): Illuminate\\Pipeline\\Pipeline->Illuminate\\Pipeline\\{closure}(Object(Illuminate\\Http\\Request))
#45 D:\\كورس لارافيل\\contacts\\vendor\\laravel\\framework\\src\\Illuminate\\Foundation\\Http\\Kernel.php(165): Illuminate\\Pipeline\\Pipeline->then(Object(Closure))
#46 D:\\كورس لارافيل\\contacts\\vendor\\laravel\\framework\\src\\Illuminate\\Foundation\\Http\\Kernel.php(134): Illuminate\\Foundation\\Http\\Kernel->sendRequestThroughRouter(Object(Illuminate\\Http\\Request))
#47 D:\\كورس لارافيل\\contacts\\public\\index.php(52): Illuminate\\Foundation\\Http\\Kernel->handle(Object(Illuminate\\Http\\Request))
#48 D:\\كورس لارافيل\\contacts\\vendor\\laravel\\framework\\src\\Illuminate\\Foundation\\resources\\server.php(16): require_once('D:\\\\\\xD9\\x83\\xD9\\x88\\xD8\\xB1\\xD8\\xB3 \\xD9\\x84\\xD8...')
#49 {main}
"} 
[2026-09-15 19:34:17] local.ERROR: Undefined variable $contact {"exception":"[object] (Spatie\\LaravelIgnition\\Exceptions\\ViewException(code: 0): Undefined variable $contact at D:\\كورس لارافيل\\contacts\\resources\\views\\edit.blade.php:7)
[stacktrace]
#0 D:\\كورس لارافيل\\contacts\\vendor\\laravel\\framework\\src\\Illuminate\\Foundation\\Bootstrap\\HandleExceptions.php(270): Illuminate\\Foundation\\Bootstrap\\HandleExceptions->handleError(2, 'Undefined varia...', 'D:\\\\\\xD9\\x83\\xD9\\x88\\xD8\\xB1\\xD8\\xB3 \\xD9\\x84\\xD8...', 7)
#1 D:\\كورس لارافيل\\contacts\\resources\\views\\edit.blade.php(7): Illuminate\\Foundation\\Bootstrap\\HandleExceptions->Illuminate\\Foundation\\Bootstrap\\{closure}(2, 'Undefined varia...', 'D:\\\\\\xD9\\x83\\xD9\\x88\\xD8\\xB1\\xD8\\xB3 \\xD9\\x84\\xD8...', 7)
#2 D:\\كورس لارافيل\\contacts\\vendor\\laravel\\framework\\src\\Illuminate\\Filesystem\\Filesystem.php(109): require('D:\\\\\\xD9\\x83\\xD9\\x88\\xD8\\xB1\\xD8\\xB3 \\xD9\\x84\\xD8...')
#3 D:\\كورس لارافيل\\contacts\\vendor\\laravel\\framework\\src\\Illuminate\\Filesystem\\Filesystem.php(110): Illuminate\\Filesystem\\Filesystem::Illuminate\\Filesystem\\{closure}()
#4 D:\\كورس لارافيل\\contacts\\vendor\\laravel\\framework\\src\\Illuminate\\View\\Engines\\PhpEngine.php(58): Illuminate\\Filesystem\\Filesystem->getRequire('D:\\\\\\xD9\\x83\\xD9\\x88\\xD8\\xB1\\xD8\\xB3 \\xD9\\x84\\xD8...', Array)
#5 D:\\كورس لارافيل\\contacts\\vendor\\laravel\\framework\\src\\Illuminate\\View\\Engines\\CompilerEngine.php(70): Illuminate\\View\\Engines\\PhpEngine->evaluatePath('D:\\\\\\xD9\\x83\\xD9\\x88\\xD8\\xB1\\xD8\\xB3 \\xD9\\x84\\xD8...', Array)
#6 D:\\كورس لارافيل\\contacts\\vendor\\laravel\\framework\\src\\Illuminate\\View\\View.php(195): Illuminate\\View\\Engines\\CompilerEngine->get('D:\\\\\\xD9\\x83\\xD9\\x88\\xD8\\xB1\\xD8\\xB3 \\xD9\\x84\\xD8...', Array)
#7 D:\\كورس لارافيل\\contacts\\vendor\\laravel\\framework\\src\\Illuminate\\View\\View.php(178): Illuminate\\View\\View->getContents()
#8 D:\\كورس لارافيل\\contacts\\vendor\\laravel\\framework\\src\\Illuminate\\View\\View.php(147): Illuminate\\View\\View->renderContents()
#9 D:\\كورس لارافيل\\contacts\\vendor\\laravel\\framework\\src\\Illuminate\\Http\\Response.php(69): Illuminate\\View\\View->render()
#10 D:\\كورس لارافيل\\contacts\\vendor\\laravel\\framework\\src\\Illuminate\\Http\\Response.php(35): Illuminate\\Http\\Response->setContent(Object(Illuminate\\View\\View))
#11 D:\\كورس لارافيل\\contacts\\vendor\\laravel\\framework\\src\\Illuminate\\Routing\\Router.php(906): Illuminate\\Http\\Response->__construct(Object(Illuminate\\View\\View), 200, Array)
#12 D:\\كورس لارافيل\\contacts\\vendor\\laravel\\framework\\src\\Illuminate\\Routing\\Router.php(875): Illuminate\\Routing\\Router::toResponse(Object(Illuminate\\Http\\Request), Object(Illuminate\\View\\View))
#13 D:\\كورس لارافيل\\contacts\\vendor\\laravel\\framework\\src\\Illuminate\\Routing\\Router.php(798): Illuminate\\Routing\\Router->prepareResponse(Object(Illuminate\\Http\\Request), Object(Illuminate\\View\\View))
#14 D:\\كورس لارافيل\\contacts\\vendor\\laravel\\framework\\src\\Illuminate\\Pipeline\\Pipeline.php(141): Illuminate\\Routing\\Router->Illuminate\\Routing\\{closure}(Object(Illuminate\\Http\\Request))
#15 D:\\كورس لارافيل\\contacts\\vendor\\laravel\\framework\\src\\Illuminate\\Routing\\Middleware\\SubstituteBindings.php(50): Illuminate\\Pipeline\\Pipeline->Illuminate\\Pipeline\\{closure}(Object(Illuminate\\Http\\Request))
#16 D:\\كورس لارافيل\\contacts\\vendor\\laravel\\framework\\src\\Illuminate\\Pipeline\\Pipeline.php(180): Illuminate\\Routing\\Middleware\\SubstituteBindings->handle(Object(Illuminate\\Http\\Request), Object(Closure))
#17 D:\\كورس لارافيل\\contacts\\vendor\\laravel\\framework\\src\\Illuminate\\Foundation\\Http\\Middleware\\VerifyCsrfToken.php(78): Illuminate\\Pipeline\\Pipeline->Illuminate\\Pipeline\\{closure}(Object(Illuminate\\Http\\Request))
#18 D:\\كورس لارافيل\\contacts\\vendor\\laravel\\framework\\src\\Illuminate\\Pipeline\\Pipeline.php(180): Illuminate\\Foundation\\Http\\Middleware\\VerifyCsrfToken->handle(Object(Illuminate\\Http\\Request), Object(Closure))
#19 D:\\كورس لارافيل\\contacts\\vendor\\laravel\\framework\\src\\Illuminate\\View\\Middleware\\ShareErrorsFromSession.php(49): Illuminate\\Pipeline\\Pipeline->Illuminate\\Pipeline\\{closure}(Object(Illuminate\\Http\\Request))
#20 D:\\كورس لارافيل\\contacts\\vendor\\laravel\\framework\\src\\Illuminate\\Pipeline\\Pipeline.php(180): Illuminate\\View\\Middleware\\ShareErrorsFromSession->handle(Object(Illuminate\\Http\\Request), Object(Closure))
#21 D:\\كورس لارافيل\\contacts\\vendor\\laravel\\framework\\src\\Illuminate\\Session\\Middleware\\StartSession.php(121): Illuminate\\Pipeline\\Pipeline->Illuminate\\Pipeline\\{closure}(Object(Illuminate\\Http\\Request))
#22 D:\\كورس لارافيل\\contacts\\vendor\\laravel\\framework\\src\\Illuminate\\Session\\Middleware\\StartSession.php(64): Illuminate\\Session\\Middleware\\StartSession->handleStatefulRequest(Object(Illuminate\\Http\\Request), Object(Illuminate\\Session\\Store), Object(Closure))
#23 D:\\كورس لارافيل\\contacts\\vendor\\laravel\\framework\\src\\Illuminate\\Pipeline\\Pipeline.php(180): Illuminate\\Session\\Middleware\\StartSession->handle(Object(Illuminate\\Http\\Request), Object(Closure))
#24 D:\\كورس لارافيل\\contacts\\vendor\\laravel\\framework\\src\\Illuminate\\Cookie\\Middleware\\AddQueuedCookiesToResponse.php(37): Illuminate\\Pipeline\\Pipeline->Illuminate\\Pipeline\\{closure}(Object(Illuminate\\Http\\Request))
#25 D:\\كورس لارافيل\\contacts\\vendor\\laravel\\framework\\src\\Illuminate\\Pipeline\\Pipeline.php(180): Illuminate\\Cookie\\Middleware\\AddQueuedCookiesToResponse->handle(Object(Illuminate\\Http\\Request), Object(Closure))
#26 D:\\كورس لارافيل\\contacts\\vendor\\laravel\\framework\\src\\Illuminate\\Cookie\\Middleware\\EncryptCookies.php(67): Illuminate\\Pipeline\\Pipeline->Illuminate\\Pipeline\\{closure}(Object(Illuminate\\Http\\Request))
#27 D:\\كورس لارافيل\\contacts\\vendor\\laravel\\framework\\src\\Illuminate\\Pipeline\\Pipeline.php(180): Illuminate\\Cookie\\Middleware\\EncryptCookies->handle(Object(Illuminate\\Http\\Request), Object(Closure))
#28 D:\\كورس لارافيل\\contacts\\vendor\\laravel\\framework\\src\\Illuminate\\Pipeline\\Pipeline.php(116): Illuminate\\Pipeline\\Pipeline->Illuminate\\Pipeline\\{closure}(Object(Illuminate\\Http\\Request))
#29 D:\\كورس لارافيل\\contacts\\vendor\\laravel\\framework\\src\\Illuminate\\Routing\\Router.php(799): Illuminate\\Pipeline\\Pipeline->then(Object(Closure))
#30 D:\\كورس لارافيل\\contacts\\vendor\\laravel\\framework\\src\\Illuminate\\Routing\\Router.php(776): Illuminate\\Routing\\Router->runRouteWithinStack(Object(Illuminate\\Routing\\Route), Object(Illuminate\\Http\\Request))
#31 D:\\كورس لارافيل\\contacts\\vendor\\laravel\\framework\\src\\Illuminate\\Routing\\Router.php(740): Illuminate\\Routing\\Router->runRoute(Object(Illuminate\\Http\\Request), Object(Illuminate\\Routing\\Route))
#32 D:\\كورس لارافيل\\contacts\\vendor\\laravel\\framework\\src\\Illuminate\\Routing\\Router.php(729): Illuminate\\Routing\\Router->dispatchToRoute(Object(Illuminate\\Http\\Request))
#33 D:\\كورس لارافيل\\contacts\\vendor\\laravel\\framework\\src\\Illuminate\\Foundation\\Http\\Kernel.php(190): Illuminate\\Routing\\Router->dispatch(Object(Illuminate\\Http\\Request))
#34 D:\\كورس لارافيل\\contacts\\vendor\\laravel\\framework\\src\\Illuminate\\Pipeline\\Pipeline.php(141): Illuminate\\Foundation\\Http\\Kernel->Illuminate\\Foundation\\Http\\{closure}(Object(Illuminate\\Http\\Request))
#35 D:\\كورس لارافيل\\contacts\\vendor\\laravel\\framework\\src\\Illuminate\\Foundation\\Http\\Middleware\\TransformsRequest.php(21): Illuminate\\Pipeline\\Pipeline->Illuminate\\Pipeline\\{closure}(Object(Illuminate\\Http\\Request))
#36 D:\\كورس لارافيل\\contacts\\vendor\\laravel\\framework\\src\\Illuminate\\Foundation\\Http\\Middleware\\ConvertEmptyStringsToNull.php(31): Illuminate\\Foundation\\Http\\Middleware\\TransformsRequest->handle(Object(Illuminate\\Http\\Request), Object(Closure))
#37 D:\\كورس لارافيل\\contacts\\vendor\\laravel\\framework\\src\\Illuminate\\Pipeline\\Pipeline.php(180): Illuminate\\Foundation\\Http\\Middleware\\ConvertEmptyStringsToNull->handle(Object(Illuminate\\Http\\Request), Object(Closure))
#38 D:\\كورس لارافيل\\contacts\\vendor\\laravel\\framework\\src\\Illuminate\\Foundation\\Http\\Middleware\\TransformsRequest.php(21): Illuminate\\Pipeline\\Pipeline->Illuminate\\Pipeline\\{closure}(Object(Illuminate\\Http\\Request))
#39 D:\\كورس لارافيل\\contacts\\vendor\\laravel\\framework\\src\\Illuminate\\Foundation\\Http\\Middleware\\TrimStrings.php(40): Illuminate\\Foundation\\Http\\Middleware\\TransformsRequest->handle(Object(Illuminate\\Http\\Request), Object(Closure))
#40 D:\\كورس لارافيل\\contacts\\vendor\\laravel\\framework\\src\\Illuminate\\Pipeline\\Pipeline.php(180): Illuminate\\Foundation\\Http\\Middleware\\TrimStrings->handle(Object(Illuminate\\Http\\Request), Object(Closure))
#41 D:\\كورس لارافيل\\contacts\\vendor\\laravel\\framework\\src\\Illuminate\\Foundation\\Http\\Middleware\\ValidatePostSize.php(27): Illuminate\\Pipeline\\Pipeline->Illuminate\\Pipeline\\{closure}(Object(Illuminate\\Http\\Request))
#42 D:\\كورس لارافيل\\contacts\\vendor\\laravel\\framework\\src\\Illuminate\\Pipeline\\Pipeline.php(180): Illuminate\\Foundation\\Http\\Middleware\\ValidatePostSize->handle(Object(Illuminate\\Http\\Request), Object(Closure))
#43 D:\\كورس لارافيل\\contacts\\vendor\\laravel\\framework\\src\\Illuminate\\Foundation\\Http\\Middleware\\PreventRequestsDuringMaintenance.php(86): Illuminate\\Pipeline\\Pipeline->Illuminate\\Pipeline\\{closure}(Object(Illuminate\\Http\\Request))
#44 D:\\كورس لارافيل\\contacts\\vendor\\laravel\\framework\\src\\Illuminate\\Pipeline\\Pipeline.php(180): Illuminate\\Foundation\\Http\\Middleware\\PreventRequestsDuringMaintenance->handle(Object(Illuminate\\Http\\Request), Object(Closure))
#45 D:\\كورس لارافيل\\contacts\\vendor\\fruitcake\\laravel-cors\\src\\HandleCors.php(38): Illuminate\\Pipeline\\Pipeline->Illuminate\\Pipeline\\{closure}(Object(Illuminate\\Http\\Request))
#46 D:\\كورس لارافيل\\contacts\\vendor\\laravel\\framework\\src\\Illuminate\\Pipeline\\Pipeline.php(180): Fruitcake\\Cors\\HandleCors->handle(Object(Illuminate\\Http\\Request), Object(Closure))
#47 D:\\كورس لارافيل\\contacts\\vendor\\laravel\\framework\\src\\Illuminate\\Http\\Middleware\\TrustProxies.php(39): Illuminate\\Pipeline\\Pipeline->Illuminate\\Pipeline\\{closure}(Object(Illuminate\\Http\\Request))
#48 D:\\كورس لارافيل\\contacts\\vendor\\laravel\\framework\\src\\Illuminate\\Pipeline\\Pipeline.php(180): Illuminate\\Http\\Middleware\\TrustProxies->handle(Object(Illuminate\\Http\\Request), Object(Closure))
#49 D:\\كورس لارافيل\\contacts\\vendor\\laravel\\framework\\src\\Illuminate\\Pipeline\\Pipeline.php(116): Illuminate\\Pipeline\\Pipeline->Illuminate\\Pipeline\\{closure}(Object(Illuminate\\Http\\Request))
#50 D:\\كورس لارافيل\\contacts\\vendor\\laravel\\framework\\src\\Illuminate\\Foundation\\Http\\Kernel.php(165): Illuminate\\Pipeline\\Pipeline->then(Object(Closure))
#51 D:\\كورس لارافيل\\contacts\\vendor\\laravel\\framework\\src\\Illuminate\\Foundation\\Http\\Kernel.php(134): Illuminate\\Foundation\\Http\\Kernel->sendRequestThroughRouter(Object(Illuminate\\Http\\Request))
#52 D:\\كورس لارافيل\\contacts\\public\\index.php(52): Illuminate\\Foundation\\Http\\Kernel->handle(Object(Illuminate\\Http\\Request))
#53 D:\\كورس لارافيل\\contacts\\vendor\\laravel\\framework\\src\\Illuminate\\Foundation\\resources\\server.php(16): require_once('D:\\\\\\xD9\\x83\\xD9\\x88\\xD8\\xB1\\xD8\\xB3 \\xD9\\x84\\xD8...')
#54 {main}

[previous exception] [object] (ErrorException(code: 0): Undefined variable $contact at D:\\كورس لارافيل\\contacts\\storage\\framework\\views\\b8e3d5f9c482fd939bfbde59bf31d2ce4587cd59.php:7)
[stacktrace]
#0 D:\\كورس لارافيل\\contacts\\vendor\\laravel\\framework\\src\\Illuminate\\Foundation\\Bootstrap\\HandleExceptions.php(270): Illuminate\\Foundation\\Bootstrap\\HandleExceptions->handleError(2, 'Undefined varia...', 'D:\\\\\\xD9\\x83\\xD9\\x88\\xD8\\xB1\\xD8\\xB3 \\xD9\\x84\\xD8...', 7)
#1 D:\\كورس لارافيل\\contacts\\storage\\framework\\views\\b8e3d5f9c482fd939bfbde59bf31d2ce4587cd59.php(7): Illuminate\\Foundation\\Bootstrap\\HandleExceptions->Illuminate\\Foundation\\Bootstrap\\{closure}(2, 'Undefined varia...', 'D:\\\\\\xD9\\x83\\xD9\\x88\\xD8\\xB1\\xD8\\xB3 \\xD9\\x84\\xD8...', 7)
#2 D:\\كورس لارافيل\\contacts\\vendor\\laravel\\framework\\src\\Illuminate\\Filesystem\\Filesystem.php(109): require('D:\\\\\\xD9\\x83\\xD9\\x88\\xD8\\xB1\\xD8\\xB3 \\xD9\\x84\\xD8...')
#3 D:\\كورس لارافيل\\contacts\\vendor\\laravel\\framework\\src\\Illuminate\\Filesystem\\Filesystem.php(110): Illuminate\\Filesystem\\Filesystem::Illuminate\\Filesystem\\{closure}()
#4 D:\\كورس لارافيل\\contacts\\vendor\\laravel\\framework\\src\\Illuminate\\View\\Engines\\PhpEngine.php(58): Illuminate\\Filesystem\\Filesystem->getRequire('D:\\\\\\xD9\\x83\\xD9\\x88\\xD8\\xB1\\xD8\\xB3 \\xD9\\x84\\xD8...', Array)
#5 D:\\كورس لارافيل\\contacts\\vendor\\laravel\\framework\\src\\Illuminate\\View\\Engines\\CompilerEngine.php(70): Illuminate\\View\\Engines\\PhpEngine->evaluatePath('D:\\\\\\xD9\\x83\\xD9\\x88\\xD8\\xB1\\xD8\\xB3 \\xD9\\x84\\xD8...', Array)
#6 D:\\كورس لارافيل\\contacts\\vendor\\laravel\\framework\\src\\Illuminate\\View\\View.php(195): Illuminate\\View\\Engines\\CompilerEngine->get('D:\\\\\\xD9\\x83\\xD9\\x88\\xD8\\xB1\\xD8\\xB3 \\xD9\\x84\\xD8...', Array)
#7 D:\\كورس لارافيل\\contacts\\vendor\\laravel\\framework\\src\\Illuminate\\View\\View.php(178): Illuminate\\View\\View->getContents()
#8 D:\\كورس لارافيل\\contacts\\vendor\\laravel\\framework\\src\\Illuminate\\View\\View.php(147): Illuminate\\View\\View->renderContents()
#9 D:\\كورس لارافيل\\contacts\\vendor\\laravel\\framework\\src\\Illuminate\\Http\\Response.php(69): Illuminate\\View\\View->render()
#10 D:\\كورس لارافيل\\contacts\\vendor\\laravel\\framework\\src\\Illuminate\\Http\\Response.php(35): Illuminate\\Http\\Response->setContent(Object(Illuminate\\View\\View))
#11 D:\\كورس لارافيل\\contacts\\vendor\\laravel\\framework\\src\\Illuminate\\Routing\\Router.php(906): Illuminate\\Http\\Response->__construct(Object(Illuminate\\View\\View), 200, Array)
#12 D:\\كورس لارافيل\\contacts\\vendor\\laravel\\framework\\src\\Illuminate\\Routing\\Router.php(875): Illuminate\\Routing\\Router::toResponse(Object(Illuminate\\Http\\Request), Object(Illuminate\\View\\View))
#13 D:\\كورس لارافيل\\contacts\\vendor\\laravel\\framework\\src\\Illuminate\\Routing\\Router.php(798): Illuminate\\Routing\\Router->prepareResponse(Object(Illuminate\\Http\\Request), Object(Illuminate\\View\\View))
#14 D:\\كورس لارافيل\\contacts\\vendor\\laravel\\framework\\src\\Illuminate\\Pipeline\\Pipeline.php(141): Illuminate\\Routing\\Router->Illuminate\\Routing\\{closure}(Object(Illuminate\\Http\\Request))
#15 D:\\كورس لارافيل\\contacts\\vendor\\laravel\\framework\\src\\Illuminate\\Routing\\Middleware\\SubstituteBindings.php(50): Illuminate\\Pipeline\\Pipeline->Illuminate\\Pipeline\\{closure}(Object(Illuminate\\Http\\Request))
#16 D:\\كورس لارافيل\\contacts\\vendor\\laravel\\framework\\src\\Illuminate\\Pipeline\\Pipeline.php(180): Illuminate\\Routing\\Middleware\\SubstituteBindings->handle(Object(Illuminate\\Http\\Request), Object(Closure))
#17 D:\\كورس لارافيل\\contacts\\vendor\\laravel\\framework\\src\\Illuminate\\Foundation\\Http\\Middleware\\VerifyCsrfToken.php(78): Illuminate\\Pipeline\\Pipeline->Illuminate\\Pipeline\\{closure}(Object(Illuminate\\Http\\Request))
#18 D:\\كورس لارافيل\\contacts\\vendor\\laravel\\framework\\src\\Illuminate\\Pipeline\\Pipeline.php(180): Illuminate\\Foundation\\Http\\Middleware\\VerifyCsrfToken->handle(Object(Illuminate\\Http\\Request), Object(Closure))
#19 D:\\كورس لارافيل\\contacts\\vendor\\laravel\\framework\\src\\Illuminate\\View\\Middleware\\ShareErrorsFromSession.php(49): Illuminate\\Pipeline\\Pipeline->Illuminate\\Pipeline\\{closure}(Object(Illuminate\\Http\\Request))
#20 D:\\كورس لارافيل\\contacts\\vendor\\laravel\\framework\\src\\Illuminate\\Pipeline\\Pipeline.php(180): Illuminate\\View\\Middleware\\ShareErrorsFromSession->handle(Object(Illuminate\\Http\\Request), Object(Closure))
#21 D:\\كورس لارافيل\\contacts\\vendor\\laravel\\framework\\src\\Illuminate\\Session\\Middleware\\StartSession.php(121): Illuminate\\Pipeline\\Pipeline->Illuminate\\Pipeline\\{closure}(Object(Illuminate\\Http\\Request))
#22 D:\\كورس لارافيل\\contacts\\vendor\\laravel\\framework\\src\\Illuminate\\Session\\Middleware\\StartSession.php(64): Illuminate\\Session\\Middleware\\StartSession->handleStatefulRequest(Object(Illuminate\\Http\\Request), Object(Illuminate\\Session\\Store), Object(Closure))
#23 D:\\كورس لارافيل\\contacts\\vendor\\laravel\\framework\\src\\Illuminate\\Pipeline\\Pipeline.php(180): Illuminate\\Session\\Middleware\\StartSession->handle(Object(Illuminate\\Http\\Request), Object(Closure))
#24 D:\\كورس لارافيل\\contacts\\vendor\\laravel\\framework\\src\\Illuminate\\Cookie\\Middleware\\AddQueuedCookiesToResponse.php(37): Illuminate\\Pipeline\\Pipeline->Illuminate\\Pipeline\\{closure}(Object(Illuminate\\Http\\Request))
#25 D:\\كورس لارافيل\\contacts\\vendor\\laravel\\framework\\src\\Illuminate\\Pipeline\\Pipeline.php(180): Illuminate\\Cookie\\Middleware\\AddQueuedCookiesToResponse->handle(Object(Illuminate\\Http\\Request), Object(Closure))
#26 D:\\كورس لارافيل\\contacts\\vendor\\laravel\\framework\\src\\Illuminate\\Cookie\\Middleware\\EncryptCookies.php(67): Illuminate\\Pipeline\\Pipeline->Illuminate\\Pipeline\\{closure}(Object(Illuminate\\Http\\Request))
#27 D:\\كورس لارافيل\\contacts\\vendor\\laravel\\framework\\src\\Illuminate\\Pipeline\\Pipeline.php(180): Illuminate\\Cookie\\Middleware\\EncryptCookies->handle(Object(Illuminate\\Http\\Request), Object(Closure))
#28 D:\\كورس لارافيل\\contacts\\vendor\\laravel\\framework\\src\\Illuminate\\Pipeline\\Pipeline.php(116): Illuminate\\Pipeline\\Pipeline->Illuminate\\Pipeline\\{closure}(Object(Illuminate\\Http\\Request))
#29 D:\\كورس لارافيل\\contacts\\vendor\\laravel\\framework\\src\\Illuminate\\Routing\\Router.php(799): Illuminate\\Pipeline\\Pipeline->then(Object(Closure))
#30 D:\\كورس لارافيل\\contacts\\vendor\\laravel\\framework\\src\\Illuminate\\Routing\\Router.php(776): Illuminate\\Routing\\Router->runRouteWithinStack(Object(Illuminate\\Routing\\Route), Object(Illuminate\\Http\\Request))
#31 D:\\كورس لارافيل\\contacts\\vendor\\laravel\\framework\\src\\Illuminate\\Routing\\Router.php(740): Illuminate\\Routing\\Router->runRoute(Object(Illuminate\\Http\\Request), Object(Illuminate\\Routing\\Route))
#32 D:\\كورس لارافيل\\contacts\\vendor\\laravel\\framework\\src\\Illuminate\\Routing\\Router.php(729): Illuminate\\Routing\\Router->dispatchToRoute(Object(Illuminate\\Http\\Request))
#33 D:\\كورس لارافيل\\contacts\\vendor\\laravel\\framework\\src\\Illuminate\\Foundation\\Http\\Kernel.php(190): Illuminate\\Routing\\Router->dispatch(Object(Illuminate\\Http\\Request))
#34 D:\\كورس لارافيل\\contacts\\vendor\\laravel\\framework\\src\\Illuminate\\Pipeline\\Pipeline.php(141): Illuminate\\Foundation\\Http\\Kernel->Illuminate\\Foundation\\Http\\{closure}(Object(Illuminate\\Http\\Request))
#35 D:\\كورس لارافيل\\contacts\\vendor\\laravel\\framework\\src\\Illuminate\\Foundation\\Http\\Middleware\\TransformsRequest.php(21): Illuminate\\Pipeline\\Pipeline->Illuminate\\Pipeline\\{closure}(Object(Illuminate\\Http\\Request))
#36 D:\\كورس لارافيل\\contacts\\vendor\\laravel\\framework\\src\\Illuminate\\Foundation\\Http\\Middleware\\ConvertEmptyStringsToNull.php(31): Illuminate\\Foundation\\Http\\Middleware\\TransformsRequest->handle(Object(Illuminate\\Http\\Request), Object(Closure))
#37 D:\\كورس لارافيل\\contacts\\vendor\\laravel\\framework\\src\\Illuminate\\Pipeline\\Pipeline.php(180): Illuminate\\Foundation\\Http\\Middleware\\ConvertEmptyStringsToNull->handle(Object(Illuminate\\Http\\Request), Object(Closure))
#38 D:\\كورس لارافيل\\contacts\\vendor\\laravel\\framework\\src\\Illuminate\\Foundation\\Http\\Middleware\\TransformsRequest.php(21): Illuminate\\Pipeline\\Pipeline->Illuminate\\Pipeline\\{closure}(Object(Illuminate\\Http\\Request))
#39 D:\\كورس لارافيل\\contacts\\vendor\\laravel\\framework\\src\\Illuminate\\Foundation\\Http\\Middleware\\TrimStrings.php(40): Illuminate\\Foundation\\Http\\Middleware\\TransformsRequest->handle(Object(Illuminate\\Http\\Request), Object(Closure))
#40 D:\\كورس لارافيل\\contacts\\vendor\\laravel\\framework\\src\\Illuminate\\Pipeline\\Pipeline.php(180): Illuminate\\Foundation\\Http\\Middleware\\TrimStrings->handle(Object(Illuminate\\Http\\Request), Object(Closure))
#41 D:\\كورس لارافيل\\contacts\\vendor\\laravel\\framework\\src\\Illuminate\\Foundation\\Http\\Middleware\\ValidatePostSize.php(27): Illuminate\\Pipeline\\Pipeline->Illuminate\\Pipeline\\{closure}(Object(Illuminate\\Http\\Request))
#42 D:\\كورس لارافيل\\contacts\\vendor\\laravel\\framework\\src\\Illuminate\\Pipeline\\Pipeline.php(180): Illuminate\\Foundation\\Http\\Middleware\\ValidatePostSize->handle(Object(Illuminate\\Http\\Request), Object(Closure))
#43 D:\\كورس لارافيل\\contacts\\vendor\\laravel\\framework\\src\\Illuminate\\Foundation\\Http\\Middleware\\PreventRequestsDuringMaintenance.php(86): Illuminate\\Pipeline\\Pipeline->Illuminate\\Pipeline\\{closure}(Object(Illuminate\\Http\\Request))
#44 D:\\كورس لارافيل\\contacts\\vendor\\laravel\\framework\\src\\Illuminate\\Pipeline\\Pipeline.php(180): Illuminate\\Foundation\\Http\\Middleware\\PreventRequestsDuringMaintenance->handle(Object(Illuminate\\Http\\Request), Object(Closure))
#45 D:\\كورس لارافيل\\contacts\\vendor\\fruitcake\\laravel-cors\\src\\HandleCors.php(38): Illuminate\\Pipeline\\Pipeline->Illuminate\\Pipeline\\{closure}(Object(Illuminate\\Http\\Request))
#46 D:\\كورس لارافيل\\contacts\\vendor\\laravel\\framework\\src\\Illuminate\\Pipeline\\Pipeline.php(180): Fruitcake\\Cors\\HandleCors->handle(Object(Illuminate\\Http\\Request), Object(Closure))
#47 D:\\كورس لارافيل\\contacts\\vendor\\laravel\\framework\\src\\Illuminate\\Http\\Middleware\\TrustProxies.php(39): Illuminate\\Pipeline\\Pipeline->Illuminate\\Pipeline\\{closure}(Object(Illuminate\\Http\\Request))
#48 D:\\كورس لارافيل\\contacts\\vendor\\laravel\\framework\\src\\Illuminate\\Pipeline\\Pipeline.php(180): Illuminate\\Http\\Middleware\\TrustProxies->handle(Object(Illuminate\\Http\\Request), Object(Closure))
#49 D:\\كورس لارافيل\\contacts\\vendor\\laravel\\framework\\src\\Illuminate\\Pipeline\\Pipeline.php(116): Illuminate\\Pipeline\\Pipeline->Illuminate\\Pipeline\\{closure}(Object(Illuminate\\Http\\Request))
#50 D:\\كورس لارافيل\\contacts\\vendor\\laravel\\framework\\src\\Illuminate\\Foundation\\Http\\Kernel.php(165): Illuminate\\Pipeline\\Pipeline->then(Object(Closure))
#51 D:\\كورس لارافيل\\contacts\\vendor\\laravel\\framework\\src\\Illuminate\\Foundation\\Http\\Kernel.php(134): Illuminate\\Foundation\\Http\\Kernel->sendRequestThroughRouter(Object(Illuminate\\Http\\Request))
#52 D:\\كورس لارافيل\\contacts\\public\\index.php(52): Illuminate\\Foundation\\Http\\Kernel->handle(Object(Illuminate\\Http\\Request))
#53 D:\\كورس لارافيل\\contacts\\vendor\\laravel\\framework\\src\\Illuminate\\Foundation\\resources\\server.php(16): require_once('D:\\\\\\xD9\\x83\\xD9\\x88\\xD8\\xB1\\xD8\\xB3 \\xD9\\x84\\xD8...')
#54 {main}
"} 
[2026-09-15 19:40:30] local.ERROR: SQLSTATE[23000]: Integrity constraint violation: 1048 Column 'name' cannot be null (SQL: update `contacts` set `name` = ?, `email` = ?, `phone` = ?, `category` = ? where `id` = 1) {"exception":"[object] (Illuminate\\Database\\QueryException(code: 23000): SQLSTATE[23000]: Integrity constraint violation: 1048 Column 'name' cannot be null (SQL: update `contacts` set `name` = ?, `email` = ?, `phone` = ?, `category` = ? where `id` = 1) at D:\\كورس لارافيل\\contacts\\vendor\\laravel\\framework\\src\\Illuminate\\Database\\Connection.php:760)
[stacktrace]
#0 D:\\كورس لارافيل\\contacts\\vendor\\laravel\\framework\\src\\Illuminate\\Database\\Connection.php(720): Illuminate\\Database\\Connection->runQueryCallback('update `contact...', Array, Object(Closure))
#1 D:\\كورس لارافيل\\contacts\\vendor\\laravel\\framework\\src\\Illuminate\\Database\\Connection.php(577): Illuminate\\Database\\Connection->run('update `contact...', Array, Object(Closure))
#2 D:\\كورس لارافيل\\contacts\\vendor\\laravel\\framework\\src\\Illuminate\\Database\\Connection.php(510): Illuminate\\Database\\Connection->affectingStatement('update `contact...', Array)
#3 D:\\كورس لارافيل\\contacts\\vendor\\laravel\\framework\\src\\Illuminate\\Database\\Query\\Builder.php(3357): Illuminate\\Database\\Connection->update('update `contact...', Array)
#4 D:\\كورس لارافيل\\contacts\\app\\Http\\Controllers\\ContactController.php(38): Illuminate\\Database\\Query\\Builder->update(Array)
#5 D:\\كورس لارافيل\\contacts\\vendor\\laravel\\framework\\src\\Illuminate\\Routing\\Controller.php(54): App\\Http\\Controllers\\ContactController->update(Object(Illuminate\\Http\\Request), '1')
#6 D:\\كورس لارافيل\\contacts\\vendor\\laravel\\framework\\src\\Illuminate\\Routing\\ControllerDispatcher.php(43): Illuminate\\Routing\\Controller->callAction('update', Array)
#7 D:\\كورس لارافيل\\contacts\\vendor\\laravel\\framework\\src\\Illuminate\\Routing\\Route.php(260): Illuminate\\Routing\\ControllerDispatcher->dispatch(Object(Illuminate\\Routing\\Route), Object(App\\Http\\Controllers\\ContactController), 'update')
#8 D:\\كورس لارافيل\\contacts\\vendor\\laravel\\framework\\src\\Illuminate\\Routing\\Route.php(205): Illuminate\\Routing\\Route->runController()
#9 D:\\كورس لارافيل\\contacts\\vendor\\laravel\\framework\\src\\Illuminate\\Routing\\Router.php(798): Illuminate\\Routing\\Route->run()
#10 D:\\كورس لارافيل\\contacts\\vendor\\laravel\\framework\\src\\Illuminate\\Pipeline\\Pipeline.php(141): Illuminate\\Routing\\Router->Illuminate\\Routing\\{closure}(Object(Illuminate\\Http\\Request))
#11 D:\\كورس لارافيل\\contacts\\vendor\\laravel\\framework\\src\\Illuminate\\Routing\\Middleware\\SubstituteBindings.php(50): Illuminate\\Pipeline\\Pipeline->Illuminate\\Pipeline\\{closure}(Object(Illuminate\\Http\\Request))
#12 D:\\كورس لارافيل\\contacts\\vendor\\laravel\\framework\\src\\Illuminate\\Pipeline\\Pipeline.php(180): Illuminate\\Routing\\Middleware\\SubstituteBindings->handle(Object(Illuminate\\Http\\Request), Object(Closure))
#13 D:\\كورس لارافيل\\contacts\\vendor\\laravel\\framework\\src\\Illuminate\\Foundation\\Http\\Middleware\\VerifyCsrfToken.php(78): Illuminate\\Pipeline\\Pipeline->Illuminate\\Pipeline\\{closure}(Object(Illuminate\\Http\\Request))
#14 D:\\كورس لارافيل\\contacts\\vendor\\laravel\\framework\\src\\Illuminate\\Pipeline\\Pipeline.php(180): Illuminate\\Foundation\\Http\\Middleware\\VerifyCsrfToken->handle(Object(Illuminate\\Http\\Request), Object(Closure))
#15 D:\\كورس لارافيل\\contacts\\vendor\\laravel\\framework\\src\\Illuminate\\View\\Middleware\\ShareErrorsFromSession.php(49): Illuminate\\Pipeline\\Pipeline->Illuminate\\Pipeline\\{closure}(Object(Illuminate\\Http\\Request))
#16 D:\\كورس لارافيل\\contacts\\vendor\\laravel\\framework\\src\\Illuminate\\Pipeline\\Pipeline.php(180): Illuminate\\View\\Middleware\\ShareErrorsFromSession->handle(Object(Illuminate\\Http\\Request), Object(Closure))
#17 D:\\كورس لارافيل\\contacts\\vendor\\laravel\\framework\\src\\Illuminate\\Session\\Middleware\\StartSession.php(121): Illuminate\\Pipeline\\Pipeline->Illuminate\\Pipeline\\{closure}(Object(Illuminate\\Http\\Request))
#18 D:\\كورس لارافيل\\contacts\\vendor\\laravel\\framework\\src\\Illuminate\\Session\\Middleware\\StartSession.php(64): Illuminate\\Session\\Middleware\\StartSession->handleStatefulRequest(Object(Illuminate\\Http\\Request), Object(Illuminate\\Session\\Store), Object(Closure))
#19 D:\\كورس لارافيل\\contacts\\vendor\\laravel\\framework\\src\\Illuminate\\Pipeline\\Pipeline.php(180): Illuminate\\Session\\Middleware\\StartSession->handle(Object(Illuminate\\Http\\Request), Object(Closure))
#20 D:\\كورس لارافيل\\contacts\\vendor\\laravel\\framework\\src\\Illuminate\\Cookie\\Middleware\\AddQueuedCookiesToResponse.php(37): Illuminate\\Pipeline\\Pipeline->Illuminate\\Pipeline\\{closure}(Object(Illuminate\\Http\\Request))
#21 D:\\كورس لارافيل\\contacts\\vendor\\laravel\\framework\\src\\Illuminate\\Pipeline\\Pipeline.php(180): Illuminate\\Cookie\\Middleware\\AddQueuedCookiesToResponse->handle(Object(Illuminate\\Http\\Request), Object(Closure))
#22 D:\\كورس لارافيل\\contacts\\vendor\\laravel\\framework\\src\\Illuminate\\Cookie\\Middleware\\EncryptCookies.php(67): Illuminate\\Pipeline\\Pipeline->Illuminate\\Pipeline\\{closure}(Object(Illuminate\\Http\\Request))
#23 D:\\كورس لارافيل\\contacts\\vendor\\laravel\\framework\\src\\Illuminate\\Pipeline\\Pipeline.php(180): Illuminate\\Cookie\\Middleware\\EncryptCookies->handle(Object(Illuminate\\Http\\Request), Object(Closure))
#24 D:\\كورس لارافيل\\contacts\\vendor\\laravel\\framework\\src\\Illuminate\\Pipeline\\Pipeline.php(116): Illuminate\\Pipeline\\Pipeline->Illuminate\\Pipeline\\{closure}(Object(Illuminate\\Http\\Request))
#25 D:\\كورس لارافيل\\contacts\\vendor\\laravel\\framework\\src\\Illuminate\\Routing\\Router.php(799): Illuminate\\Pipeline\\Pipeline->then(Object(Closure))
#26 D:\\كورس لارافيل\\contacts\\vendor\\laravel\\framework\\src\\Illuminate\\Routing\\Router.php(776): Illuminate\\Routing\\Router->runRouteWithinStack(Object(Illuminate\\Routing\\Route), Object(Illuminate\\Http\\Request))
#27 D:\\كورس لارافيل\\contacts\\vendor\\laravel\\framework\\src\\Illuminate\\Routing\\Router.php(740): Illuminate\\Routing\\Router->runRoute(Object(Illuminate\\Http\\Request), Object(Illuminate\\Routing\\Route))
#28 D:\\كورس لارافيل\\contacts\\vendor\\laravel\\framework\\src\\Illuminate\\Routing\\Router.php(729): Illuminate\\Routing\\Router->dispatchToRoute(Object(Illuminate\\Http\\Request))
#29 D:\\كورس لارافيل\\contacts\\vendor\\laravel\\framework\\src\\Illuminate\\Foundation\\Http\\Kernel.php(190): Illuminate\\Routing\\Router->dispatch(Object(Illuminate\\Http\\Request))
#30 D:\\كورس لارافيل\\contacts\\vendor\\laravel\\framework\\src\\Illuminate\\Pipeline\\Pipeline.php(141): Illuminate\\Foundation\\Http\\Kernel->Illuminate\\Foundation\\Http\\{closure}(Object(Illuminate\\Http\\Request))
#31 D:\\كورس لارافيل\\contacts\\vendor\\laravel\\framework\\src\\Illuminate\\Foundation\\Http\\Middleware\\TransformsRequest.php(21): Illuminate\\Pipeline\\Pipeline->Illuminate\\Pipeline\\{closure}(Object(Illuminate\\Http\\Request))
#32 D:\\كورس لارافيل\\contacts\\vendor\\laravel\\framework\\src\\Illuminate\\Foundation\\Http\\Middleware\\ConvertEmptyStringsToNull.php(31): Illuminate\\Foundation\\Http\\Middleware\\TransformsRequest->handle(Object(Illuminate\\Http\\Request), Object(Closure))
#33 D:\\كورس لارافيل\\contacts\\vendor\\laravel\\framework\\src\\Illuminate\\Pipeline\\Pipeline.php(180): Illuminate\\Foundation\\Http\\Middleware\\ConvertEmptyStringsToNull->handle(Object(Illuminate\\Http\\Request), Object(Closure))
#34 D:\\كورس لارافيل\\contacts\\vendor\\laravel\\framework\\src\\Illuminate\\Foundation\\Http\\Middleware\\TransformsRequest.php(21): Illuminate\\Pipeline\\Pipeline->Illuminate\\Pipeline\\{closure}(Object(Illuminate\\Http\\Request))
#35 D:\\كورس لارافيل\\contacts\\vendor\\laravel\\framework\\src\\Illuminate\\Foundation\\Http\\Middleware\\TrimStrings.php(40): Illuminate\\Foundation\\Http\\Middleware\\TransformsRequest->handle(Object(Illuminate\\Http\\Request), Object(Closure))
#36 D:\\كورس لارافيل\\contacts\\vendor\\laravel\\framework\\src\\Illuminate\\Pipeline\\Pipeline.php(180): Illuminate\\Foundation\\Http\\Middleware\\TrimStrings->handle(Object(Illuminate\\Http\\Request), Object(Closure))
#37 D:\\كورس لارافيل\\contacts\\vendor\\laravel\\framework\\src\\Illuminate\\Foundation\\Http\\Middleware\\ValidatePostSize.php(27): Illuminate\\Pipeline\\Pipeline->Illuminate\\Pipeline\\{closure}(Object(Illuminate\\Http\\Request))
#38 D:\\كورس لارافيل\\contacts\\vendor\\laravel\\framework\\src\\Illuminate\\Pipeline\\Pipeline.php(180): Illuminate\\Foundation\\Http\\Middleware\\ValidatePostSize->handle(Object(Illuminate\\Http\\Request), Object(Closure))
#39 D:\\كورس لارافيل\\contacts\\vendor\\laravel\\framework\\src\\Illuminate\\Foundation\\Http\\Middleware\\PreventRequestsDuringMaintenance.php(86): Illuminate\\Pipeline\\Pipeline->Illuminate\\Pipeline\\{closure}(Object(Illuminate\\Http\\Request))
#40 D:\\كورس لارافيل\\contacts\\vendor\\laravel\\framework\\src\\Illuminate\\Pipeline\\Pipeline.php(180): Illuminate\\Foundation\\Http\\Middleware\\PreventRequestsDuringMaintenance->handle(Object(Illuminate\\Http\\Request), Object(Closure))
#41 D:\\كورس لارافيل\\contacts\\vendor\\fruitcake\\laravel-cors\\src\\HandleCors.php(38): Illuminate\\Pipeline\\Pipeline->Illuminate\\Pipeline\\{closure}(Object(Illuminate\\Http\\Request))
#42 D:\\كورس لارافيل\\contacts\\vendor\\laravel\\framework\\src\\Illuminate\\Pipeline\\Pipeline.php(180): Fruitcake\\Cors\\HandleCors->handle(Object(Illuminate\\Http\\Request), Object(Closure))
#43 D:\\كورس لارافيل\\contacts\\vendor\\laravel\\framework\\src\\Illuminate\\Http\\Middleware\\TrustProxies.php(39): Illuminate\\Pipeline\\Pipeline->Illuminate\\Pipeline\\{closure}(Object(Illuminate\\Http\\Request))
#44 D:\\كورس لارافيل\\contacts\\vendor\\laravel\\framework\\src\\Illuminate\\Pipeline\\Pipeline.php(180): Illuminate\\Http\\Middleware\\TrustProxies->handle(Object(Illuminate\\Http\\Request), Object(Closure))
#45 D:\\كورس لارافيل\\contacts\\vendor\\laravel\\framework\\src\\Illuminate\\Pipeline\\Pipeline.php(116): Illuminate\\Pipeline\\Pipeline->Illuminate\\Pipeline\\{closure}(Object(Illuminate\\Http\\Request))
#46 D:\\كورس لارافيل\\contacts\\vendor\\laravel\\framework\\src\\Illuminate\\Foundation\\Http\\Kernel.php(165): Illuminate\\Pipeline\\Pipeline->then(Object(Closure))
#47 D:\\كورس لارافيل\\contacts\\vendor\\laravel\\framework\\src\\Illuminate\\Foundation\\Http\\Kernel.php(134): Illuminate\\Foundation\\Http\\Kernel->sendRequestThroughRouter(Object(Illuminate\\Http\\Request))
#48 D:\\كورس لارافيل\\contacts\\public\\index.php(52): Illuminate\\Foundation\\Http\\Kernel->handle(Object(Illuminate\\Http\\Request))
#49 D:\\كورس لارافيل\\contacts\\vendor\\laravel\\framework\\src\\Illuminate\\Foundation\\resources\\server.php(16): require_once('D:\\\\\\xD9\\x83\\xD9\\x88\\xD8\\xB1\\xD8\\xB3 \\xD9\\x84\\xD8...')
#50 {main}

[previous exception] [object] (PDOException(code: 23000): SQLSTATE[23000]: Integrity constraint violation: 1048 Column 'name' cannot be null at D:\\كورس لارافيل\\contacts\\vendor\\laravel\\framework\\src\\Illuminate\\Database\\Connection.php:570)
[stacktrace]
#0 D:\\كورس لارافيل\\contacts\\vendor\\laravel\\framework\\src\\Illuminate\\Database\\Connection.php(570): PDOStatement->execute()
#1 D:\\كورس لارافيل\\contacts\\vendor\\laravel\\framework\\src\\Illuminate\\Database\\Connection.php(753): Illuminate\\Database\\Connection->Illuminate\\Database\\{closure}('update `contact...', Array)
#2 D:\\كورس لارافيل\\contacts\\vendor\\laravel\\framework\\src\\Illuminate\\Database\\Connection.php(720): Illuminate\\Database\\Connection->runQueryCallback('update `contact...', Array, Object(Closure))
#3 D:\\كورس لارافيل\\contacts\\vendor\\laravel\\framework\\src\\Illuminate\\Database\\Connection.php(577): Illuminate\\Database\\Connection->run('update `contact...', Array, Object(Closure))
#4 D:\\كورس لارافيل\\contacts\\vendor\\laravel\\framework\\src\\Illuminate\\Database\\Connection.php(510): Illuminate\\Database\\Connection->affectingStatement('update `contact...', Array)
#5 D:\\كورس لارافيل\\contacts\\vendor\\laravel\\framework\\src\\Illuminate\\Database\\Query\\Builder.php(3357): Illuminate\\Database\\Connection->update('update `contact...', Array)
#6 D:\\كورس لارافيل\\contacts\\app\\Http\\Controllers\\ContactController.php(38): Illuminate\\Database\\Query\\Builder->update(Array)
#7 D:\\كورس لارافيل\\contacts\\vendor\\laravel\\framework\\src\\Illuminate\\Routing\\Controller.php(54): App\\Http\\Controllers\\ContactController->update(Object(Illuminate\\Http\\Request), '1')
#8 D:\\كورس لارافيل\\contacts\\vendor\\laravel\\framework\\src\\Illuminate\\Routing\\ControllerDispatcher.php(43): Illuminate\\Routing\\Controller->callAction('update', Array)
#9 D:\\كورس لارافيل\\contacts\\vendor\\laravel\\framework\\src\\Illuminate\\Routing\\Route.php(260): Illuminate\\Routing\\ControllerDispatcher->dispatch(Object(Illuminate\\Routing\\Route), Object(App\\Http\\Controllers\\ContactController), 'update')
#10 D:\\كورس لارافيل\\contacts\\vendor\\laravel\\framework\\src\\Illuminate\\Routing\\Route.php(205): Illuminate\\Routing\\Route->runController()
#11 D:\\كورس لارافيل\\contacts\\vendor\\laravel\\framework\\src\\Illuminate\\Routing\\Router.php(798): Illuminate\\Routing\\Route->run()
#12 D:\\كورس لارافيل\\contacts\\vendor\\laravel\\framework\\src\\Illuminate\\Pipeline\\Pipeline.php(141): Illuminate\\Routing\\Router->Illuminate\\Routing\\{closure}(Object(Illuminate\\Http\\Request))
#13 D:\\كورس لارافيل\\contacts\\vendor\\laravel\\framework\\src\\Illuminate\\Routing\\Middleware\\SubstituteBindings.php(50): Illuminate\\Pipeline\\Pipeline->Illuminate\\Pipeline\\{closure}(Object(Illuminate\\Http\\Request))
#14 D:\\كورس لارافيل\\contacts\\vendor\\laravel\\framework\\src\\Illuminate\\Pipeline\\Pipeline.php(180): Illuminate\\Routing\\Middleware\\SubstituteBindings->handle(Object(Illuminate\\Http\\Request), Object(Closure))
#15 D:\\كورس لارافيل\\contacts\\vendor\\laravel\\framework\\src\\Illuminate\\Foundation\\Http\\Middleware\\VerifyCsrfToken.php(78): Illuminate\\Pipeline\\Pipeline->Illuminate\\Pipeline\\{closure}(Object(Illuminate\\Http\\Request))
#16 D:\\كورس لارافيل\\contacts\\vendor\\laravel\\framework\\src\\Illuminate\\Pipeline\\Pipeline.php(180): Illuminate\\Foundation\\Http\\Middleware\\VerifyCsrfToken->handle(Object(Illuminate\\Http\\Request), Object(Closure))
#17 D:\\كورس لارافيل\\contacts\\vendor\\laravel\\framework\\src\\Illuminate\\View\\Middleware\\ShareErrorsFromSession.php(49): Illuminate\\Pipeline\\Pipeline->Illuminate\\Pipeline\\{closure}(Object(Illuminate\\Http\\Request))
#18 D:\\كورس لارافيل\\contacts\\vendor\\laravel\\framework\\src\\Illuminate\\Pipeline\\Pipeline.php(180): Illuminate\\View\\Middleware\\ShareErrorsFromSession->handle(Object(Illuminate\\Http\\Request), Object(Closure))
#19 D:\\كورس لارافيل\\contacts\\vendor\\laravel\\framework\\src\\Illuminate\\Session\\Middleware\\StartSession.php(121): Illuminate\\Pipeline\\Pipeline->Illuminate\\Pipeline\\{closure}(Object(Illuminate\\Http\\Request))
#20 D:\\كورس لارافيل\\contacts\\vendor\\laravel\\framework\\src\\Illuminate\\Session\\Middleware\\StartSession.php(64): Illuminate\\Session\\Middleware\\StartSession->handleStatefulRequest(Object(Illuminate\\Http\\Request), Object(Illuminate\\Session\\Store), Object(Closure))
#21 D:\\كورس لارافيل\\contacts\\vendor\\laravel\\framework\\src\\Illuminate\\Pipeline\\Pipeline.php(180): Illuminate\\Session\\Middleware\\StartSession->handle(Object(Illuminate\\Http\\Request), Object(Closure))
#22 D:\\كورس لارافيل\\contacts\\vendor\\laravel\\framework\\src\\Illuminate\\Cookie\\Middleware\\AddQueuedCookiesToResponse.php(37): Illuminate\\Pipeline\\Pipeline->Illuminate\\Pipeline\\{closure}(Object(Illuminate\\Http\\Request))
#23 D:\\كورس لارافيل\\contacts\\vendor\\laravel\\framework\\src\\Illuminate\\Pipeline\\Pipeline.php(180): Illuminate\\Cookie\\Middleware\\AddQueuedCookiesToResponse->handle(Object(Illuminate\\Http\\Request), Object(Closure))
#24 D:\\كورس لارافيل\\contacts\\vendor\\laravel\\framework\\src\\Illuminate\\Cookie\\Middleware\\EncryptCookies.php(67): Illuminate\\Pipeline\\Pipeline->Illuminate\\Pipeline\\{closure}(Object(Illuminate\\Http\\Request))
#25 D:\\كورس لارافيل\\contacts\\vendor\\laravel\\framework\\src\\Illuminate\\Pipeline\\Pipeline.php(180): Illuminate\\Cookie\\Middleware\\EncryptCookies->handle(Object(Illuminate\\Http\\Request), Object(Closure))
#26 D:\\كورس لارافيل\\contacts\\vendor\\laravel\\framework\\src\\Illuminate\\Pipeline\\Pipeline.php(116): Illuminate\\Pipeline\\Pipeline->Illuminate\\Pipeline\\{closure}(Object(Illuminate\\Http\\Request))
#27 D:\\كورس لارافيل\\contacts\\vendor\\laravel\\framework\\src\\Illuminate\\Routing\\Router.php(799): Illuminate\\Pipeline\\Pipeline->then(Object(Closure))
#28 D:\\كورس لارافيل\\contacts\\vendor\\laravel\\framework\\src\\Illuminate\\Routing\\Router.php(776): Illuminate\\Routing\\Router->runRouteWithinStack(Object(Illuminate\\Routing\\Route), Object(Illuminate\\Http\\Request))
#29 D:\\كورس لارافيل\\contacts\\vendor\\laravel\\framework\\src\\Illuminate\\Routing\\Router.php(740): Illuminate\\Routing\\Router->runRoute(Object(Illuminate\\Http\\Request), Object(Illuminate\\Routing\\Route))
#30 D:\\كورس لارافيل\\contacts\\vendor\\laravel\\framework\\src\\Illuminate\\Routing\\Router.php(729): Illuminate\\Routing\\Router->dispatchToRoute(Object(Illuminate\\Http\\Request))
#31 D:\\كورس لارافيل\\contacts\\vendor\\laravel\\framework\\src\\Illuminate\\Foundation\\Http\\Kernel.php(190): Illuminate\\Routing\\Router->dispatch(Object(Illuminate\\Http\\Request))
#32 D:\\كورس لارافيل\\contacts\\vendor\\laravel\\framework\\src\\Illuminate\\Pipeline\\Pipeline.php(141): Illuminate\\Foundation\\Http\\Kernel->Illuminate\\Foundation\\Http\\{closure}(Object(Illuminate\\Http\\Request))
#33 D:\\كورس لارافيل\\contacts\\vendor\\laravel\\framework\\src\\Illuminate\\Foundation\\Http\\Middleware\\TransformsRequest.php(21): Illuminate\\Pipeline\\Pipeline->Illuminate\\Pipeline\\{closure}(Object(Illuminate\\Http\\Request))
#34 D:\\كورس لارافيل\\contacts\\vendor\\laravel\\framework\\src\\Illuminate\\Foundation\\Http\\Middleware\\ConvertEmptyStringsToNull.php(31): Illuminate\\Foundation\\Http\\Middleware\\TransformsRequest->handle(Object(Illuminate\\Http\\Request), Object(Closure))
#35 D:\\كورس لارافيل\\contacts\\vendor\\laravel\\framework\\src\\Illuminate\\Pipeline\\Pipeline.php(180): Illuminate\\Foundation\\Http\\Middleware\\ConvertEmptyStringsToNull->handle(Object(Illuminate\\Http\\Request), Object(Closure))
#36 D:\\كورس لارافيل\\contacts\\vendor\\laravel\\framework\\src\\Illuminate\\Foundation\\Http\\Middleware\\TransformsRequest.php(21): Illuminate\\Pipeline\\Pipeline->Illuminate\\Pipeline\\{closure}(Object(Illuminate\\Http\\Request))
#37 D:\\كورس لارافيل\\contacts\\vendor\\laravel\\framework\\src\\Illuminate\\Foundation\\Http\\Middleware\\TrimStrings.php(40): Illuminate\\Foundation\\Http\\Middleware\\TransformsRequest->handle(Object(Illuminate\\Http\\Request), Object(Closure))
#38 D:\\كورس لارافيل\\contacts\\vendor\\laravel\\framework\\src\\Illuminate\\Pipeline\\Pipeline.php(180): Illuminate\\Foundation\\Http\\Middleware\\TrimStrings->handle(Object(Illuminate\\Http\\Request), Object(Closure))
#39 D:\\كورس لارافيل\\contacts\\vendor\\laravel\\framework\\src\\Illuminate\\Foundation\\Http\\Middleware\\ValidatePostSize.php(27): Illuminate\\Pipeline\\Pipeline->Illuminate\\Pipeline\\{closure}(Object(Illuminate\\Http\\Request))
#40 D:\\كورس لارافيل\\contacts\\vendor\\laravel\\framework\\src\\Illuminate\\Pipeline\\Pipeline.php(180): Illuminate\\Foundation\\Http\\Middleware\\ValidatePostSize->handle(Object(Illuminate\\Http\\Request), Object(Closure))
#41 D:\\كورس لارافيل\\contacts\\vendor\\laravel\\framework\\src\\Illuminate\\Foundation\\Http\\Middleware\\PreventRequestsDuringMaintenance.php(86): Illuminate\\Pipeline\\Pipeline->Illuminate\\Pipeline\\{closure}(Object(Illuminate\\Http\\Request))
#42 D:\\كورس لارافيل\\contacts\\vendor\\laravel\\framework\\src\\Illuminate\\Pipeline\\Pipeline.php(180): Illuminate\\Foundation\\Http\\Middleware\\PreventRequestsDuringMaintenance->handle(Object(Illuminate\\Http\\Request), Object(Closure))
#43 D:\\كورس لارافيل\\contacts\\vendor\\fruitcake\\laravel-cors\\src\\HandleCors.php(38): Illuminate\\Pipeline\\Pipeline->Illuminate\\Pipeline\\{closure}(Object(Illuminate\\Http\\Request))
#44 D:\\كورس لارافيل\\contacts\\vendor\\laravel\\framework\\src\\Illuminate\\Pipeline\\Pipeline.php(180): Fruitcake\\Cors\\HandleCors->handle(Object(Illuminate\\Http\\Request), Object(Closure))
#45 D:\\كورس لارافيل\\contacts\\vendor\\laravel\\framework\\src\\Illuminate\\Http\\Middleware\\TrustProxies.php(39): Illuminate\\Pipeline\\Pipeline->Illuminate\\Pipeline\\{closure}(Object(Illuminate\\Http\\Request))
#46 D:\\كورس لارافيل\\contacts\\vendor\\laravel\\framework\\src\\Illuminate\\Pipeline\\Pipeline.php(180): Illuminate\\Http\\Middleware\\TrustProxies->handle(Object(Illuminate\\Http\\Request), Object(Closure))
#47 D:\\كورس لارافيل\\contacts\\vendor\\laravel\\framework\\src\\Illuminate\\Pipeline\\Pipeline.php(116): Illuminate\\Pipeline\\Pipeline->Illuminate\\Pipeline\\{closure}(Object(Illuminate\\Http\\Request))
#48 D:\\كورس لارافيل\\contacts\\vendor\\laravel\\framework\\src\\Illuminate\\Foundation\\Http\\Kernel.php(165): Illuminate\\Pipeline\\Pipeline->then(Object(Closure))
#49 D:\\كورس لارافيل\\contacts\\vendor\\laravel\\framework\\src\\Illuminate\\Foundation\\Http\\Kernel.php(134): Illuminate\\Foundation\\Http\\Kernel->sendRequestThroughRouter(Object(Illuminate\\Http\\Request))
#50 D:\\كورس لارافيل\\contacts\\public\\index.php(52): Illuminate\\Foundation\\Http\\Kernel->handle(Object(Illuminate\\Http\\Request))
#51 D:\\كورس لارافيل\\contacts\\vendor\\laravel\\framework\\src\\Illuminate\\Foundation\\resources\\server.php(16): require_once('D:\\\\\\xD9\\x83\\xD9\\x88\\xD8\\xB1\\xD8\\xB3 \\xD9\\x84\\xD8...')
#52 {main}
"} 
[2026-09-15 19:42:25] local.ERROR: SQLSTATE[23000]: Integrity constraint violation: 1048 Column 'name' cannot be null (SQL: update `contacts` set `name` = ?, `email` = ?, `phone` = ?, `category` = ? where `id` = 1) {"exception":"[object] (Illuminate\\Database\\QueryException(code: 23000): SQLSTATE[23000]: Integrity constraint violation: 1048 Column 'name' cannot be null (SQL: update `contacts` set `name` = ?, `email` = ?, `phone` = ?, `category` = ? where `id` = 1) at D:\\كورس لارافيل\\contacts\\vendor\\laravel\\framework\\src\\Illuminate\\Database\\Connection.php:760)
[stacktrace]
#0 D:\\كورس لارافيل\\contacts\\vendor\\laravel\\framework\\src\\Illuminate\\Database\\Connection.php(720): Illuminate\\Database\\Connection->runQueryCallback('update `contact...', Array, Object(Closure))
#1 D:\\كورس لارافيل\\contacts\\vendor\\laravel\\framework\\src\\Illuminate\\Database\\Connection.php(577): Illuminate\\Database\\Connection->run('update `contact...', Array, Object(Closure))
#2 D:\\كورس لارافيل\\contacts\\vendor\\laravel\\framework\\src\\Illuminate\\Database\\Connection.php(510): Illuminate\\Database\\Connection->affectingStatement('update `contact...', Array)
#3 D:\\كورس لارافيل\\contacts\\vendor\\laravel\\framework\\src\\Illuminate\\Database\\Query\\Builder.php(3357): Illuminate\\Database\\Connection->update('update `contact...', Array)
#4 D:\\كورس لارافيل\\contacts\\app\\Http\\Controllers\\ContactController.php(38): Illuminate\\Database\\Query\\Builder->update(Array)
#5 D:\\كورس لارافيل\\contacts\\vendor\\laravel\\framework\\src\\Illuminate\\Routing\\Controller.php(54): App\\Http\\Controllers\\ContactController->update(Object(Illuminate\\Http\\Request), '1')
#6 D:\\كورس لارافيل\\contacts\\vendor\\laravel\\framework\\src\\Illuminate\\Routing\\ControllerDispatcher.php(43): Illuminate\\Routing\\Controller->callAction('update', Array)
#7 D:\\كورس لارافيل\\contacts\\vendor\\laravel\\framework\\src\\Illuminate\\Routing\\Route.php(260): Illuminate\\Routing\\ControllerDispatcher->dispatch(Object(Illuminate\\Routing\\Route), Object(App\\Http\\Controllers\\ContactController), 'update')
#8 D:\\كورس لارافيل\\contacts\\vendor\\laravel\\framework\\src\\Illuminate\\Routing\\Route.php(205): Illuminate\\Routing\\Route->runController()
#9 D:\\كورس لارافيل\\contacts\\vendor\\laravel\\framework\\src\\Illuminate\\Routing\\Router.php(798): Illuminate\\Routing\\Route->run()
#10 D:\\كورس لارافيل\\contacts\\vendor\\laravel\\framework\\src\\Illuminate\\Pipeline\\Pipeline.php(141): Illuminate\\Routing\\Router->Illuminate\\Routing\\{closure}(Object(Illuminate\\Http\\Request))
#11 D:\\كورس لارافيل\\contacts\\vendor\\laravel\\framework\\src\\Illuminate\\Routing\\Middleware\\SubstituteBindings.php(50): Illuminate\\Pipeline\\Pipeline->Illuminate\\Pipeline\\{closure}(Object(Illuminate\\Http\\Request))
#12 D:\\كورس لارافيل\\contacts\\vendor\\laravel\\framework\\src\\Illuminate\\Pipeline\\Pipeline.php(180): Illuminate\\Routing\\Middleware\\SubstituteBindings->handle(Object(Illuminate\\Http\\Request), Object(Closure))
#13 D:\\كورس لارافيل\\contacts\\vendor\\laravel\\framework\\src\\Illuminate\\Foundation\\Http\\Middleware\\VerifyCsrfToken.php(78): Illuminate\\Pipeline\\Pipeline->Illuminate\\Pipeline\\{closure}(Object(Illuminate\\Http\\Request))
#14 D:\\كورس لارافيل\\contacts\\vendor\\laravel\\framework\\src\\Illuminate\\Pipeline\\Pipeline.php(180): Illuminate\\Foundation\\Http\\Middleware\\VerifyCsrfToken->handle(Object(Illuminate\\Http\\Request), Object(Closure))
#15 D:\\كورس لارافيل\\contacts\\vendor\\laravel\\framework\\src\\Illuminate\\View\\Middleware\\ShareErrorsFromSession.php(49): Illuminate\\Pipeline\\Pipeline->Illuminate\\Pipeline\\{closure}(Object(Illuminate\\Http\\Request))
#16 D:\\كورس لارافيل\\contacts\\vendor\\laravel\\framework\\src\\Illuminate\\Pipeline\\Pipeline.php(180): Illuminate\\View\\Middleware\\ShareErrorsFromSession->handle(Object(Illuminate\\Http\\Request), Object(Closure))
#17 D:\\كورس لارافيل\\contacts\\vendor\\laravel\\framework\\src\\Illuminate\\Session\\Middleware\\StartSession.php(121): Illuminate\\Pipeline\\Pipeline->Illuminate\\Pipeline\\{closure}(Object(Illuminate\\Http\\Request))
#18 D:\\كورس لارافيل\\contacts\\vendor\\laravel\\framework\\src\\Illuminate\\Session\\Middleware\\StartSession.php(64): Illuminate\\Session\\Middleware\\StartSession->handleStatefulRequest(Object(Illuminate\\Http\\Request), Object(Illuminate\\Session\\Store), Object(Closure))
#19 D:\\كورس لارافيل\\contacts\\vendor\\laravel\\framework\\src\\Illuminate\\Pipeline\\Pipeline.php(180): Illuminate\\Session\\Middleware\\StartSession->handle(Object(Illuminate\\Http\\Request), Object(Closure))
#20 D:\\كورس لارافيل\\contacts\\vendor\\laravel\\framework\\src\\Illuminate\\Cookie\\Middleware\\AddQueuedCookiesToResponse.php(37): Illuminate\\Pipeline\\Pipeline->Illuminate\\Pipeline\\{closure}(Object(Illuminate\\Http\\Request))
#21 D:\\كورس لارافيل\\contacts\\vendor\\laravel\\framework\\src\\Illuminate\\Pipeline\\Pipeline.php(180): Illuminate\\Cookie\\Middleware\\AddQueuedCookiesToResponse->handle(Object(Illuminate\\Http\\Request), Object(Closure))
#22 D:\\كورس لارافيل\\contacts\\vendor\\laravel\\framework\\src\\Illuminate\\Cookie\\Middleware\\EncryptCookies.php(67): Illuminate\\Pipeline\\Pipeline->Illuminate\\Pipeline\\{closure}(Object(Illuminate\\Http\\Request))
#23 D:\\كورس لارافيل\\contacts\\vendor\\laravel\\framework\\src\\Illuminate\\Pipeline\\Pipeline.php(180): Illuminate\\Cookie\\Middleware\\EncryptCookies->handle(Object(Illuminate\\Http\\Request), Object(Closure))
#24 D:\\كورس لارافيل\\contacts\\vendor\\laravel\\framework\\src\\Illuminate\\Pipeline\\Pipeline.php(116): Illuminate\\Pipeline\\Pipeline->Illuminate\\Pipeline\\{closure}(Object(Illuminate\\Http\\Request))
#25 D:\\كورس لارافيل\\contacts\\vendor\\laravel\\framework\\src\\Illuminate\\Routing\\Router.php(799): Illuminate\\Pipeline\\Pipeline->then(Object(Closure))
#26 D:\\كورس لارافيل\\contacts\\vendor\\laravel\\framework\\src\\Illuminate\\Routing\\Router.php(776): Illuminate\\Routing\\Router->runRouteWithinStack(Object(Illuminate\\Routing\\Route), Object(Illuminate\\Http\\Request))
#27 D:\\كورس لارافيل\\contacts\\vendor\\laravel\\framework\\src\\Illuminate\\Routing\\Router.php(740): Illuminate\\Routing\\Router->runRoute(Object(Illuminate\\Http\\Request), Object(Illuminate\\Routing\\Route))
#28 D:\\كورس لارافيل\\contacts\\vendor\\laravel\\framework\\src\\Illuminate\\Routing\\Router.php(729): Illuminate\\Routing\\Router->dispatchToRoute(Object(Illuminate\\Http\\Request))
#29 D:\\كورس لارافيل\\contacts\\vendor\\laravel\\framework\\src\\Illuminate\\Foundation\\Http\\Kernel.php(190): Illuminate\\Routing\\Router->dispatch(Object(Illuminate\\Http\\Request))
#30 D:\\كورس لارافيل\\contacts\\vendor\\laravel\\framework\\src\\Illuminate\\Pipeline\\Pipeline.php(141): Illuminate\\Foundation\\Http\\Kernel->Illuminate\\Foundation\\Http\\{closure}(Object(Illuminate\\Http\\Request))
#31 D:\\كورس لارافيل\\contacts\\vendor\\laravel\\framework\\src\\Illuminate\\Foundation\\Http\\Middleware\\TransformsRequest.php(21): Illuminate\\Pipeline\\Pipeline->Illuminate\\Pipeline\\{closure}(Object(Illuminate\\Http\\Request))
#32 D:\\كورس لارافيل\\contacts\\vendor\\laravel\\framework\\src\\Illuminate\\Foundation\\Http\\Middleware\\ConvertEmptyStringsToNull.php(31): Illuminate\\Foundation\\Http\\Middleware\\TransformsRequest->handle(Object(Illuminate\\Http\\Request), Object(Closure))
#33 D:\\كورس لارافيل\\contacts\\vendor\\laravel\\framework\\src\\Illuminate\\Pipeline\\Pipeline.php(180): Illuminate\\Foundation\\Http\\Middleware\\ConvertEmptyStringsToNull->handle(Object(Illuminate\\Http\\Request), Object(Closure))
#34 D:\\كورس لارافيل\\contacts\\vendor\\laravel\\framework\\src\\Illuminate\\Foundation\\Http\\Middleware\\TransformsRequest.php(21): Illuminate\\Pipeline\\Pipeline->Illuminate\\Pipeline\\{closure}(Object(Illuminate\\Http\\Request))
#35 D:\\كورس لارافيل\\contacts\\vendor\\laravel\\framework\\src\\Illuminate\\Foundation\\Http\\Middleware\\TrimStrings.php(40): Illuminate\\Foundation\\Http\\Middleware\\TransformsRequest->handle(Object(Illuminate\\Http\\Request), Object(Closure))
#36 D:\\كورس لارافيل\\contacts\\vendor\\laravel\\framework\\src\\Illuminate\\Pipeline\\Pipeline.php(180): Illuminate\\Foundation\\Http\\Middleware\\TrimStrings->handle(Object(Illuminate\\Http\\Request), Object(Closure))
#37 D:\\كورس لارافيل\\contacts\\vendor\\laravel\\framework\\src\\Illuminate\\Foundation\\Http\\Middleware\\ValidatePostSize.php(27): Illuminate\\Pipeline\\Pipeline->Illuminate\\Pipeline\\{closure}(Object(Illuminate\\Http\\Request))
#38 D:\\كورس لارافيل\\contacts\\vendor\\laravel\\framework\\src\\Illuminate\\Pipeline\\Pipeline.php(180): Illuminate\\Foundation\\Http\\Middleware\\ValidatePostSize->handle(Object(Illuminate\\Http\\Request), Object(Closure))
#39 D:\\كورس لارافيل\\contacts\\vendor\\laravel\\framework\\src\\Illuminate\\Foundation\\Http\\Middleware\\PreventRequestsDuringMaintenance.php(86): Illuminate\\Pipeline\\Pipeline->Illuminate\\Pipeline\\{closure}(Object(Illuminate\\Http\\Request))
#40 D:\\كورس لارافيل\\contacts\\vendor\\laravel\\framework\\src\\Illuminate\\Pipeline\\Pipeline.php(180): Illuminate\\Foundation\\Http\\Middleware\\PreventRequestsDuringMaintenance->handle(Object(Illuminate\\Http\\Request), Object(Closure))
#41 D:\\كورس لارافيل\\contacts\\vendor\\fruitcake\\laravel-cors\\src\\HandleCors.php(38): Illuminate\\Pipeline\\Pipeline->Illuminate\\Pipeline\\{closure}(Object(Illuminate\\Http\\Request))
#42 D:\\كورس لارافيل\\contacts\\vendor\\laravel\\framework\\src\\Illuminate\\Pipeline\\Pipeline.php(180): Fruitcake\\Cors\\HandleCors->handle(Object(Illuminate\\Http\\Request), Object(Closure))
#43 D:\\كورس لارافيل\\contacts\\vendor\\laravel\\framework\\src\\Illuminate\\Http\\Middleware\\TrustProxies.php(39): Illuminate\\Pipeline\\Pipeline->Illuminate\\Pipeline\\{closure}(Object(Illuminate\\Http\\Request))
#44 D:\\كورس لارافيل\\contacts\\vendor\\laravel\\framework\\src\\Illuminate\\Pipeline\\Pipeline.php(180): Illuminate\\Http\\Middleware\\TrustProxies->handle(Object(Illuminate\\Http\\Request), Object(Closure))
#45 D:\\كورس لارافيل\\contacts\\vendor\\laravel\\framework\\src\\Illuminate\\Pipeline\\Pipeline.php(116): Illuminate\\Pipeline\\Pipeline->Illuminate\\Pipeline\\{closure}(Object(Illuminate\\Http\\Request))
#46 D:\\كورس لارافيل\\contacts\\vendor\\laravel\\framework\\src\\Illuminate\\Foundation\\Http\\Kernel.php(165): Illuminate\\Pipeline\\Pipeline->then(Object(Closure))
#47 D:\\كورس لارافيل\\contacts\\vendor\\laravel\\framework\\src\\Illuminate\\Foundation\\Http\\Kernel.php(134): Illuminate\\Foundation\\Http\\Kernel->sendRequestThroughRouter(Object(Illuminate\\Http\\Request))
#48 D:\\كورس لارافيل\\contacts\\public\\index.php(52): Illuminate\\Foundation\\Http\\Kernel->handle(Object(Illuminate\\Http\\Request))
#49 D:\\كورس لارافيل\\contacts\\vendor\\laravel\\framework\\src\\Illuminate\\Foundation\\resources\\server.php(16): require_once('D:\\\\\\xD9\\x83\\xD9\\x88\\xD8\\xB1\\xD8\\xB3 \\xD9\\x84\\xD8...')
#50 {main}

[previous exception] [object] (PDOException(code: 23000): SQLSTATE[23000]: Integrity constraint violation: 1048 Column 'name' cannot be null at D:\\كورس لارافيل\\contacts\\vendor\\laravel\\framework\\src\\Illuminate\\Database\\Connection.php:570)
[stacktrace]
#0 D:\\كورس لارافيل\\contacts\\vendor\\laravel\\framework\\src\\Illuminate\\Database\\Connection.php(570): PDOStatement->execute()
#1 D:\\كورس لارافيل\\contacts\\vendor\\laravel\\framework\\src\\Illuminate\\Database\\Connection.php(753): Illuminate\\Database\\Connection->Illuminate\\Database\\{closure}('update `contact...', Array)
#2 D:\\كورس لارافيل\\contacts\\vendor\\laravel\\framework\\src\\Illuminate\\Database\\Connection.php(720): Illuminate\\Database\\Connection->runQueryCallback('update `contact...', Array, Object(Closure))
#3 D:\\كورس لارافيل\\contacts\\vendor\\laravel\\framework\\src\\Illuminate\\Database\\Connection.php(577): Illuminate\\Database\\Connection->run('update `contact...', Array, Object(Closure))
#4 D:\\كورس لارافيل\\contacts\\vendor\\laravel\\framework\\src\\Illuminate\\Database\\Connection.php(510): Illuminate\\Database\\Connection->affectingStatement('update `contact...', Array)
#5 D:\\كورس لارافيل\\contacts\\vendor\\laravel\\framework\\src\\Illuminate\\Database\\Query\\Builder.php(3357): Illuminate\\Database\\Connection->update('update `contact...', Array)
#6 D:\\كورس لارافيل\\contacts\\app\\Http\\Controllers\\ContactController.php(38): Illuminate\\Database\\Query\\Builder->update(Array)
#7 D:\\كورس لارافيل\\contacts\\vendor\\laravel\\framework\\src\\Illuminate\\Routing\\Controller.php(54): App\\Http\\Controllers\\ContactController->update(Object(Illuminate\\Http\\Request), '1')
#8 D:\\كورس لارافيل\\contacts\\vendor\\laravel\\framework\\src\\Illuminate\\Routing\\ControllerDispatcher.php(43): Illuminate\\Routing\\Controller->callAction('update', Array)
#9 D:\\كورس لارافيل\\contacts\\vendor\\laravel\\framework\\src\\Illuminate\\Routing\\Route.php(260): Illuminate\\Routing\\ControllerDispatcher->dispatch(Object(Illuminate\\Routing\\Route), Object(App\\Http\\Controllers\\ContactController), 'update')
#10 D:\\كورس لارافيل\\contacts\\vendor\\laravel\\framework\\src\\Illuminate\\Routing\\Route.php(205): Illuminate\\Routing\\Route->runController()
#11 D:\\كورس لارافيل\\contacts\\vendor\\laravel\\framework\\src\\Illuminate\\Routing\\Router.php(798): Illuminate\\Routing\\Route->run()
#12 D:\\كورس لارافيل\\contacts\\vendor\\laravel\\framework\\src\\Illuminate\\Pipeline\\Pipeline.php(141): Illuminate\\Routing\\Router->Illuminate\\Routing\\{closure}(Object(Illuminate\\Http\\Request))
#13 D:\\كورس لارافيل\\contacts\\vendor\\laravel\\framework\\src\\Illuminate\\Routing\\Middleware\\SubstituteBindings.php(50): Illuminate\\Pipeline\\Pipeline->Illuminate\\Pipeline\\{closure}(Object(Illuminate\\Http\\Request))
#14 D:\\كورس لارافيل\\contacts\\vendor\\laravel\\framework\\src\\Illuminate\\Pipeline\\Pipeline.php(180): Illuminate\\Routing\\Middleware\\SubstituteBindings->handle(Object(Illuminate\\Http\\Request), Object(Closure))
#15 D:\\كورس لارافيل\\contacts\\vendor\\laravel\\framework\\src\\Illuminate\\Foundation\\Http\\Middleware\\VerifyCsrfToken.php(78): Illuminate\\Pipeline\\Pipeline->Illuminate\\Pipeline\\{closure}(Object(Illuminate\\Http\\Request))
#16 D:\\كورس لارافيل\\contacts\\vendor\\laravel\\framework\\src\\Illuminate\\Pipeline\\Pipeline.php(180): Illuminate\\Foundation\\Http\\Middleware\\VerifyCsrfToken->handle(Object(Illuminate\\Http\\Request), Object(Closure))
#17 D:\\كورس لارافيل\\contacts\\vendor\\laravel\\framework\\src\\Illuminate\\View\\Middleware\\ShareErrorsFromSession.php(49): Illuminate\\Pipeline\\Pipeline->Illuminate\\Pipeline\\{closure}(Object(Illuminate\\Http\\Request))
#18 D:\\كورس لارافيل\\contacts\\vendor\\laravel\\framework\\src\\Illuminate\\Pipeline\\Pipeline.php(180): Illuminate\\View\\Middleware\\ShareErrorsFromSession->handle(Object(Illuminate\\Http\\Request), Object(Closure))
#19 D:\\كورس لارافيل\\contacts\\vendor\\laravel\\framework\\src\\Illuminate\\Session\\Middleware\\StartSession.php(121): Illuminate\\Pipeline\\Pipeline->Illuminate\\Pipeline\\{closure}(Object(Illuminate\\Http\\Request))
#20 D:\\كورس لارافيل\\contacts\\vendor\\laravel\\framework\\src\\Illuminate\\Session\\Middleware\\StartSession.php(64): Illuminate\\Session\\Middleware\\StartSession->handleStatefulRequest(Object(Illuminate\\Http\\Request), Object(Illuminate\\Session\\Store), Object(Closure))
#21 D:\\كورس لارافيل\\contacts\\vendor\\laravel\\framework\\src\\Illuminate\\Pipeline\\Pipeline.php(180): Illuminate\\Session\\Middleware\\StartSession->handle(Object(Illuminate\\Http\\Request), Object(Closure))
#22 D:\\كورس لارافيل\\contacts\\vendor\\laravel\\framework\\src\\Illuminate\\Cookie\\Middleware\\AddQueuedCookiesToResponse.php(37): Illuminate\\Pipeline\\Pipeline->Illuminate\\Pipeline\\{closure}(Object(Illuminate\\Http\\Request))
#23 D:\\كورس لارافيل\\contacts\\vendor\\laravel\\framework\\src\\Illuminate\\Pipeline\\Pipeline.php(180): Illuminate\\Cookie\\Middleware\\AddQueuedCookiesToResponse->handle(Object(Illuminate\\Http\\Request), Object(Closure))
#24 D:\\كورس لارافيل\\contacts\\vendor\\laravel\\framework\\src\\Illuminate\\Cookie\\Middleware\\EncryptCookies.php(67): Illuminate\\Pipeline\\Pipeline->Illuminate\\Pipeline\\{closure}(Object(Illuminate\\Http\\Request))
#25 D:\\كورس لارافيل\\contacts\\vendor\\laravel\\framework\\src\\Illuminate\\Pipeline\\Pipeline.php(180): Illuminate\\Cookie\\Middleware\\EncryptCookies->handle(Object(Illuminate\\Http\\Request), Object(Closure))
#26 D:\\كورس لارافيل\\contacts\\vendor\\laravel\\framework\\src\\Illuminate\\Pipeline\\Pipeline.php(116): Illuminate\\Pipeline\\Pipeline->Illuminate\\Pipeline\\{closure}(Object(Illuminate\\Http\\Request))
#27 D:\\كورس لارافيل\\contacts\\vendor\\laravel\\framework\\src\\Illuminate\\Routing\\Router.php(799): Illuminate\\Pipeline\\Pipeline->then(Object(Closure))
#28 D:\\كورس لارافيل\\contacts\\vendor\\laravel\\framework\\src\\Illuminate\\Routing\\Router.php(776): Illuminate\\Routing\\Router->runRouteWithinStack(Object(Illuminate\\Routing\\Route), Object(Illuminate\\Http\\Request))
#29 D:\\كورس لارافيل\\contacts\\vendor\\laravel\\framework\\src\\Illuminate\\Routing\\Router.php(740): Illuminate\\Routing\\Router->runRoute(Object(Illuminate\\Http\\Request), Object(Illuminate\\Routing\\Route))
#30 D:\\كورس لارافيل\\contacts\\vendor\\laravel\\framework\\src\\Illuminate\\Routing\\Router.php(729): Illuminate\\Routing\\Router->dispatchToRoute(Object(Illuminate\\Http\\Request))
#31 D:\\كورس لارافيل\\contacts\\vendor\\laravel\\framework\\src\\Illuminate\\Foundation\\Http\\Kernel.php(190): Illuminate\\Routing\\Router->dispatch(Object(Illuminate\\Http\\Request))
#32 D:\\كورس لارافيل\\contacts\\vendor\\laravel\\framework\\src\\Illuminate\\Pipeline\\Pipeline.php(141): Illuminate\\Foundation\\Http\\Kernel->Illuminate\\Foundation\\Http\\{closure}(Object(Illuminate\\Http\\Request))
#33 D:\\كورس لارافيل\\contacts\\vendor\\laravel\\framework\\src\\Illuminate\\Foundation\\Http\\Middleware\\TransformsRequest.php(21): Illuminate\\Pipeline\\Pipeline->Illuminate\\Pipeline\\{closure}(Object(Illuminate\\Http\\Request))
#34 D:\\كورس لارافيل\\contacts\\vendor\\laravel\\framework\\src\\Illuminate\\Foundation\\Http\\Middleware\\ConvertEmptyStringsToNull.php(31): Illuminate\\Foundation\\Http\\Middleware\\TransformsRequest->handle(Object(Illuminate\\Http\\Request), Object(Closure))
#35 D:\\كورس لارافيل\\contacts\\vendor\\laravel\\framework\\src\\Illuminate\\Pipeline\\Pipeline.php(180): Illuminate\\Foundation\\Http\\Middleware\\ConvertEmptyStringsToNull->handle(Object(Illuminate\\Http\\Request), Object(Closure))
#36 D:\\كورس لارافيل\\contacts\\vendor\\laravel\\framework\\src\\Illuminate\\Foundation\\Http\\Middleware\\TransformsRequest.php(21): Illuminate\\Pipeline\\Pipeline->Illuminate\\Pipeline\\{closure}(Object(Illuminate\\Http\\Request))
#37 D:\\كورس لارافيل\\contacts\\vendor\\laravel\\framework\\src\\Illuminate\\Foundation\\Http\\Middleware\\TrimStrings.php(40): Illuminate\\Foundation\\Http\\Middleware\\TransformsRequest->handle(Object(Illuminate\\Http\\Request), Object(Closure))
#38 D:\\كورس لارافيل\\contacts\\vendor\\laravel\\framework\\src\\Illuminate\\Pipeline\\Pipeline.php(180): Illuminate\\Foundation\\Http\\Middleware\\TrimStrings->handle(Object(Illuminate\\Http\\Request), Object(Closure))
#39 D:\\كورس لارافيل\\contacts\\vendor\\laravel\\framework\\src\\Illuminate\\Foundation\\Http\\Middleware\\ValidatePostSize.php(27): Illuminate\\Pipeline\\Pipeline->Illuminate\\Pipeline\\{closure}(Object(Illuminate\\Http\\Request))
#40 D:\\كورس لارافيل\\contacts\\vendor\\laravel\\framework\\src\\Illuminate\\Pipeline\\Pipeline.php(180): Illuminate\\Foundation\\Http\\Middleware\\ValidatePostSize->handle(Object(Illuminate\\Http\\Request), Object(Closure))
#41 D:\\كورس لارافيل\\contacts\\vendor\\laravel\\framework\\src\\Illuminate\\Foundation\\Http\\Middleware\\PreventRequestsDuringMaintenance.php(86): Illuminate\\Pipeline\\Pipeline->Illuminate\\Pipeline\\{closure}(Object(Illuminate\\Http\\Request))
#42 D:\\كورس لارافيل\\contacts\\vendor\\laravel\\framework\\src\\Illuminate\\Pipeline\\Pipeline.php(180): Illuminate\\Foundation\\Http\\Middleware\\PreventRequestsDuringMaintenance->handle(Object(Illuminate\\Http\\Request), Object(Closure))
#43 D:\\كورس لارافيل\\contacts\\vendor\\fruitcake\\laravel-cors\\src\\HandleCors.php(38): Illuminate\\Pipeline\\Pipeline->Illuminate\\Pipeline\\{closure}(Object(Illuminate\\Http\\Request))
#44 D:\\كورس لارافيل\\contacts\\vendor\\laravel\\framework\\src\\Illuminate\\Pipeline\\Pipeline.php(180): Fruitcake\\Cors\\HandleCors->handle(Object(Illuminate\\Http\\Request), Object(Closure))
#45 D:\\كورس لارافيل\\contacts\\vendor\\laravel\\framework\\src\\Illuminate\\Http\\Middleware\\TrustProxies.php(39): Illuminate\\Pipeline\\Pipeline->Illuminate\\Pipeline\\{closure}(Object(Illuminate\\Http\\Request))
#46 D:\\كورس لارافيل\\contacts\\vendor\\laravel\\framework\\src\\Illuminate\\Pipeline\\Pipeline.php(180): Illuminate\\Http\\Middleware\\TrustProxies->handle(Object(Illuminate\\Http\\Request), Object(Closure))
#47 D:\\كورس لارافيل\\contacts\\vendor\\laravel\\framework\\src\\Illuminate\\Pipeline\\Pipeline.php(116): Illuminate\\Pipeline\\Pipeline->Illuminate\\Pipeline\\{closure}(Object(Illuminate\\Http\\Request))
#48 D:\\كورس لارافيل\\contacts\\vendor\\laravel\\framework\\src\\Illuminate\\Foundation\\Http\\Kernel.php(165): Illuminate\\Pipeline\\Pipeline->then(Object(Closure))
#49 D:\\كورس لارافيل\\contacts\\vendor\\laravel\\framework\\src\\Illuminate\\Foundation\\Http\\Kernel.php(134): Illuminate\\Foundation\\Http\\Kernel->sendRequestThroughRouter(Object(Illuminate\\Http\\Request))
#50 D:\\كورس لارافيل\\contacts\\public\\index.php(52): Illuminate\\Foundation\\Http\\Kernel->handle(Object(Illuminate\\Http\\Request))
#51 D:\\كورس لارافيل\\contacts\\vendor\\laravel\\framework\\src\\Illuminate\\Foundation\\resources\\server.php(16): require_once('D:\\\\\\xD9\\x83\\xD9\\x88\\xD8\\xB1\\xD8\\xB3 \\xD9\\x84\\xD8...')
#52 {main}
"} 
[2026-09-15 19:42:33] local.ERROR: SQLSTATE[23000]: Integrity constraint violation: 1048 Column 'name' cannot be null (SQL: update `contacts` set `name` = ?, `email` = ?, `phone` = ?, `category` = ? where `id` = 1) {"exception":"[object] (Illuminate\\Database\\QueryException(code: 23000): SQLSTATE[23000]: Integrity constraint violation: 1048 Column 'name' cannot be null (SQL: update `contacts` set `name` = ?, `email` = ?, `phone` = ?, `category` = ? where `id` = 1) at D:\\كورس لارافيل\\contacts\\vendor\\laravel\\framework\\src\\Illuminate\\Database\\Connection.php:760)
[stacktrace]
#0 D:\\كورس لارافيل\\contacts\\vendor\\laravel\\framework\\src\\Illuminate\\Database\\Connection.php(720): Illuminate\\Database\\Connection->runQueryCallback('update `contact...', Array, Object(Closure))
#1 D:\\كورس لارافيل\\contacts\\vendor\\laravel\\framework\\src\\Illuminate\\Database\\Connection.php(577): Illuminate\\Database\\Connection->run('update `contact...', Array, Object(Closure))
#2 D:\\كورس لارافيل\\contacts\\vendor\\laravel\\framework\\src\\Illuminate\\Database\\Connection.php(510): Illuminate\\Database\\Connection->affectingStatement('update `contact...', Array)
#3 D:\\كورس لارافيل\\contacts\\vendor\\laravel\\framework\\src\\Illuminate\\Database\\Query\\Builder.php(3357): Illuminate\\Database\\Connection->update('update `contact...', Array)
#4 D:\\كورس لارافيل\\contacts\\app\\Http\\Controllers\\ContactController.php(38): Illuminate\\Database\\Query\\Builder->update(Array)
#5 D:\\كورس لارافيل\\contacts\\vendor\\laravel\\framework\\src\\Illuminate\\Routing\\Controller.php(54): App\\Http\\Controllers\\ContactController->update(Object(Illuminate\\Http\\Request), '1')
#6 D:\\كورس لارافيل\\contacts\\vendor\\laravel\\framework\\src\\Illuminate\\Routing\\ControllerDispatcher.php(43): Illuminate\\Routing\\Controller->callAction('update', Array)
#7 D:\\كورس لارافيل\\contacts\\vendor\\laravel\\framework\\src\\Illuminate\\Routing\\Route.php(260): Illuminate\\Routing\\ControllerDispatcher->dispatch(Object(Illuminate\\Routing\\Route), Object(App\\Http\\Controllers\\ContactController), 'update')
#8 D:\\كورس لارافيل\\contacts\\vendor\\laravel\\framework\\src\\Illuminate\\Routing\\Route.php(205): Illuminate\\Routing\\Route->runController()
#9 D:\\كورس لارافيل\\contacts\\vendor\\laravel\\framework\\src\\Illuminate\\Routing\\Router.php(798): Illuminate\\Routing\\Route->run()
#10 D:\\كورس لارافيل\\contacts\\vendor\\laravel\\framework\\src\\Illuminate\\Pipeline\\Pipeline.php(141): Illuminate\\Routing\\Router->Illuminate\\Routing\\{closure}(Object(Illuminate\\Http\\Request))
#11 D:\\كورس لارافيل\\contacts\\vendor\\laravel\\framework\\src\\Illuminate\\Routing\\Middleware\\SubstituteBindings.php(50): Illuminate\\Pipeline\\Pipeline->Illuminate\\Pipeline\\{closure}(Object(Illuminate\\Http\\Request))
#12 D:\\كورس لارافيل\\contacts\\vendor\\laravel\\framework\\src\\Illuminate\\Pipeline\\Pipeline.php(180): Illuminate\\Routing\\Middleware\\SubstituteBindings->handle(Object(Illuminate\\Http\\Request), Object(Closure))
#13 D:\\كورس لارافيل\\contacts\\vendor\\laravel\\framework\\src\\Illuminate\\Foundation\\Http\\Middleware\\VerifyCsrfToken.php(78): Illuminate\\Pipeline\\Pipeline->Illuminate\\Pipeline\\{closure}(Object(Illuminate\\Http\\Request))
#14 D:\\كورس لارافيل\\contacts\\vendor\\laravel\\framework\\src\\Illuminate\\Pipeline\\Pipeline.php(180): Illuminate\\Foundation\\Http\\Middleware\\VerifyCsrfToken->handle(Object(Illuminate\\Http\\Request), Object(Closure))
#15 D:\\كورس لارافيل\\contacts\\vendor\\laravel\\framework\\src\\Illuminate\\View\\Middleware\\ShareErrorsFromSession.php(49): Illuminate\\Pipeline\\Pipeline->Illuminate\\Pipeline\\{closure}(Object(Illuminate\\Http\\Request))
#16 D:\\كورس لارافيل\\contacts\\vendor\\laravel\\framework\\src\\Illuminate\\Pipeline\\Pipeline.php(180): Illuminate\\View\\Middleware\\ShareErrorsFromSession->handle(Object(Illuminate\\Http\\Request), Object(Closure))
#17 D:\\كورس لارافيل\\contacts\\vendor\\laravel\\framework\\src\\Illuminate\\Session\\Middleware\\StartSession.php(121): Illuminate\\Pipeline\\Pipeline->Illuminate\\Pipeline\\{closure}(Object(Illuminate\\Http\\Request))
#18 D:\\كورس لارافيل\\contacts\\vendor\\laravel\\framework\\src\\Illuminate\\Session\\Middleware\\StartSession.php(64): Illuminate\\Session\\Middleware\\StartSession->handleStatefulRequest(Object(Illuminate\\Http\\Request), Object(Illuminate\\Session\\Store), Object(Closure))
#19 D:\\كورس لارافيل\\contacts\\vendor\\laravel\\framework\\src\\Illuminate\\Pipeline\\Pipeline.php(180): Illuminate\\Session\\Middleware\\StartSession->handle(Object(Illuminate\\Http\\Request), Object(Closure))
#20 D:\\كورس لارافيل\\contacts\\vendor\\laravel\\framework\\src\\Illuminate\\Cookie\\Middleware\\AddQueuedCookiesToResponse.php(37): Illuminate\\Pipeline\\Pipeline->Illuminate\\Pipeline\\{closure}(Object(Illuminate\\Http\\Request))
#21 D:\\كورس لارافيل\\contacts\\vendor\\laravel\\framework\\src\\Illuminate\\Pipeline\\Pipeline.php(180): Illuminate\\Cookie\\Middleware\\AddQueuedCookiesToResponse->handle(Object(Illuminate\\Http\\Request), Object(Closure))
#22 D:\\كورس لارافيل\\contacts\\vendor\\laravel\\framework\\src\\Illuminate\\Cookie\\Middleware\\EncryptCookies.php(67): Illuminate\\Pipeline\\Pipeline->Illuminate\\Pipeline\\{closure}(Object(Illuminate\\Http\\Request))
#23 D:\\كورس لارافيل\\contacts\\vendor\\laravel\\framework\\src\\Illuminate\\Pipeline\\Pipeline.php(180): Illuminate\\Cookie\\Middleware\\EncryptCookies->handle(Object(Illuminate\\Http\\Request), Object(Closure))
#24 D:\\كورس لارافيل\\contacts\\vendor\\laravel\\framework\\src\\Illuminate\\Pipeline\\Pipeline.php(116): Illuminate\\Pipeline\\Pipeline->Illuminate\\Pipeline\\{closure}(Object(Illuminate\\Http\\Request))
#25 D:\\كورس لارافيل\\contacts\\vendor\\laravel\\framework\\src\\Illuminate\\Routing\\Router.php(799): Illuminate\\Pipeline\\Pipeline->then(Object(Closure))
#26 D:\\كورس لارافيل\\contacts\\vendor\\laravel\\framework\\src\\Illuminate\\Routing\\Router.php(776): Illuminate\\Routing\\Router->runRouteWithinStack(Object(Illuminate\\Routing\\Route), Object(Illuminate\\Http\\Request))
#27 D:\\كورس لارافيل\\contacts\\vendor\\laravel\\framework\\src\\Illuminate\\Routing\\Router.php(740): Illuminate\\Routing\\Router->runRoute(Object(Illuminate\\Http\\Request), Object(Illuminate\\Routing\\Route))
#28 D:\\كورس لارافيل\\contacts\\vendor\\laravel\\framework\\src\\Illuminate\\Routing\\Router.php(729): Illuminate\\Routing\\Router->dispatchToRoute(Object(Illuminate\\Http\\Request))
#29 D:\\كورس لارافيل\\contacts\\vendor\\laravel\\framework\\src\\Illuminate\\Foundation\\Http\\Kernel.php(190): Illuminate\\Routing\\Router->dispatch(Object(Illuminate\\Http\\Request))
#30 D:\\كورس لارافيل\\contacts\\vendor\\laravel\\framework\\src\\Illuminate\\Pipeline\\Pipeline.php(141): Illuminate\\Foundation\\Http\\Kernel->Illuminate\\Foundation\\Http\\{closure}(Object(Illuminate\\Http\\Request))
#31 D:\\كورس لارافيل\\contacts\\vendor\\laravel\\framework\\src\\Illuminate\\Foundation\\Http\\Middleware\\TransformsRequest.php(21): Illuminate\\Pipeline\\Pipeline->Illuminate\\Pipeline\\{closure}(Object(Illuminate\\Http\\Request))
#32 D:\\كورس لارافيل\\contacts\\vendor\\laravel\\framework\\src\\Illuminate\\Foundation\\Http\\Middleware\\ConvertEmptyStringsToNull.php(31): Illuminate\\Foundation\\Http\\Middleware\\TransformsRequest->handle(Object(Illuminate\\Http\\Request), Object(Closure))
#33 D:\\كورس لارافيل\\contacts\\vendor\\laravel\\framework\\src\\Illuminate\\Pipeline\\Pipeline.php(180): Illuminate\\Foundation\\Http\\Middleware\\ConvertEmptyStringsToNull->handle(Object(Illuminate\\Http\\Request), Object(Closure))
#34 D:\\كورس لارافيل\\contacts\\vendor\\laravel\\framework\\src\\Illuminate\\Foundation\\Http\\Middleware\\TransformsRequest.php(21): Illuminate\\Pipeline\\Pipeline->Illuminate\\Pipeline\\{closure}(Object(Illuminate\\Http\\Request))
#35 D:\\كورس لارافيل\\contacts\\vendor\\laravel\\framework\\src\\Illuminate\\Foundation\\Http\\Middleware\\TrimStrings.php(40): Illuminate\\Foundation\\Http\\Middleware\\TransformsRequest->handle(Object(Illuminate\\Http\\Request), Object(Closure))
#36 D:\\كورس لارافيل\\contacts\\vendor\\laravel\\framework\\src\\Illuminate\\Pipeline\\Pipeline.php(180): Illuminate\\Foundation\\Http\\Middleware\\TrimStrings->handle(Object(Illuminate\\Http\\Request), Object(Closure))
#37 D:\\كورس لارافيل\\contacts\\vendor\\laravel\\framework\\src\\Illuminate\\Foundation\\Http\\Middleware\\ValidatePostSize.php(27): Illuminate\\Pipeline\\Pipeline->Illuminate\\Pipeline\\{closure}(Object(Illuminate\\Http\\Request))
#38 D:\\كورس لارافيل\\contacts\\vendor\\laravel\\framework\\src\\Illuminate\\Pipeline\\Pipeline.php(180): Illuminate\\Foundation\\Http\\Middleware\\ValidatePostSize->handle(Object(Illuminate\\Http\\Request), Object(Closure))
#39 D:\\كورس لارافيل\\contacts\\vendor\\laravel\\framework\\src\\Illuminate\\Foundation\\Http\\Middleware\\PreventRequestsDuringMaintenance.php(86): Illuminate\\Pipeline\\Pipeline->Illuminate\\Pipeline\\{closure}(Object(Illuminate\\Http\\Request))
#40 D:\\كورس لارافيل\\contacts\\vendor\\laravel\\framework\\src\\Illuminate\\Pipeline\\Pipeline.php(180): Illuminate\\Foundation\\Http\\Middleware\\PreventRequestsDuringMaintenance->handle(Object(Illuminate\\Http\\Request), Object(Closure))
#41 D:\\كورس لارافيل\\contacts\\vendor\\fruitcake\\laravel-cors\\src\\HandleCors.php(38): Illuminate\\Pipeline\\Pipeline->Illuminate\\Pipeline\\{closure}(Object(Illuminate\\Http\\Request))
#42 D:\\كورس لارافيل\\contacts\\vendor\\laravel\\framework\\src\\Illuminate\\Pipeline\\Pipeline.php(180): Fruitcake\\Cors\\HandleCors->handle(Object(Illuminate\\Http\\Request), Object(Closure))
#43 D:\\كورس لارافيل\\contacts\\vendor\\laravel\\framework\\src\\Illuminate\\Http\\Middleware\\TrustProxies.php(39): Illuminate\\Pipeline\\Pipeline->Illuminate\\Pipeline\\{closure}(Object(Illuminate\\Http\\Request))
#44 D:\\كورس لارافيل\\contacts\\vendor\\laravel\\framework\\src\\Illuminate\\Pipeline\\Pipeline.php(180): Illuminate\\Http\\Middleware\\TrustProxies->handle(Object(Illuminate\\Http\\Request), Object(Closure))
#45 D:\\كورس لارافيل\\contacts\\vendor\\laravel\\framework\\src\\Illuminate\\Pipeline\\Pipeline.php(116): Illuminate\\Pipeline\\Pipeline->Illuminate\\Pipeline\\{closure}(Object(Illuminate\\Http\\Request))
#46 D:\\كورس لارافيل\\contacts\\vendor\\laravel\\framework\\src\\Illuminate\\Foundation\\Http\\Kernel.php(165): Illuminate\\Pipeline\\Pipeline->then(Object(Closure))
#47 D:\\كورس لارافيل\\contacts\\vendor\\laravel\\framework\\src\\Illuminate\\Foundation\\Http\\Kernel.php(134): Illuminate\\Foundation\\Http\\Kernel->sendRequestThroughRouter(Object(Illuminate\\Http\\Request))
#48 D:\\كورس لارافيل\\contacts\\public\\index.php(52): Illuminate\\Foundation\\Http\\Kernel->handle(Object(Illuminate\\Http\\Request))
#49 D:\\كورس لارافيل\\contacts\\vendor\\laravel\\framework\\src\\Illuminate\\Foundation\\resources\\server.php(16): require_once('D:\\\\\\xD9\\x83\\xD9\\x88\\xD8\\xB1\\xD8\\xB3 \\xD9\\x84\\xD8...')
#50 {main}

[previous exception] [object] (PDOException(code: 23000): SQLSTATE[23000]: Integrity constraint violation: 1048 Column 'name' cannot be null at D:\\كورس لارافيل\\contacts\\vendor\\laravel\\framework\\src\\Illuminate\\Database\\Connection.php:570)
[stacktrace]
#0 D:\\كورس لارافيل\\contacts\\vendor\\laravel\\framework\\src\\Illuminate\\Database\\Connection.php(570): PDOStatement->execute()
#1 D:\\كورس لارافيل\\contacts\\vendor\\laravel\\framework\\src\\Illuminate\\Database\\Connection.php(753): Illuminate\\Database\\Connection->Illuminate\\Database\\{closure}('update `contact...', Array)
#2 D:\\كورس لارافيل\\contacts\\vendor\\laravel\\framework\\src\\Illuminate\\Database\\Connection.php(720): Illuminate\\Database\\Connection->runQueryCallback('update `contact...', Array, Object(Closure))
#3 D:\\كورس لارافيل\\contacts\\vendor\\laravel\\framework\\src\\Illuminate\\Database\\Connection.php(577): Illuminate\\Database\\Connection->run('update `contact...', Array, Object(Closure))
#4 D:\\كورس لارافيل\\contacts\\vendor\\laravel\\framework\\src\\Illuminate\\Database\\Connection.php(510): Illuminate\\Database\\Connection->affectingStatement('update `contact...', Array)
#5 D:\\كورس لارافيل\\contacts\\vendor\\laravel\\framework\\src\\Illuminate\\Database\\Query\\Builder.php(3357): Illuminate\\Database\\Connection->update('update `contact...', Array)
#6 D:\\كورس لارافيل\\contacts\\app\\Http\\Controllers\\ContactController.php(38): Illuminate\\Database\\Query\\Builder->update(Array)
#7 D:\\كورس لارافيل\\contacts\\vendor\\laravel\\framework\\src\\Illuminate\\Routing\\Controller.php(54): App\\Http\\Controllers\\ContactController->update(Object(Illuminate\\Http\\Request), '1')
#8 D:\\كورس لارافيل\\contacts\\vendor\\laravel\\framework\\src\\Illuminate\\Routing\\ControllerDispatcher.php(43): Illuminate\\Routing\\Controller->callAction('update', Array)
#9 D:\\كورس لارافيل\\contacts\\vendor\\laravel\\framework\\src\\Illuminate\\Routing\\Route.php(260): Illuminate\\Routing\\ControllerDispatcher->dispatch(Object(Illuminate\\Routing\\Route), Object(App\\Http\\Controllers\\ContactController), 'update')
#10 D:\\كورس لارافيل\\contacts\\vendor\\laravel\\framework\\src\\Illuminate\\Routing\\Route.php(205): Illuminate\\Routing\\Route->runController()
#11 D:\\كورس لارافيل\\contacts\\vendor\\laravel\\framework\\src\\Illuminate\\Routing\\Router.php(798): Illuminate\\Routing\\Route->run()
#12 D:\\كورس لارافيل\\contacts\\vendor\\laravel\\framework\\src\\Illuminate\\Pipeline\\Pipeline.php(141): Illuminate\\Routing\\Router->Illuminate\\Routing\\{closure}(Object(Illuminate\\Http\\Request))
#13 D:\\كورس لارافيل\\contacts\\vendor\\laravel\\framework\\src\\Illuminate\\Routing\\Middleware\\SubstituteBindings.php(50): Illuminate\\Pipeline\\Pipeline->Illuminate\\Pipeline\\{closure}(Object(Illuminate\\Http\\Request))
#14 D:\\كورس لارافيل\\contacts\\vendor\\laravel\\framework\\src\\Illuminate\\Pipeline\\Pipeline.php(180): Illuminate\\Routing\\Middleware\\SubstituteBindings->handle(Object(Illuminate\\Http\\Request), Object(Closure))
#15 D:\\كورس لارافيل\\contacts\\vendor\\laravel\\framework\\src\\Illuminate\\Foundation\\Http\\Middleware\\VerifyCsrfToken.php(78): Illuminate\\Pipeline\\Pipeline->Illuminate\\Pipeline\\{closure}(Object(Illuminate\\Http\\Request))
#16 D:\\كورس لارافيل\\contacts\\vendor\\laravel\\framework\\src\\Illuminate\\Pipeline\\Pipeline.php(180): Illuminate\\Foundation\\Http\\Middleware\\VerifyCsrfToken->handle(Object(Illuminate\\Http\\Request), Object(Closure))
#17 D:\\كورس لارافيل\\contacts\\vendor\\laravel\\framework\\src\\Illuminate\\View\\Middleware\\ShareErrorsFromSession.php(49): Illuminate\\Pipeline\\Pipeline->Illuminate\\Pipeline\\{closure}(Object(Illuminate\\Http\\Request))
#18 D:\\كورس لارافيل\\contacts\\vendor\\laravel\\framework\\src\\Illuminate\\Pipeline\\Pipeline.php(180): Illuminate\\View\\Middleware\\ShareErrorsFromSession->handle(Object(Illuminate\\Http\\Request), Object(Closure))
#19 D:\\كورس لارافيل\\contacts\\vendor\\laravel\\framework\\src\\Illuminate\\Session\\Middleware\\StartSession.php(121): Illuminate\\Pipeline\\Pipeline->Illuminate\\Pipeline\\{closure}(Object(Illuminate\\Http\\Request))
#20 D:\\كورس لارافيل\\contacts\\vendor\\laravel\\framework\\src\\Illuminate\\Session\\Middleware\\StartSession.php(64): Illuminate\\Session\\Middleware\\StartSession->handleStatefulRequest(Object(Illuminate\\Http\\Request), Object(Illuminate\\Session\\Store), Object(Closure))
#21 D:\\كورس لارافيل\\contacts\\vendor\\laravel\\framework\\src\\Illuminate\\Pipeline\\Pipeline.php(180): Illuminate\\Session\\Middleware\\StartSession->handle(Object(Illuminate\\Http\\Request), Object(Closure))
#22 D:\\كورس لارافيل\\contacts\\vendor\\laravel\\framework\\src\\Illuminate\\Cookie\\Middleware\\AddQueuedCookiesToResponse.php(37): Illuminate\\Pipeline\\Pipeline->Illuminate\\Pipeline\\{closure}(Object(Illuminate\\Http\\Request))
#23 D:\\كورس لارافيل\\contacts\\vendor\\laravel\\framework\\src\\Illuminate\\Pipeline\\Pipeline.php(180): Illuminate\\Cookie\\Middleware\\AddQueuedCookiesToResponse->handle(Object(Illuminate\\Http\\Request), Object(Closure))
#24 D:\\كورس لارافيل\\contacts\\vendor\\laravel\\framework\\src\\Illuminate\\Cookie\\Middleware\\EncryptCookies.php(67): Illuminate\\Pipeline\\Pipeline->Illuminate\\Pipeline\\{closure}(Object(Illuminate\\Http\\Request))
#25 D:\\كورس لارافيل\\contacts\\vendor\\laravel\\framework\\src\\Illuminate\\Pipeline\\Pipeline.php(180): Illuminate\\Cookie\\Middleware\\EncryptCookies->handle(Object(Illuminate\\Http\\Request), Object(Closure))
#26 D:\\كورس لارافيل\\contacts\\vendor\\laravel\\framework\\src\\Illuminate\\Pipeline\\Pipeline.php(116): Illuminate\\Pipeline\\Pipeline->Illuminate\\Pipeline\\{closure}(Object(Illuminate\\Http\\Request))
#27 D:\\كورس لارافيل\\contacts\\vendor\\laravel\\framework\\src\\Illuminate\\Routing\\Router.php(799): Illuminate\\Pipeline\\Pipeline->then(Object(Closure))
#28 D:\\كورس لارافيل\\contacts\\vendor\\laravel\\framework\\src\\Illuminate\\Routing\\Router.php(776): Illuminate\\Routing\\Router->runRouteWithinStack(Object(Illuminate\\Routing\\Route), Object(Illuminate\\Http\\Request))
#29 D:\\كورس لارافيل\\contacts\\vendor\\laravel\\framework\\src\\Illuminate\\Routing\\Router.php(740): Illuminate\\Routing\\Router->runRoute(Object(Illuminate\\Http\\Request), Object(Illuminate\\Routing\\Route))
#30 D:\\كورس لارافيل\\contacts\\vendor\\laravel\\framework\\src\\Illuminate\\Routing\\Router.php(729): Illuminate\\Routing\\Router->dispatchToRoute(Object(Illuminate\\Http\\Request))
#31 D:\\كورس لارافيل\\contacts\\vendor\\laravel\\framework\\src\\Illuminate\\Foundation\\Http\\Kernel.php(190): Illuminate\\Routing\\Router->dispatch(Object(Illuminate\\Http\\Request))
#32 D:\\كورس لارافيل\\contacts\\vendor\\laravel\\framework\\src\\Illuminate\\Pipeline\\Pipeline.php(141): Illuminate\\Foundation\\Http\\Kernel->Illuminate\\Foundation\\Http\\{closure}(Object(Illuminate\\Http\\Request))
#33 D:\\كورس لارافيل\\contacts\\vendor\\laravel\\framework\\src\\Illuminate\\Foundation\\Http\\Middleware\\TransformsRequest.php(21): Illuminate\\Pipeline\\Pipeline->Illuminate\\Pipeline\\{closure}(Object(Illuminate\\Http\\Request))
#34 D:\\كورس لارافيل\\contacts\\vendor\\laravel\\framework\\src\\Illuminate\\Foundation\\Http\\Middleware\\ConvertEmptyStringsToNull.php(31): Illuminate\\Foundation\\Http\\Middleware\\TransformsRequest->handle(Object(Illuminate\\Http\\Request), Object(Closure))
#35 D:\\كورس لارافيل\\contacts\\vendor\\laravel\\framework\\src\\Illuminate\\Pipeline\\Pipeline.php(180): Illuminate\\Foundation\\Http\\Middleware\\ConvertEmptyStringsToNull->handle(Object(Illuminate\\Http\\Request), Object(Closure))
#36 D:\\كورس لارافيل\\contacts\\vendor\\laravel\\framework\\src\\Illuminate\\Foundation\\Http\\Middleware\\TransformsRequest.php(21): Illuminate\\Pipeline\\Pipeline->Illuminate\\Pipeline\\{closure}(Object(Illuminate\\Http\\Request))
#37 D:\\كورس لارافيل\\contacts\\vendor\\laravel\\framework\\src\\Illuminate\\Foundation\\Http\\Middleware\\TrimStrings.php(40): Illuminate\\Foundation\\Http\\Middleware\\TransformsRequest->handle(Object(Illuminate\\Http\\Request), Object(Closure))
#38 D:\\كورس لارافيل\\contacts\\vendor\\laravel\\framework\\src\\Illuminate\\Pipeline\\Pipeline.php(180): Illuminate\\Foundation\\Http\\Middleware\\TrimStrings->handle(Object(Illuminate\\Http\\Request), Object(Closure))
#39 D:\\كورس لارافيل\\contacts\\vendor\\laravel\\framework\\src\\Illuminate\\Foundation\\Http\\Middleware\\ValidatePostSize.php(27): Illuminate\\Pipeline\\Pipeline->Illuminate\\Pipeline\\{closure}(Object(Illuminate\\Http\\Request))
#40 D:\\كورس لارافيل\\contacts\\vendor\\laravel\\framework\\src\\Illuminate\\Pipeline\\Pipeline.php(180): Illuminate\\Foundation\\Http\\Middleware\\ValidatePostSize->handle(Object(Illuminate\\Http\\Request), Object(Closure))
#41 D:\\كورس لارافيل\\contacts\\vendor\\laravel\\framework\\src\\Illuminate\\Foundation\\Http\\Middleware\\PreventRequestsDuringMaintenance.php(86): Illuminate\\Pipeline\\Pipeline->Illuminate\\Pipeline\\{closure}(Object(Illuminate\\Http\\Request))
#42 D:\\كورس لارافيل\\contacts\\vendor\\laravel\\framework\\src\\Illuminate\\Pipeline\\Pipeline.php(180): Illuminate\\Foundation\\Http\\Middleware\\PreventRequestsDuringMaintenance->handle(Object(Illuminate\\Http\\Request), Object(Closure))
#43 D:\\كورس لارافيل\\contacts\\vendor\\fruitcake\\laravel-cors\\src\\HandleCors.php(38): Illuminate\\Pipeline\\Pipeline->Illuminate\\Pipeline\\{closure}(Object(Illuminate\\Http\\Request))
#44 D:\\كورس لارافيل\\contacts\\vendor\\laravel\\framework\\src\\Illuminate\\Pipeline\\Pipeline.php(180): Fruitcake\\Cors\\HandleCors->handle(Object(Illuminate\\Http\\Request), Object(Closure))
#45 D:\\كورس لارافيل\\contacts\\vendor\\laravel\\framework\\src\\Illuminate\\Http\\Middleware\\TrustProxies.php(39): Illuminate\\Pipeline\\Pipeline->Illuminate\\Pipeline\\{closure}(Object(Illuminate\\Http\\Request))
#46 D:\\كورس لارافيل\\contacts\\vendor\\laravel\\framework\\src\\Illuminate\\Pipeline\\Pipeline.php(180): Illuminate\\Http\\Middleware\\TrustProxies->handle(Object(Illuminate\\Http\\Request), Object(Closure))
#47 D:\\كورس لارافيل\\contacts\\vendor\\laravel\\framework\\src\\Illuminate\\Pipeline\\Pipeline.php(116): Illuminate\\Pipeline\\Pipeline->Illuminate\\Pipeline\\{closure}(Object(Illuminate\\Http\\Request))
#48 D:\\كورس لارافيل\\contacts\\vendor\\laravel\\framework\\src\\Illuminate\\Foundation\\Http\\Kernel.php(165): Illuminate\\Pipeline\\Pipeline->then(Object(Closure))
#49 D:\\كورس لارافيل\\contacts\\vendor\\laravel\\framework\\src\\Illuminate\\Foundation\\Http\\Kernel.php(134): Illuminate\\Foundation\\Http\\Kernel->sendRequestThroughRouter(Object(Illuminate\\Http\\Request))
#50 D:\\كورس لارافيل\\contacts\\public\\index.php(52): Illuminate\\Foundation\\Http\\Kernel->handle(Object(Illuminate\\Http\\Request))
#51 D:\\كورس لارافيل\\contacts\\vendor\\laravel\\framework\\src\\Illuminate\\Foundation\\resources\\server.php(16): require_once('D:\\\\\\xD9\\x83\\xD9\\x88\\xD8\\xB1\\xD8\\xB3 \\xD9\\x84\\xD8...')
#52 {main}
"} 
[2026-09-15 19:44:16] local.ERROR: SQLSTATE[23000]: Integrity constraint violation: 1048 Column 'name' cannot be null (SQL: update `contacts` set `name` = ?, `email` = ?, `phone` = ?, `category` = ? where `id` = 1) {"exception":"[object] (Illuminate\\Database\\QueryException(code: 23000): SQLSTATE[23000]: Integrity constraint violation: 1048 Column 'name' cannot be null (SQL: update `contacts` set `name` = ?, `email` = ?, `phone` = ?, `category` = ? where `id` = 1) at D:\\كورس لارافيل\\contacts\\vendor\\laravel\\framework\\src\\Illuminate\\Database\\Connection.php:760)
[stacktrace]
#0 D:\\كورس لارافيل\\contacts\\vendor\\laravel\\framework\\src\\Illuminate\\Database\\Connection.php(720): Illuminate\\Database\\Connection->runQueryCallback('update `contact...', Array, Object(Closure))
#1 D:\\كورس لارافيل\\contacts\\vendor\\laravel\\framework\\src\\Illuminate\\Database\\Connection.php(577): Illuminate\\Database\\Connection->run('update `contact...', Array, Object(Closure))
#2 D:\\كورس لارافيل\\contacts\\vendor\\laravel\\framework\\src\\Illuminate\\Database\\Connection.php(510): Illuminate\\Database\\Connection->affectingStatement('update `contact...', Array)
#3 D:\\كورس لارافيل\\contacts\\vendor\\laravel\\framework\\src\\Illuminate\\Database\\Query\\Builder.php(3357): Illuminate\\Database\\Connection->update('update `contact...', Array)
#4 D:\\كورس لارافيل\\contacts\\app\\Http\\Controllers\\ContactController.php(38): Illuminate\\Database\\Query\\Builder->update(Array)
#5 D:\\كورس لارافيل\\contacts\\vendor\\laravel\\framework\\src\\Illuminate\\Routing\\Controller.php(54): App\\Http\\Controllers\\ContactController->update(Object(Illuminate\\Http\\Request), '1')
#6 D:\\كورس لارافيل\\contacts\\vendor\\laravel\\framework\\src\\Illuminate\\Routing\\ControllerDispatcher.php(43): Illuminate\\Routing\\Controller->callAction('update', Array)
#7 D:\\كورس لارافيل\\contacts\\vendor\\laravel\\framework\\src\\Illuminate\\Routing\\Route.php(260): Illuminate\\Routing\\ControllerDispatcher->dispatch(Object(Illuminate\\Routing\\Route), Object(App\\Http\\Controllers\\ContactController), 'update')
#8 D:\\كورس لارافيل\\contacts\\vendor\\laravel\\framework\\src\\Illuminate\\Routing\\Route.php(205): Illuminate\\Routing\\Route->runController()
#9 D:\\كورس لارافيل\\contacts\\vendor\\laravel\\framework\\src\\Illuminate\\Routing\\Router.php(798): Illuminate\\Routing\\Route->run()
#10 D:\\كورس لارافيل\\contacts\\vendor\\laravel\\framework\\src\\Illuminate\\Pipeline\\Pipeline.php(141): Illuminate\\Routing\\Router->Illuminate\\Routing\\{closure}(Object(Illuminate\\Http\\Request))
#11 D:\\كورس لارافيل\\contacts\\vendor\\laravel\\framework\\src\\Illuminate\\Routing\\Middleware\\SubstituteBindings.php(50): Illuminate\\Pipeline\\Pipeline->Illuminate\\Pipeline\\{closure}(Object(Illuminate\\Http\\Request))
#12 D:\\كورس لارافيل\\contacts\\vendor\\laravel\\framework\\src\\Illuminate\\Pipeline\\Pipeline.php(180): Illuminate\\Routing\\Middleware\\SubstituteBindings->handle(Object(Illuminate\\Http\\Request), Object(Closure))
#13 D:\\كورس لارافيل\\contacts\\vendor\\laravel\\framework\\src\\Illuminate\\Foundation\\Http\\Middleware\\VerifyCsrfToken.php(78): Illuminate\\Pipeline\\Pipeline->Illuminate\\Pipeline\\{closure}(Object(Illuminate\\Http\\Request))
#14 D:\\كورس لارافيل\\contacts\\vendor\\laravel\\framework\\src\\Illuminate\\Pipeline\\Pipeline.php(180): Illuminate\\Foundation\\Http\\Middleware\\VerifyCsrfToken->handle(Object(Illuminate\\Http\\Request), Object(Closure))
#15 D:\\كورس لارافيل\\contacts\\vendor\\laravel\\framework\\src\\Illuminate\\View\\Middleware\\ShareErrorsFromSession.php(49): Illuminate\\Pipeline\\Pipeline->Illuminate\\Pipeline\\{closure}(Object(Illuminate\\Http\\Request))
#16 D:\\كورس لارافيل\\contacts\\vendor\\laravel\\framework\\src\\Illuminate\\Pipeline\\Pipeline.php(180): Illuminate\\View\\Middleware\\ShareErrorsFromSession->handle(Object(Illuminate\\Http\\Request), Object(Closure))
#17 D:\\كورس لارافيل\\contacts\\vendor\\laravel\\framework\\src\\Illuminate\\Session\\Middleware\\StartSession.php(121): Illuminate\\Pipeline\\Pipeline->Illuminate\\Pipeline\\{closure}(Object(Illuminate\\Http\\Request))
#18 D:\\كورس لارافيل\\contacts\\vendor\\laravel\\framework\\src\\Illuminate\\Session\\Middleware\\StartSession.php(64): Illuminate\\Session\\Middleware\\StartSession->handleStatefulRequest(Object(Illuminate\\Http\\Request), Object(Illuminate\\Session\\Store), Object(Closure))
#19 D:\\كورس لارافيل\\contacts\\vendor\\laravel\\framework\\src\\Illuminate\\Pipeline\\Pipeline.php(180): Illuminate\\Session\\Middleware\\StartSession->handle(Object(Illuminate\\Http\\Request), Object(Closure))
#20 D:\\كورس لارافيل\\contacts\\vendor\\laravel\\framework\\src\\Illuminate\\Cookie\\Middleware\\AddQueuedCookiesToResponse.php(37): Illuminate\\Pipeline\\Pipeline->Illuminate\\Pipeline\\{closure}(Object(Illuminate\\Http\\Request))
#21 D:\\كورس لارافيل\\contacts\\vendor\\laravel\\framework\\src\\Illuminate\\Pipeline\\Pipeline.php(180): Illuminate\\Cookie\\Middleware\\AddQueuedCookiesToResponse->handle(Object(Illuminate\\Http\\Request), Object(Closure))
#22 D:\\كورس لارافيل\\contacts\\vendor\\laravel\\framework\\src\\Illuminate\\Cookie\\Middleware\\EncryptCookies.php(67): Illuminate\\Pipeline\\Pipeline->Illuminate\\Pipeline\\{closure}(Object(Illuminate\\Http\\Request))
#23 D:\\كورس لارافيل\\contacts\\vendor\\laravel\\framework\\src\\Illuminate\\Pipeline\\Pipeline.php(180): Illuminate\\Cookie\\Middleware\\EncryptCookies->handle(Object(Illuminate\\Http\\Request), Object(Closure))
#24 D:\\كورس لارافيل\\contacts\\vendor\\laravel\\framework\\src\\Illuminate\\Pipeline\\Pipeline.php(116): Illuminate\\Pipeline\\Pipeline->Illuminate\\Pipeline\\{closure}(Object(Illuminate\\Http\\Request))
#25 D:\\كورس لارافيل\\contacts\\vendor\\laravel\\framework\\src\\Illuminate\\Routing\\Router.php(799): Illuminate\\Pipeline\\Pipeline->then(Object(Closure))
#26 D:\\كورس لارافيل\\contacts\\vendor\\laravel\\framework\\src\\Illuminate\\Routing\\Router.php(776): Illuminate\\Routing\\Router->runRouteWithinStack(Object(Illuminate\\Routing\\Route), Object(Illuminate\\Http\\Request))
#27 D:\\كورس لارافيل\\contacts\\vendor\\laravel\\framework\\src\\Illuminate\\Routing\\Router.php(740): Illuminate\\Routing\\Router->runRoute(Object(Illuminate\\Http\\Request), Object(Illuminate\\Routing\\Route))
#28 D:\\كورس لارافيل\\contacts\\vendor\\laravel\\framework\\src\\Illuminate\\Routing\\Router.php(729): Illuminate\\Routing\\Router->dispatchToRoute(Object(Illuminate\\Http\\Request))
#29 D:\\كورس لارافيل\\contacts\\vendor\\laravel\\framework\\src\\Illuminate\\Foundation\\Http\\Kernel.php(190): Illuminate\\Routing\\Router->dispatch(Object(Illuminate\\Http\\Request))
#30 D:\\كورس لارافيل\\contacts\\vendor\\laravel\\framework\\src\\Illuminate\\Pipeline\\Pipeline.php(141): Illuminate\\Foundation\\Http\\Kernel->Illuminate\\Foundation\\Http\\{closure}(Object(Illuminate\\Http\\Request))
#31 D:\\كورس لارافيل\\contacts\\vendor\\laravel\\framework\\src\\Illuminate\\Foundation\\Http\\Middleware\\TransformsRequest.php(21): Illuminate\\Pipeline\\Pipeline->Illuminate\\Pipeline\\{closure}(Object(Illuminate\\Http\\Request))
#32 D:\\كورس لارافيل\\contacts\\vendor\\laravel\\framework\\src\\Illuminate\\Foundation\\Http\\Middleware\\ConvertEmptyStringsToNull.php(31): Illuminate\\Foundation\\Http\\Middleware\\TransformsRequest->handle(Object(Illuminate\\Http\\Request), Object(Closure))
#33 D:\\كورس لارافيل\\contacts\\vendor\\laravel\\framework\\src\\Illuminate\\Pipeline\\Pipeline.php(180): Illuminate\\Foundation\\Http\\Middleware\\ConvertEmptyStringsToNull->handle(Object(Illuminate\\Http\\Request), Object(Closure))
#34 D:\\كورس لارافيل\\contacts\\vendor\\laravel\\framework\\src\\Illuminate\\Foundation\\Http\\Middleware\\TransformsRequest.php(21): Illuminate\\Pipeline\\Pipeline->Illuminate\\Pipeline\\{closure}(Object(Illuminate\\Http\\Request))
#35 D:\\كورس لارافيل\\contacts\\vendor\\laravel\\framework\\src\\Illuminate\\Foundation\\Http\\Middleware\\TrimStrings.php(40): Illuminate\\Foundation\\Http\\Middleware\\TransformsRequest->handle(Object(Illuminate\\Http\\Request), Object(Closure))
#36 D:\\كورس لارافيل\\contacts\\vendor\\laravel\\framework\\src\\Illuminate\\Pipeline\\Pipeline.php(180): Illuminate\\Foundation\\Http\\Middleware\\TrimStrings->handle(Object(Illuminate\\Http\\Request), Object(Closure))
#37 D:\\كورس لارافيل\\contacts\\vendor\\laravel\\framework\\src\\Illuminate\\Foundation\\Http\\Middleware\\ValidatePostSize.php(27): Illuminate\\Pipeline\\Pipeline->Illuminate\\Pipeline\\{closure}(Object(Illuminate\\Http\\Request))
#38 D:\\كورس لارافيل\\contacts\\vendor\\laravel\\framework\\src\\Illuminate\\Pipeline\\Pipeline.php(180): Illuminate\\Foundation\\Http\\Middleware\\ValidatePostSize->handle(Object(Illuminate\\Http\\Request), Object(Closure))
#39 D:\\كورس لارافيل\\contacts\\vendor\\laravel\\framework\\src\\Illuminate\\Foundation\\Http\\Middleware\\PreventRequestsDuringMaintenance.php(86): Illuminate\\Pipeline\\Pipeline->Illuminate\\Pipeline\\{closure}(Object(Illuminate\\Http\\Request))
#40 D:\\كورس لارافيل\\contacts\\vendor\\laravel\\framework\\src\\Illuminate\\Pipeline\\Pipeline.php(180): Illuminate\\Foundation\\Http\\Middleware\\PreventRequestsDuringMaintenance->handle(Object(Illuminate\\Http\\Request), Object(Closure))
#41 D:\\كورس لارافيل\\contacts\\vendor\\fruitcake\\laravel-cors\\src\\HandleCors.php(38): Illuminate\\Pipeline\\Pipeline->Illuminate\\Pipeline\\{closure}(Object(Illuminate\\Http\\Request))
#42 D:\\كورس لارافيل\\contacts\\vendor\\laravel\\framework\\src\\Illuminate\\Pipeline\\Pipeline.php(180): Fruitcake\\Cors\\HandleCors->handle(Object(Illuminate\\Http\\Request), Object(Closure))
#43 D:\\كورس لارافيل\\contacts\\vendor\\laravel\\framework\\src\\Illuminate\\Http\\Middleware\\TrustProxies.php(39): Illuminate\\Pipeline\\Pipeline->Illuminate\\Pipeline\\{closure}(Object(Illuminate\\Http\\Request))
#44 D:\\كورس لارافيل\\contacts\\vendor\\laravel\\framework\\src\\Illuminate\\Pipeline\\Pipeline.php(180): Illuminate\\Http\\Middleware\\TrustProxies->handle(Object(Illuminate\\Http\\Request), Object(Closure))
#45 D:\\كورس لارافيل\\contacts\\vendor\\laravel\\framework\\src\\Illuminate\\Pipeline\\Pipeline.php(116): Illuminate\\Pipeline\\Pipeline->Illuminate\\Pipeline\\{closure}(Object(Illuminate\\Http\\Request))
#46 D:\\كورس لارافيل\\contacts\\vendor\\laravel\\framework\\src\\Illuminate\\Foundation\\Http\\Kernel.php(165): Illuminate\\Pipeline\\Pipeline->then(Object(Closure))
#47 D:\\كورس لارافيل\\contacts\\vendor\\laravel\\framework\\src\\Illuminate\\Foundation\\Http\\Kernel.php(134): Illuminate\\Foundation\\Http\\Kernel->sendRequestThroughRouter(Object(Illuminate\\Http\\Request))
#48 D:\\كورس لارافيل\\contacts\\public\\index.php(52): Illuminate\\Foundation\\Http\\Kernel->handle(Object(Illuminate\\Http\\Request))
#49 D:\\كورس لارافيل\\contacts\\vendor\\laravel\\framework\\src\\Illuminate\\Foundation\\resources\\server.php(16): require_once('D:\\\\\\xD9\\x83\\xD9\\x88\\xD8\\xB1\\xD8\\xB3 \\xD9\\x84\\xD8...')
#50 {main}

[previous exception] [object] (PDOException(code: 23000): SQLSTATE[23000]: Integrity constraint violation: 1048 Column 'name' cannot be null at D:\\كورس لارافيل\\contacts\\vendor\\laravel\\framework\\src\\Illuminate\\Database\\Connection.php:570)
[stacktrace]
#0 D:\\كورس لارافيل\\contacts\\vendor\\laravel\\framework\\src\\Illuminate\\Database\\Connection.php(570): PDOStatement->execute()
#1 D:\\كورس لارافيل\\contacts\\vendor\\laravel\\framework\\src\\Illuminate\\Database\\Connection.php(753): Illuminate\\Database\\Connection->Illuminate\\Database\\{closure}('update `contact...', Array)
#2 D:\\كورس لارافيل\\contacts\\vendor\\laravel\\framework\\src\\Illuminate\\Database\\Connection.php(720): Illuminate\\Database\\Connection->runQueryCallback('update `contact...', Array, Object(Closure))
#3 D:\\كورس لارافيل\\contacts\\vendor\\laravel\\framework\\src\\Illuminate\\Database\\Connection.php(577): Illuminate\\Database\\Connection->run('update `contact...', Array, Object(Closure))
#4 D:\\كورس لارافيل\\contacts\\vendor\\laravel\\framework\\src\\Illuminate\\Database\\Connection.php(510): Illuminate\\Database\\Connection->affectingStatement('update `contact...', Array)
#5 D:\\كورس لارافيل\\contacts\\vendor\\laravel\\framework\\src\\Illuminate\\Database\\Query\\Builder.php(3357): Illuminate\\Database\\Connection->update('update `contact...', Array)
#6 D:\\كورس لارافيل\\contacts\\app\\Http\\Controllers\\ContactController.php(38): Illuminate\\Database\\Query\\Builder->update(Array)
#7 D:\\كورس لارافيل\\contacts\\vendor\\laravel\\framework\\src\\Illuminate\\Routing\\Controller.php(54): App\\Http\\Controllers\\ContactController->update(Object(Illuminate\\Http\\Request), '1')
#8 D:\\كورس لارافيل\\contacts\\vendor\\laravel\\framework\\src\\Illuminate\\Routing\\ControllerDispatcher.php(43): Illuminate\\Routing\\Controller->callAction('update', Array)
#9 D:\\كورس لارافيل\\contacts\\vendor\\laravel\\framework\\src\\Illuminate\\Routing\\Route.php(260): Illuminate\\Routing\\ControllerDispatcher->dispatch(Object(Illuminate\\Routing\\Route), Object(App\\Http\\Controllers\\ContactController), 'update')
#10 D:\\كورس لارافيل\\contacts\\vendor\\laravel\\framework\\src\\Illuminate\\Routing\\Route.php(205): Illuminate\\Routing\\Route->runController()
#11 D:\\كورس لارافيل\\contacts\\vendor\\laravel\\framework\\src\\Illuminate\\Routing\\Router.php(798): Illuminate\\Routing\\Route->run()
#12 D:\\كورس لارافيل\\contacts\\vendor\\laravel\\framework\\src\\Illuminate\\Pipeline\\Pipeline.php(141): Illuminate\\Routing\\Router->Illuminate\\Routing\\{closure}(Object(Illuminate\\Http\\Request))
#13 D:\\كورس لارافيل\\contacts\\vendor\\laravel\\framework\\src\\Illuminate\\Routing\\Middleware\\SubstituteBindings.php(50): Illuminate\\Pipeline\\Pipeline->Illuminate\\Pipeline\\{closure}(Object(Illuminate\\Http\\Request))
#14 D:\\كورس لارافيل\\contacts\\vendor\\laravel\\framework\\src\\Illuminate\\Pipeline\\Pipeline.php(180): Illuminate\\Routing\\Middleware\\SubstituteBindings->handle(Object(Illuminate\\Http\\Request), Object(Closure))
#15 D:\\كورس لارافيل\\contacts\\vendor\\laravel\\framework\\src\\Illuminate\\Foundation\\Http\\Middleware\\VerifyCsrfToken.php(78): Illuminate\\Pipeline\\Pipeline->Illuminate\\Pipeline\\{closure}(Object(Illuminate\\Http\\Request))
#16 D:\\كورس لارافيل\\contacts\\vendor\\laravel\\framework\\src\\Illuminate\\Pipeline\\Pipeline.php(180): Illuminate\\Foundation\\Http\\Middleware\\VerifyCsrfToken->handle(Object(Illuminate\\Http\\Request), Object(Closure))
#17 D:\\كورس لارافيل\\contacts\\vendor\\laravel\\framework\\src\\Illuminate\\View\\Middleware\\ShareErrorsFromSession.php(49): Illuminate\\Pipeline\\Pipeline->Illuminate\\Pipeline\\{closure}(Object(Illuminate\\Http\\Request))
#18 D:\\كورس لارافيل\\contacts\\vendor\\laravel\\framework\\src\\Illuminate\\Pipeline\\Pipeline.php(180): Illuminate\\View\\Middleware\\ShareErrorsFromSession->handle(Object(Illuminate\\Http\\Request), Object(Closure))
#19 D:\\كورس لارافيل\\contacts\\vendor\\laravel\\framework\\src\\Illuminate\\Session\\Middleware\\StartSession.php(121): Illuminate\\Pipeline\\Pipeline->Illuminate\\Pipeline\\{closure}(Object(Illuminate\\Http\\Request))
#20 D:\\كورس لارافيل\\contacts\\vendor\\laravel\\framework\\src\\Illuminate\\Session\\Middleware\\StartSession.php(64): Illuminate\\Session\\Middleware\\StartSession->handleStatefulRequest(Object(Illuminate\\Http\\Request), Object(Illuminate\\Session\\Store), Object(Closure))
#21 D:\\كورس لارافيل\\contacts\\vendor\\laravel\\framework\\src\\Illuminate\\Pipeline\\Pipeline.php(180): Illuminate\\Session\\Middleware\\StartSession->handle(Object(Illuminate\\Http\\Request), Object(Closure))
#22 D:\\كورس لارافيل\\contacts\\vendor\\laravel\\framework\\src\\Illuminate\\Cookie\\Middleware\\AddQueuedCookiesToResponse.php(37): Illuminate\\Pipeline\\Pipeline->Illuminate\\Pipeline\\{closure}(Object(Illuminate\\Http\\Request))
#23 D:\\كورس لارافيل\\contacts\\vendor\\laravel\\framework\\src\\Illuminate\\Pipeline\\Pipeline.php(180): Illuminate\\Cookie\\Middleware\\AddQueuedCookiesToResponse->handle(Object(Illuminate\\Http\\Request), Object(Closure))
#24 D:\\كورس لارافيل\\contacts\\vendor\\laravel\\framework\\src\\Illuminate\\Cookie\\Middleware\\EncryptCookies.php(67): Illuminate\\Pipeline\\Pipeline->Illuminate\\Pipeline\\{closure}(Object(Illuminate\\Http\\Request))
#25 D:\\كورس لارافيل\\contacts\\vendor\\laravel\\framework\\src\\Illuminate\\Pipeline\\Pipeline.php(180): Illuminate\\Cookie\\Middleware\\EncryptCookies->handle(Object(Illuminate\\Http\\Request), Object(Closure))
#26 D:\\كورس لارافيل\\contacts\\vendor\\laravel\\framework\\src\\Illuminate\\Pipeline\\Pipeline.php(116): Illuminate\\Pipeline\\Pipeline->Illuminate\\Pipeline\\{closure}(Object(Illuminate\\Http\\Request))
#27 D:\\كورس لارافيل\\contacts\\vendor\\laravel\\framework\\src\\Illuminate\\Routing\\Router.php(799): Illuminate\\Pipeline\\Pipeline->then(Object(Closure))
#28 D:\\كورس لارافيل\\contacts\\vendor\\laravel\\framework\\src\\Illuminate\\Routing\\Router.php(776): Illuminate\\Routing\\Router->runRouteWithinStack(Object(Illuminate\\Routing\\Route), Object(Illuminate\\Http\\Request))
#29 D:\\كورس لارافيل\\contacts\\vendor\\laravel\\framework\\src\\Illuminate\\Routing\\Router.php(740): Illuminate\\Routing\\Router->runRoute(Object(Illuminate\\Http\\Request), Object(Illuminate\\Routing\\Route))
#30 D:\\كورس لارافيل\\contacts\\vendor\\laravel\\framework\\src\\Illuminate\\Routing\\Router.php(729): Illuminate\\Routing\\Router->dispatchToRoute(Object(Illuminate\\Http\\Request))
#31 D:\\كورس لارافيل\\contacts\\vendor\\laravel\\framework\\src\\Illuminate\\Foundation\\Http\\Kernel.php(190): Illuminate\\Routing\\Router->dispatch(Object(Illuminate\\Http\\Request))
#32 D:\\كورس لارافيل\\contacts\\vendor\\laravel\\framework\\src\\Illuminate\\Pipeline\\Pipeline.php(141): Illuminate\\Foundation\\Http\\Kernel->Illuminate\\Foundation\\Http\\{closure}(Object(Illuminate\\Http\\Request))
#33 D:\\كورس لارافيل\\contacts\\vendor\\laravel\\framework\\src\\Illuminate\\Foundation\\Http\\Middleware\\TransformsRequest.php(21): Illuminate\\Pipeline\\Pipeline->Illuminate\\Pipeline\\{closure}(Object(Illuminate\\Http\\Request))
#34 D:\\كورس لارافيل\\contacts\\vendor\\laravel\\framework\\src\\Illuminate\\Foundation\\Http\\Middleware\\ConvertEmptyStringsToNull.php(31): Illuminate\\Foundation\\Http\\Middleware\\TransformsRequest->handle(Object(Illuminate\\Http\\Request), Object(Closure))
#35 D:\\كورس لارافيل\\contacts\\vendor\\laravel\\framework\\src\\Illuminate\\Pipeline\\Pipeline.php(180): Illuminate\\Foundation\\Http\\Middleware\\ConvertEmptyStringsToNull->handle(Object(Illuminate\\Http\\Request), Object(Closure))
#36 D:\\كورس لارافيل\\contacts\\vendor\\laravel\\framework\\src\\Illuminate\\Foundation\\Http\\Middleware\\TransformsRequest.php(21): Illuminate\\Pipeline\\Pipeline->Illuminate\\Pipeline\\{closure}(Object(Illuminate\\Http\\Request))
#37 D:\\كورس لارافيل\\contacts\\vendor\\laravel\\framework\\src\\Illuminate\\Foundation\\Http\\Middleware\\TrimStrings.php(40): Illuminate\\Foundation\\Http\\Middleware\\TransformsRequest->handle(Object(Illuminate\\Http\\Request), Object(Closure))
#38 D:\\كورس لارافيل\\contacts\\vendor\\laravel\\framework\\src\\Illuminate\\Pipeline\\Pipeline.php(180): Illuminate\\Foundation\\Http\\Middleware\\TrimStrings->handle(Object(Illuminate\\Http\\Request), Object(Closure))
#39 D:\\كورس لارافيل\\contacts\\vendor\\laravel\\framework\\src\\Illuminate\\Foundation\\Http\\Middleware\\ValidatePostSize.php(27): Illuminate\\Pipeline\\Pipeline->Illuminate\\Pipeline\\{closure}(Object(Illuminate\\Http\\Request))
#40 D:\\كورس لارافيل\\contacts\\vendor\\laravel\\framework\\src\\Illuminate\\Pipeline\\Pipeline.php(180): Illuminate\\Foundation\\Http\\Middleware\\ValidatePostSize->handle(Object(Illuminate\\Http\\Request), Object(Closure))
#41 D:\\كورس لارافيل\\contacts\\vendor\\laravel\\framework\\src\\Illuminate\\Foundation\\Http\\Middleware\\PreventRequestsDuringMaintenance.php(86): Illuminate\\Pipeline\\Pipeline->Illuminate\\Pipeline\\{closure}(Object(Illuminate\\Http\\Request))
#42 D:\\كورس لارافيل\\contacts\\vendor\\laravel\\framework\\src\\Illuminate\\Pipeline\\Pipeline.php(180): Illuminate\\Foundation\\Http\\Middleware\\PreventRequestsDuringMaintenance->handle(Object(Illuminate\\Http\\Request), Object(Closure))
#43 D:\\كورس لارافيل\\contacts\\vendor\\fruitcake\\laravel-cors\\src\\HandleCors.php(38): Illuminate\\Pipeline\\Pipeline->Illuminate\\Pipeline\\{closure}(Object(Illuminate\\Http\\Request))
#44 D:\\كورس لارافيل\\contacts\\vendor\\laravel\\framework\\src\\Illuminate\\Pipeline\\Pipeline.php(180): Fruitcake\\Cors\\HandleCors->handle(Object(Illuminate\\Http\\Request), Object(Closure))
#45 D:\\كورس لارافيل\\contacts\\vendor\\laravel\\framework\\src\\Illuminate\\Http\\Middleware\\TrustProxies.php(39): Illuminate\\Pipeline\\Pipeline->Illuminate\\Pipeline\\{closure}(Object(Illuminate\\Http\\Request))
#46 D:\\كورس لارافيل\\contacts\\vendor\\laravel\\framework\\src\\Illuminate\\Pipeline\\Pipeline.php(180): Illuminate\\Http\\Middleware\\TrustProxies->handle(Object(Illuminate\\Http\\Request), Object(Closure))
#47 D:\\كورس لارافيل\\contacts\\vendor\\laravel\\framework\\src\\Illuminate\\Pipeline\\Pipeline.php(116): Illuminate\\Pipeline\\Pipeline->Illuminate\\Pipeline\\{closure}(Object(Illuminate\\Http\\Request))
#48 D:\\كورس لارافيل\\contacts\\vendor\\laravel\\framework\\src\\Illuminate\\Foundation\\Http\\Kernel.php(165): Illuminate\\Pipeline\\Pipeline->then(Object(Closure))
#49 D:\\كورس لارافيل\\contacts\\vendor\\laravel\\framework\\src\\Illuminate\\Foundation\\Http\\Kernel.php(134): Illuminate\\Foundation\\Http\\Kernel->sendRequestThroughRouter(Object(Illuminate\\Http\\Request))
#50 D:\\كورس لارافيل\\contacts\\public\\index.php(52): Illuminate\\Foundation\\Http\\Kernel->handle(Object(Illuminate\\Http\\Request))
#51 D:\\كورس لارافيل\\contacts\\vendor\\laravel\\framework\\src\\Illuminate\\Foundation\\resources\\server.php(16): require_once('D:\\\\\\xD9\\x83\\xD9\\x88\\xD8\\xB1\\xD8\\xB3 \\xD9\\x84\\xD8...')
#52 {main}
"} 
[2026-09-15 19:46:20] local.ERROR: SQLSTATE[23000]: Integrity constraint violation: 1048 Column 'name' cannot be null (SQL: update `contacts` set `name` = ?, `email` = ?, `phone` = ?, `category` = ? where `id` = 1) {"exception":"[object] (Illuminate\\Database\\QueryException(code: 23000): SQLSTATE[23000]: Integrity constraint violation: 1048 Column 'name' cannot be null (SQL: update `contacts` set `name` = ?, `email` = ?, `phone` = ?, `category` = ? where `id` = 1) at D:\\كورس لارافيل\\contacts\\vendor\\laravel\\framework\\src\\Illuminate\\Database\\Connection.php:760)
[stacktrace]
#0 D:\\كورس لارافيل\\contacts\\vendor\\laravel\\framework\\src\\Illuminate\\Database\\Connection.php(720): Illuminate\\Database\\Connection->runQueryCallback('update `contact...', Array, Object(Closure))
#1 D:\\كورس لارافيل\\contacts\\vendor\\laravel\\framework\\src\\Illuminate\\Database\\Connection.php(577): Illuminate\\Database\\Connection->run('update `contact...', Array, Object(Closure))
#2 D:\\كورس لارافيل\\contacts\\vendor\\laravel\\framework\\src\\Illuminate\\Database\\Connection.php(510): Illuminate\\Database\\Connection->affectingStatement('update `contact...', Array)
#3 D:\\كورس لارافيل\\contacts\\vendor\\laravel\\framework\\src\\Illuminate\\Database\\Query\\Builder.php(3357): Illuminate\\Database\\Connection->update('update `contact...', Array)
#4 D:\\كورس لارافيل\\contacts\\app\\Http\\Controllers\\ContactController.php(38): Illuminate\\Database\\Query\\Builder->update(Array)
#5 D:\\كورس لارافيل\\contacts\\vendor\\laravel\\framework\\src\\Illuminate\\Routing\\Controller.php(54): App\\Http\\Controllers\\ContactController->update(Object(Illuminate\\Http\\Request), '1')
#6 D:\\كورس لارافيل\\contacts\\vendor\\laravel\\framework\\src\\Illuminate\\Routing\\ControllerDispatcher.php(43): Illuminate\\Routing\\Controller->callAction('update', Array)
#7 D:\\كورس لارافيل\\contacts\\vendor\\laravel\\framework\\src\\Illuminate\\Routing\\Route.php(260): Illuminate\\Routing\\ControllerDispatcher->dispatch(Object(Illuminate\\Routing\\Route), Object(App\\Http\\Controllers\\ContactController), 'update')
#8 D:\\كورس لارافيل\\contacts\\vendor\\laravel\\framework\\src\\Illuminate\\Routing\\Route.php(205): Illuminate\\Routing\\Route->runController()
#9 D:\\كورس لارافيل\\contacts\\vendor\\laravel\\framework\\src\\Illuminate\\Routing\\Router.php(798): Illuminate\\Routing\\Route->run()
#10 D:\\كورس لارافيل\\contacts\\vendor\\laravel\\framework\\src\\Illuminate\\Pipeline\\Pipeline.php(141): Illuminate\\Routing\\Router->Illuminate\\Routing\\{closure}(Object(Illuminate\\Http\\Request))
#11 D:\\كورس لارافيل\\contacts\\vendor\\laravel\\framework\\src\\Illuminate\\Routing\\Middleware\\SubstituteBindings.php(50): Illuminate\\Pipeline\\Pipeline->Illuminate\\Pipeline\\{closure}(Object(Illuminate\\Http\\Request))
#12 D:\\كورس لارافيل\\contacts\\vendor\\laravel\\framework\\src\\Illuminate\\Pipeline\\Pipeline.php(180): Illuminate\\Routing\\Middleware\\SubstituteBindings->handle(Object(Illuminate\\Http\\Request), Object(Closure))
#13 D:\\كورس لارافيل\\contacts\\vendor\\laravel\\framework\\src\\Illuminate\\Foundation\\Http\\Middleware\\VerifyCsrfToken.php(78): Illuminate\\Pipeline\\Pipeline->Illuminate\\Pipeline\\{closure}(Object(Illuminate\\Http\\Request))
#14 D:\\كورس لارافيل\\contacts\\vendor\\laravel\\framework\\src\\Illuminate\\Pipeline\\Pipeline.php(180): Illuminate\\Foundation\\Http\\Middleware\\VerifyCsrfToken->handle(Object(Illuminate\\Http\\Request), Object(Closure))
#15 D:\\كورس لارافيل\\contacts\\vendor\\laravel\\framework\\src\\Illuminate\\View\\Middleware\\ShareErrorsFromSession.php(49): Illuminate\\Pipeline\\Pipeline->Illuminate\\Pipeline\\{closure}(Object(Illuminate\\Http\\Request))
#16 D:\\كورس لارافيل\\contacts\\vendor\\laravel\\framework\\src\\Illuminate\\Pipeline\\Pipeline.php(180): Illuminate\\View\\Middleware\\ShareErrorsFromSession->handle(Object(Illuminate\\Http\\Request), Object(Closure))
#17 D:\\كورس لارافيل\\contacts\\vendor\\laravel\\framework\\src\\Illuminate\\Session\\Middleware\\StartSession.php(121): Illuminate\\Pipeline\\Pipeline->Illuminate\\Pipeline\\{closure}(Object(Illuminate\\Http\\Request))
#18 D:\\كورس لارافيل\\contacts\\vendor\\laravel\\framework\\src\\Illuminate\\Session\\Middleware\\StartSession.php(64): Illuminate\\Session\\Middleware\\StartSession->handleStatefulRequest(Object(Illuminate\\Http\\Request), Object(Illuminate\\Session\\Store), Object(Closure))
#19 D:\\كورس لارافيل\\contacts\\vendor\\laravel\\framework\\src\\Illuminate\\Pipeline\\Pipeline.php(180): Illuminate\\Session\\Middleware\\StartSession->handle(Object(Illuminate\\Http\\Request), Object(Closure))
#20 D:\\كورس لارافيل\\contacts\\vendor\\laravel\\framework\\src\\Illuminate\\Cookie\\Middleware\\AddQueuedCookiesToResponse.php(37): Illuminate\\Pipeline\\Pipeline->Illuminate\\Pipeline\\{closure}(Object(Illuminate\\Http\\Request))
#21 D:\\كورس لارافيل\\contacts\\vendor\\laravel\\framework\\src\\Illuminate\\Pipeline\\Pipeline.php(180): Illuminate\\Cookie\\Middleware\\AddQueuedCookiesToResponse->handle(Object(Illuminate\\Http\\Request), Object(Closure))
#22 D:\\كورس لارافيل\\contacts\\vendor\\laravel\\framework\\src\\Illuminate\\Cookie\\Middleware\\EncryptCookies.php(67): Illuminate\\Pipeline\\Pipeline->Illuminate\\Pipeline\\{closure}(Object(Illuminate\\Http\\Request))
#23 D:\\كورس لارافيل\\contacts\\vendor\\laravel\\framework\\src\\Illuminate\\Pipeline\\Pipeline.php(180): Illuminate\\Cookie\\Middleware\\EncryptCookies->handle(Object(Illuminate\\Http\\Request), Object(Closure))
#24 D:\\كورس لارافيل\\contacts\\vendor\\laravel\\framework\\src\\Illuminate\\Pipeline\\Pipeline.php(116): Illuminate\\Pipeline\\Pipeline->Illuminate\\Pipeline\\{closure}(Object(Illuminate\\Http\\Request))
#25 D:\\كورس لارافيل\\contacts\\vendor\\laravel\\framework\\src\\Illuminate\\Routing\\Router.php(799): Illuminate\\Pipeline\\Pipeline->then(Object(Closure))
#26 D:\\كورس لارافيل\\contacts\\vendor\\laravel\\framework\\src\\Illuminate\\Routing\\Router.php(776): Illuminate\\Routing\\Router->runRouteWithinStack(Object(Illuminate\\Routing\\Route), Object(Illuminate\\Http\\Request))
#27 D:\\كورس لارافيل\\contacts\\vendor\\laravel\\framework\\src\\Illuminate\\Routing\\Router.php(740): Illuminate\\Routing\\Router->runRoute(Object(Illuminate\\Http\\Request), Object(Illuminate\\Routing\\Route))
#28 D:\\كورس لارافيل\\contacts\\vendor\\laravel\\framework\\src\\Illuminate\\Routing\\Router.php(729): Illuminate\\Routing\\Router->dispatchToRoute(Object(Illuminate\\Http\\Request))
#29 D:\\كورس لارافيل\\contacts\\vendor\\laravel\\framework\\src\\Illuminate\\Foundation\\Http\\Kernel.php(190): Illuminate\\Routing\\Router->dispatch(Object(Illuminate\\Http\\Request))
#30 D:\\كورس لارافيل\\contacts\\vendor\\laravel\\framework\\src\\Illuminate\\Pipeline\\Pipeline.php(141): Illuminate\\Foundation\\Http\\Kernel->Illuminate\\Foundation\\Http\\{closure}(Object(Illuminate\\Http\\Request))
#31 D:\\كورس لارافيل\\contacts\\vendor\\laravel\\framework\\src\\Illuminate\\Foundation\\Http\\Middleware\\TransformsRequest.php(21): Illuminate\\Pipeline\\Pipeline->Illuminate\\Pipeline\\{closure}(Object(Illuminate\\Http\\Request))
#32 D:\\كورس لارافيل\\contacts\\vendor\\laravel\\framework\\src\\Illuminate\\Foundation\\Http\\Middleware\\ConvertEmptyStringsToNull.php(31): Illuminate\\Foundation\\Http\\Middleware\\TransformsRequest->handle(Object(Illuminate\\Http\\Request), Object(Closure))
#33 D:\\كورس لارافيل\\contacts\\vendor\\laravel\\framework\\src\\Illuminate\\Pipeline\\Pipeline.php(180): Illuminate\\Foundation\\Http\\Middleware\\ConvertEmptyStringsToNull->handle(Object(Illuminate\\Http\\Request), Object(Closure))
#34 D:\\كورس لارافيل\\contacts\\vendor\\laravel\\framework\\src\\Illuminate\\Foundation\\Http\\Middleware\\TransformsRequest.php(21): Illuminate\\Pipeline\\Pipeline->Illuminate\\Pipeline\\{closure}(Object(Illuminate\\Http\\Request))
#35 D:\\كورس لارافيل\\contacts\\vendor\\laravel\\framework\\src\\Illuminate\\Foundation\\Http\\Middleware\\TrimStrings.php(40): Illuminate\\Foundation\\Http\\Middleware\\TransformsRequest->handle(Object(Illuminate\\Http\\Request), Object(Closure))
#36 D:\\كورس لارافيل\\contacts\\vendor\\laravel\\framework\\src\\Illuminate\\Pipeline\\Pipeline.php(180): Illuminate\\Foundation\\Http\\Middleware\\TrimStrings->handle(Object(Illuminate\\Http\\Request), Object(Closure))
#37 D:\\كورس لارافيل\\contacts\\vendor\\laravel\\framework\\src\\Illuminate\\Foundation\\Http\\Middleware\\ValidatePostSize.php(27): Illuminate\\Pipeline\\Pipeline->Illuminate\\Pipeline\\{closure}(Object(Illuminate\\Http\\Request))
#38 D:\\كورس لارافيل\\contacts\\vendor\\laravel\\framework\\src\\Illuminate\\Pipeline\\Pipeline.php(180): Illuminate\\Foundation\\Http\\Middleware\\ValidatePostSize->handle(Object(Illuminate\\Http\\Request), Object(Closure))
#39 D:\\كورس لارافيل\\contacts\\vendor\\laravel\\framework\\src\\Illuminate\\Foundation\\Http\\Middleware\\PreventRequestsDuringMaintenance.php(86): Illuminate\\Pipeline\\Pipeline->Illuminate\\Pipeline\\{closure}(Object(Illuminate\\Http\\Request))
#40 D:\\كورس لارافيل\\contacts\\vendor\\laravel\\framework\\src\\Illuminate\\Pipeline\\Pipeline.php(180): Illuminate\\Foundation\\Http\\Middleware\\PreventRequestsDuringMaintenance->handle(Object(Illuminate\\Http\\Request), Object(Closure))
#41 D:\\كورس لارافيل\\contacts\\vendor\\fruitcake\\laravel-cors\\src\\HandleCors.php(38): Illuminate\\Pipeline\\Pipeline->Illuminate\\Pipeline\\{closure}(Object(Illuminate\\Http\\Request))
#42 D:\\كورس لارافيل\\contacts\\vendor\\laravel\\framework\\src\\Illuminate\\Pipeline\\Pipeline.php(180): Fruitcake\\Cors\\HandleCors->handle(Object(Illuminate\\Http\\Request), Object(Closure))
#43 D:\\كورس لارافيل\\contacts\\vendor\\laravel\\framework\\src\\Illuminate\\Http\\Middleware\\TrustProxies.php(39): Illuminate\\Pipeline\\Pipeline->Illuminate\\Pipeline\\{closure}(Object(Illuminate\\Http\\Request))
#44 D:\\كورس لارافيل\\contacts\\vendor\\laravel\\framework\\src\\Illuminate\\Pipeline\\Pipeline.php(180): Illuminate\\Http\\Middleware\\TrustProxies->handle(Object(Illuminate\\Http\\Request), Object(Closure))
#45 D:\\كورس لارافيل\\contacts\\vendor\\laravel\\framework\\src\\Illuminate\\Pipeline\\Pipeline.php(116): Illuminate\\Pipeline\\Pipeline->Illuminate\\Pipeline\\{closure}(Object(Illuminate\\Http\\Request))
#46 D:\\كورس لارافيل\\contacts\\vendor\\laravel\\framework\\src\\Illuminate\\Foundation\\Http\\Kernel.php(165): Illuminate\\Pipeline\\Pipeline->then(Object(Closure))
#47 D:\\كورس لارافيل\\contacts\\vendor\\laravel\\framework\\src\\Illuminate\\Foundation\\Http\\Kernel.php(134): Illuminate\\Foundation\\Http\\Kernel->sendRequestThroughRouter(Object(Illuminate\\Http\\Request))
#48 D:\\كورس لارافيل\\contacts\\public\\index.php(52): Illuminate\\Foundation\\Http\\Kernel->handle(Object(Illuminate\\Http\\Request))
#49 D:\\كورس لارافيل\\contacts\\vendor\\laravel\\framework\\src\\Illuminate\\Foundation\\resources\\server.php(16): require_once('D:\\\\\\xD9\\x83\\xD9\\x88\\xD8\\xB1\\xD8\\xB3 \\xD9\\x84\\xD8...')
#50 {main}

[previous exception] [object] (PDOException(code: 23000): SQLSTATE[23000]: Integrity constraint violation: 1048 Column 'name' cannot be null at D:\\كورس لارافيل\\contacts\\vendor\\laravel\\framework\\src\\Illuminate\\Database\\Connection.php:570)
[stacktrace]
#0 D:\\كورس لارافيل\\contacts\\vendor\\laravel\\framework\\src\\Illuminate\\Database\\Connection.php(570): PDOStatement->execute()
#1 D:\\كورس لارافيل\\contacts\\vendor\\laravel\\framework\\src\\Illuminate\\Database\\Connection.php(753): Illuminate\\Database\\Connection->Illuminate\\Database\\{closure}('update `contact...', Array)
#2 D:\\كورس لارافيل\\contacts\\vendor\\laravel\\framework\\src\\Illuminate\\Database\\Connection.php(720): Illuminate\\Database\\Connection->runQueryCallback('update `contact...', Array, Object(Closure))
#3 D:\\كورس لارافيل\\contacts\\vendor\\laravel\\framework\\src\\Illuminate\\Database\\Connection.php(577): Illuminate\\Database\\Connection->run('update `contact...', Array, Object(Closure))
#4 D:\\كورس لارافيل\\contacts\\vendor\\laravel\\framework\\src\\Illuminate\\Database\\Connection.php(510): Illuminate\\Database\\Connection->affectingStatement('update `contact...', Array)
#5 D:\\كورس لارافيل\\contacts\\vendor\\laravel\\framework\\src\\Illuminate\\Database\\Query\\Builder.php(3357): Illuminate\\Database\\Connection->update('update `contact...', Array)
#6 D:\\كورس لارافيل\\contacts\\app\\Http\\Controllers\\ContactController.php(38): Illuminate\\Database\\Query\\Builder->update(Array)
#7 D:\\كورس لارافيل\\contacts\\vendor\\laravel\\framework\\src\\Illuminate\\Routing\\Controller.php(54): App\\Http\\Controllers\\ContactController->update(Object(Illuminate\\Http\\Request), '1')
#8 D:\\كورس لارافيل\\contacts\\vendor\\laravel\\framework\\src\\Illuminate\\Routing\\ControllerDispatcher.php(43): Illuminate\\Routing\\Controller->callAction('update', Array)
#9 D:\\كورس لارافيل\\contacts\\vendor\\laravel\\framework\\src\\Illuminate\\Routing\\Route.php(260): Illuminate\\Routing\\ControllerDispatcher->dispatch(Object(Illuminate\\Routing\\Route), Object(App\\Http\\Controllers\\ContactController), 'update')
#10 D:\\كورس لارافيل\\contacts\\vendor\\laravel\\framework\\src\\Illuminate\\Routing\\Route.php(205): Illuminate\\Routing\\Route->runController()
#11 D:\\كورس لارافيل\\contacts\\vendor\\laravel\\framework\\src\\Illuminate\\Routing\\Router.php(798): Illuminate\\Routing\\Route->run()
#12 D:\\كورس لارافيل\\contacts\\vendor\\laravel\\framework\\src\\Illuminate\\Pipeline\\Pipeline.php(141): Illuminate\\Routing\\Router->Illuminate\\Routing\\{closure}(Object(Illuminate\\Http\\Request))
#13 D:\\كورس لارافيل\\contacts\\vendor\\laravel\\framework\\src\\Illuminate\\Routing\\Middleware\\SubstituteBindings.php(50): Illuminate\\Pipeline\\Pipeline->Illuminate\\Pipeline\\{closure}(Object(Illuminate\\Http\\Request))
#14 D:\\كورس لارافيل\\contacts\\vendor\\laravel\\framework\\src\\Illuminate\\Pipeline\\Pipeline.php(180): Illuminate\\Routing\\Middleware\\SubstituteBindings->handle(Object(Illuminate\\Http\\Request), Object(Closure))
#15 D:\\كورس لارافيل\\contacts\\vendor\\laravel\\framework\\src\\Illuminate\\Foundation\\Http\\Middleware\\VerifyCsrfToken.php(78): Illuminate\\Pipeline\\Pipeline->Illuminate\\Pipeline\\{closure}(Object(Illuminate\\Http\\Request))
#16 D:\\كورس لارافيل\\contacts\\vendor\\laravel\\framework\\src\\Illuminate\\Pipeline\\Pipeline.php(180): Illuminate\\Foundation\\Http\\Middleware\\VerifyCsrfToken->handle(Object(Illuminate\\Http\\Request), Object(Closure))
#17 D:\\كورس لارافيل\\contacts\\vendor\\laravel\\framework\\src\\Illuminate\\View\\Middleware\\ShareErrorsFromSession.php(49): Illuminate\\Pipeline\\Pipeline->Illuminate\\Pipeline\\{closure}(Object(Illuminate\\Http\\Request))
#18 D:\\كورس لارافيل\\contacts\\vendor\\laravel\\framework\\src\\Illuminate\\Pipeline\\Pipeline.php(180): Illuminate\\View\\Middleware\\ShareErrorsFromSession->handle(Object(Illuminate\\Http\\Request), Object(Closure))
#19 D:\\كورس لارافيل\\contacts\\vendor\\laravel\\framework\\src\\Illuminate\\Session\\Middleware\\StartSession.php(121): Illuminate\\Pipeline\\Pipeline->Illuminate\\Pipeline\\{closure}(Object(Illuminate\\Http\\Request))
#20 D:\\كورس لارافيل\\contacts\\vendor\\laravel\\framework\\src\\Illuminate\\Session\\Middleware\\StartSession.php(64): Illuminate\\Session\\Middleware\\StartSession->handleStatefulRequest(Object(Illuminate\\Http\\Request), Object(Illuminate\\Session\\Store), Object(Closure))
#21 D:\\كورس لارافيل\\contacts\\vendor\\laravel\\framework\\src\\Illuminate\\Pipeline\\Pipeline.php(180): Illuminate\\Session\\Middleware\\StartSession->handle(Object(Illuminate\\Http\\Request), Object(Closure))
#22 D:\\كورس لارافيل\\contacts\\vendor\\laravel\\framework\\src\\Illuminate\\Cookie\\Middleware\\AddQueuedCookiesToResponse.php(37): Illuminate\\Pipeline\\Pipeline->Illuminate\\Pipeline\\{closure}(Object(Illuminate\\Http\\Request))
#23 D:\\كورس لارافيل\\contacts\\vendor\\laravel\\framework\\src\\Illuminate\\Pipeline\\Pipeline.php(180): Illuminate\\Cookie\\Middleware\\AddQueuedCookiesToResponse->handle(Object(Illuminate\\Http\\Request), Object(Closure))
#24 D:\\كورس لارافيل\\contacts\\vendor\\laravel\\framework\\src\\Illuminate\\Cookie\\Middleware\\EncryptCookies.php(67): Illuminate\\Pipeline\\Pipeline->Illuminate\\Pipeline\\{closure}(Object(Illuminate\\Http\\Request))
#25 D:\\كورس لارافيل\\contacts\\vendor\\laravel\\framework\\src\\Illuminate\\Pipeline\\Pipeline.php(180): Illuminate\\Cookie\\Middleware\\EncryptCookies->handle(Object(Illuminate\\Http\\Request), Object(Closure))
#26 D:\\كورس لارافيل\\contacts\\vendor\\laravel\\framework\\src\\Illuminate\\Pipeline\\Pipeline.php(116): Illuminate\\Pipeline\\Pipeline->Illuminate\\Pipeline\\{closure}(Object(Illuminate\\Http\\Request))
#27 D:\\كورس لارافيل\\contacts\\vendor\\laravel\\framework\\src\\Illuminate\\Routing\\Router.php(799): Illuminate\\Pipeline\\Pipeline->then(Object(Closure))
#28 D:\\كورس لارافيل\\contacts\\vendor\\laravel\\framework\\src\\Illuminate\\Routing\\Router.php(776): Illuminate\\Routing\\Router->runRouteWithinStack(Object(Illuminate\\Routing\\Route), Object(Illuminate\\Http\\Request))
#29 D:\\كورس لارافيل\\contacts\\vendor\\laravel\\framework\\src\\Illuminate\\Routing\\Router.php(740): Illuminate\\Routing\\Router->runRoute(Object(Illuminate\\Http\\Request), Object(Illuminate\\Routing\\Route))
#30 D:\\كورس لارافيل\\contacts\\vendor\\laravel\\framework\\src\\Illuminate\\Routing\\Router.php(729): Illuminate\\Routing\\Router->dispatchToRoute(Object(Illuminate\\Http\\Request))
#31 D:\\كورس لارافيل\\contacts\\vendor\\laravel\\framework\\src\\Illuminate\\Foundation\\Http\\Kernel.php(190): Illuminate\\Routing\\Router->dispatch(Object(Illuminate\\Http\\Request))
#32 D:\\كورس لارافيل\\contacts\\vendor\\laravel\\framework\\src\\Illuminate\\Pipeline\\Pipeline.php(141): Illuminate\\Foundation\\Http\\Kernel->Illuminate\\Foundation\\Http\\{closure}(Object(Illuminate\\Http\\Request))
#33 D:\\كورس لارافيل\\contacts\\vendor\\laravel\\framework\\src\\Illuminate\\Foundation\\Http\\Middleware\\TransformsRequest.php(21): Illuminate\\Pipeline\\Pipeline->Illuminate\\Pipeline\\{closure}(Object(Illuminate\\Http\\Request))
#34 D:\\كورس لارافيل\\contacts\\vendor\\laravel\\framework\\src\\Illuminate\\Foundation\\Http\\Middleware\\ConvertEmptyStringsToNull.php(31): Illuminate\\Foundation\\Http\\Middleware\\TransformsRequest->handle(Object(Illuminate\\Http\\Request), Object(Closure))
#35 D:\\كورس لارافيل\\contacts\\vendor\\laravel\\framework\\src\\Illuminate\\Pipeline\\Pipeline.php(180): Illuminate\\Foundation\\Http\\Middleware\\ConvertEmptyStringsToNull->handle(Object(Illuminate\\Http\\Request), Object(Closure))
#36 D:\\كورس لارافيل\\contacts\\vendor\\laravel\\framework\\src\\Illuminate\\Foundation\\Http\\Middleware\\TransformsRequest.php(21): Illuminate\\Pipeline\\Pipeline->Illuminate\\Pipeline\\{closure}(Object(Illuminate\\Http\\Request))
#37 D:\\كورس لارافيل\\contacts\\vendor\\laravel\\framework\\src\\Illuminate\\Foundation\\Http\\Middleware\\TrimStrings.php(40): Illuminate\\Foundation\\Http\\Middleware\\TransformsRequest->handle(Object(Illuminate\\Http\\Request), Object(Closure))
#38 D:\\كورس لارافيل\\contacts\\vendor\\laravel\\framework\\src\\Illuminate\\Pipeline\\Pipeline.php(180): Illuminate\\Foundation\\Http\\Middleware\\TrimStrings->handle(Object(Illuminate\\Http\\Request), Object(Closure))
#39 D:\\كورس لارافيل\\contacts\\vendor\\laravel\\framework\\src\\Illuminate\\Foundation\\Http\\Middleware\\ValidatePostSize.php(27): Illuminate\\Pipeline\\Pipeline->Illuminate\\Pipeline\\{closure}(Object(Illuminate\\Http\\Request))
#40 D:\\كورس لارافيل\\contacts\\vendor\\laravel\\framework\\src\\Illuminate\\Pipeline\\Pipeline.php(180): Illuminate\\Foundation\\Http\\Middleware\\ValidatePostSize->handle(Object(Illuminate\\Http\\Request), Object(Closure))
#41 D:\\كورس لارافيل\\contacts\\vendor\\laravel\\framework\\src\\Illuminate\\Foundation\\Http\\Middleware\\PreventRequestsDuringMaintenance.php(86): Illuminate\\Pipeline\\Pipeline->Illuminate\\Pipeline\\{closure}(Object(Illuminate\\Http\\Request))
#42 D:\\كورس لارافيل\\contacts\\vendor\\laravel\\framework\\src\\Illuminate\\Pipeline\\Pipeline.php(180): Illuminate\\Foundation\\Http\\Middleware\\PreventRequestsDuringMaintenance->handle(Object(Illuminate\\Http\\Request), Object(Closure))
#43 D:\\كورس لارافيل\\contacts\\vendor\\fruitcake\\laravel-cors\\src\\HandleCors.php(38): Illuminate\\Pipeline\\Pipeline->Illuminate\\Pipeline\\{closure}(Object(Illuminate\\Http\\Request))
#44 D:\\كورس لارافيل\\contacts\\vendor\\laravel\\framework\\src\\Illuminate\\Pipeline\\Pipeline.php(180): Fruitcake\\Cors\\HandleCors->handle(Object(Illuminate\\Http\\Request), Object(Closure))
#45 D:\\كورس لارافيل\\contacts\\vendor\\laravel\\framework\\src\\Illuminate\\Http\\Middleware\\TrustProxies.php(39): Illuminate\\Pipeline\\Pipeline->Illuminate\\Pipeline\\{closure}(Object(Illuminate\\Http\\Request))
#46 D:\\كورس لارافيل\\contacts\\vendor\\laravel\\framework\\src\\Illuminate\\Pipeline\\Pipeline.php(180): Illuminate\\Http\\Middleware\\TrustProxies->handle(Object(Illuminate\\Http\\Request), Object(Closure))
#47 D:\\كورس لارافيل\\contacts\\vendor\\laravel\\framework\\src\\Illuminate\\Pipeline\\Pipeline.php(116): Illuminate\\Pipeline\\Pipeline->Illuminate\\Pipeline\\{closure}(Object(Illuminate\\Http\\Request))
#48 D:\\كورس لارافيل\\contacts\\vendor\\laravel\\framework\\src\\Illuminate\\Foundation\\Http\\Kernel.php(165): Illuminate\\Pipeline\\Pipeline->then(Object(Closure))
#49 D:\\كورس لارافيل\\contacts\\vendor\\laravel\\framework\\src\\Illuminate\\Foundation\\Http\\Kernel.php(134): Illuminate\\Foundation\\Http\\Kernel->sendRequestThroughRouter(Object(Illuminate\\Http\\Request))
#50 D:\\كورس لارافيل\\contacts\\public\\index.php(52): Illuminate\\Foundation\\Http\\Kernel->handle(Object(Illuminate\\Http\\Request))
#51 D:\\كورس لارافيل\\contacts\\vendor\\laravel\\framework\\src\\Illuminate\\Foundation\\resources\\server.php(16): require_once('D:\\\\\\xD9\\x83\\xD9\\x88\\xD8\\xB1\\xD8\\xB3 \\xD9\\x84\\xD8...')
#52 {main}
"} 
[2026-09-15 19:46:36] local.ERROR: SQLSTATE[23000]: Integrity constraint violation: 1048 Column 'name' cannot be null (SQL: update `contacts` set `name` = ?, `email` = ?, `phone` = ?, `category` = ? where `id` = 1) {"exception":"[object] (Illuminate\\Database\\QueryException(code: 23000): SQLSTATE[23000]: Integrity constraint violation: 1048 Column 'name' cannot be null (SQL: update `contacts` set `name` = ?, `email` = ?, `phone` = ?, `category` = ? where `id` = 1) at D:\\كورس لارافيل\\contacts\\vendor\\laravel\\framework\\src\\Illuminate\\Database\\Connection.php:760)
[stacktrace]
#0 D:\\كورس لارافيل\\contacts\\vendor\\laravel\\framework\\src\\Illuminate\\Database\\Connection.php(720): Illuminate\\Database\\Connection->runQueryCallback('update `contact...', Array, Object(Closure))
#1 D:\\كورس لارافيل\\contacts\\vendor\\laravel\\framework\\src\\Illuminate\\Database\\Connection.php(577): Illuminate\\Database\\Connection->run('update `contact...', Array, Object(Closure))
#2 D:\\كورس لارافيل\\contacts\\vendor\\laravel\\framework\\src\\Illuminate\\Database\\Connection.php(510): Illuminate\\Database\\Connection->affectingStatement('update `contact...', Array)
#3 D:\\كورس لارافيل\\contacts\\vendor\\laravel\\framework\\src\\Illuminate\\Database\\Query\\Builder.php(3357): Illuminate\\Database\\Connection->update('update `contact...', Array)
#4 D:\\كورس لارافيل\\contacts\\app\\Http\\Controllers\\ContactController.php(38): Illuminate\\Database\\Query\\Builder->update(Array)
#5 D:\\كورس لارافيل\\contacts\\vendor\\laravel\\framework\\src\\Illuminate\\Routing\\Controller.php(54): App\\Http\\Controllers\\ContactController->update(Object(Illuminate\\Http\\Request), '1')
#6 D:\\كورس لارافيل\\contacts\\vendor\\laravel\\framework\\src\\Illuminate\\Routing\\ControllerDispatcher.php(43): Illuminate\\Routing\\Controller->callAction('update', Array)
#7 D:\\كورس لارافيل\\contacts\\vendor\\laravel\\framework\\src\\Illuminate\\Routing\\Route.php(260): Illuminate\\Routing\\ControllerDispatcher->dispatch(Object(Illuminate\\Routing\\Route), Object(App\\Http\\Controllers\\ContactController), 'update')
#8 D:\\كورس لارافيل\\contacts\\vendor\\laravel\\framework\\src\\Illuminate\\Routing\\Route.php(205): Illuminate\\Routing\\Route->runController()
#9 D:\\كورس لارافيل\\contacts\\vendor\\laravel\\framework\\src\\Illuminate\\Routing\\Router.php(798): Illuminate\\Routing\\Route->run()
#10 D:\\كورس لارافيل\\contacts\\vendor\\laravel\\framework\\src\\Illuminate\\Pipeline\\Pipeline.php(141): Illuminate\\Routing\\Router->Illuminate\\Routing\\{closure}(Object(Illuminate\\Http\\Request))
#11 D:\\كورس لارافيل\\contacts\\vendor\\laravel\\framework\\src\\Illuminate\\Routing\\Middleware\\SubstituteBindings.php(50): Illuminate\\Pipeline\\Pipeline->Illuminate\\Pipeline\\{closure}(Object(Illuminate\\Http\\Request))
#12 D:\\كورس لارافيل\\contacts\\vendor\\laravel\\framework\\src\\Illuminate\\Pipeline\\Pipeline.php(180): Illuminate\\Routing\\Middleware\\SubstituteBindings->handle(Object(Illuminate\\Http\\Request), Object(Closure))
#13 D:\\كورس لارافيل\\contacts\\vendor\\laravel\\framework\\src\\Illuminate\\Foundation\\Http\\Middleware\\VerifyCsrfToken.php(78): Illuminate\\Pipeline\\Pipeline->Illuminate\\Pipeline\\{closure}(Object(Illuminate\\Http\\Request))
#14 D:\\كورس لارافيل\\contacts\\vendor\\laravel\\framework\\src\\Illuminate\\Pipeline\\Pipeline.php(180): Illuminate\\Foundation\\Http\\Middleware\\VerifyCsrfToken->handle(Object(Illuminate\\Http\\Request), Object(Closure))
#15 D:\\كورس لارافيل\\contacts\\vendor\\laravel\\framework\\src\\Illuminate\\View\\Middleware\\ShareErrorsFromSession.php(49): Illuminate\\Pipeline\\Pipeline->Illuminate\\Pipeline\\{closure}(Object(Illuminate\\Http\\Request))
#16 D:\\كورس لارافيل\\contacts\\vendor\\laravel\\framework\\src\\Illuminate\\Pipeline\\Pipeline.php(180): Illuminate\\View\\Middleware\\ShareErrorsFromSession->handle(Object(Illuminate\\Http\\Request), Object(Closure))
#17 D:\\كورس لارافيل\\contacts\\vendor\\laravel\\framework\\src\\Illuminate\\Session\\Middleware\\StartSession.php(121): Illuminate\\Pipeline\\Pipeline->Illuminate\\Pipeline\\{closure}(Object(Illuminate\\Http\\Request))
#18 D:\\كورس لارافيل\\contacts\\vendor\\laravel\\framework\\src\\Illuminate\\Session\\Middleware\\StartSession.php(64): Illuminate\\Session\\Middleware\\StartSession->handleStatefulRequest(Object(Illuminate\\Http\\Request), Object(Illuminate\\Session\\Store), Object(Closure))
#19 D:\\كورس لارافيل\\contacts\\vendor\\laravel\\framework\\src\\Illuminate\\Pipeline\\Pipeline.php(180): Illuminate\\Session\\Middleware\\StartSession->handle(Object(Illuminate\\Http\\Request), Object(Closure))
#20 D:\\كورس لارافيل\\contacts\\vendor\\laravel\\framework\\src\\Illuminate\\Cookie\\Middleware\\AddQueuedCookiesToResponse.php(37): Illuminate\\Pipeline\\Pipeline->Illuminate\\Pipeline\\{closure}(Object(Illuminate\\Http\\Request))
#21 D:\\كورس لارافيل\\contacts\\vendor\\laravel\\framework\\src\\Illuminate\\Pipeline\\Pipeline.php(180): Illuminate\\Cookie\\Middleware\\AddQueuedCookiesToResponse->handle(Object(Illuminate\\Http\\Request), Object(Closure))
#22 D:\\كورس لارافيل\\contacts\\vendor\\laravel\\framework\\src\\Illuminate\\Cookie\\Middleware\\EncryptCookies.php(67): Illuminate\\Pipeline\\Pipeline->Illuminate\\Pipeline\\{closure}(Object(Illuminate\\Http\\Request))
#23 D:\\كورس لارافيل\\contacts\\vendor\\laravel\\framework\\src\\Illuminate\\Pipeline\\Pipeline.php(180): Illuminate\\Cookie\\Middleware\\EncryptCookies->handle(Object(Illuminate\\Http\\Request), Object(Closure))
#24 D:\\كورس لارافيل\\contacts\\vendor\\laravel\\framework\\src\\Illuminate\\Pipeline\\Pipeline.php(116): Illuminate\\Pipeline\\Pipeline->Illuminate\\Pipeline\\{closure}(Object(Illuminate\\Http\\Request))
#25 D:\\كورس لارافيل\\contacts\\vendor\\laravel\\framework\\src\\Illuminate\\Routing\\Router.php(799): Illuminate\\Pipeline\\Pipeline->then(Object(Closure))
#26 D:\\كورس لارافيل\\contacts\\vendor\\laravel\\framework\\src\\Illuminate\\Routing\\Router.php(776): Illuminate\\Routing\\Router->runRouteWithinStack(Object(Illuminate\\Routing\\Route), Object(Illuminate\\Http\\Request))
#27 D:\\كورس لارافيل\\contacts\\vendor\\laravel\\framework\\src\\Illuminate\\Routing\\Router.php(740): Illuminate\\Routing\\Router->runRoute(Object(Illuminate\\Http\\Request), Object(Illuminate\\Routing\\Route))
#28 D:\\كورس لارافيل\\contacts\\vendor\\laravel\\framework\\src\\Illuminate\\Routing\\Router.php(729): Illuminate\\Routing\\Router->dispatchToRoute(Object(Illuminate\\Http\\Request))
#29 D:\\كورس لارافيل\\contacts\\vendor\\laravel\\framework\\src\\Illuminate\\Foundation\\Http\\Kernel.php(190): Illuminate\\Routing\\Router->dispatch(Object(Illuminate\\Http\\Request))
#30 D:\\كورس لارافيل\\contacts\\vendor\\laravel\\framework\\src\\Illuminate\\Pipeline\\Pipeline.php(141): Illuminate\\Foundation\\Http\\Kernel->Illuminate\\Foundation\\Http\\{closure}(Object(Illuminate\\Http\\Request))
#31 D:\\كورس لارافيل\\contacts\\vendor\\laravel\\framework\\src\\Illuminate\\Foundation\\Http\\Middleware\\TransformsRequest.php(21): Illuminate\\Pipeline\\Pipeline->Illuminate\\Pipeline\\{closure}(Object(Illuminate\\Http\\Request))
#32 D:\\كورس لارافيل\\contacts\\vendor\\laravel\\framework\\src\\Illuminate\\Foundation\\Http\\Middleware\\ConvertEmptyStringsToNull.php(31): Illuminate\\Foundation\\Http\\Middleware\\TransformsRequest->handle(Object(Illuminate\\Http\\Request), Object(Closure))
#33 D:\\كورس لارافيل\\contacts\\vendor\\laravel\\framework\\src\\Illuminate\\Pipeline\\Pipeline.php(180): Illuminate\\Foundation\\Http\\Middleware\\ConvertEmptyStringsToNull->handle(Object(Illuminate\\Http\\Request), Object(Closure))
#34 D:\\كورس لارافيل\\contacts\\vendor\\laravel\\framework\\src\\Illuminate\\Foundation\\Http\\Middleware\\TransformsRequest.php(21): Illuminate\\Pipeline\\Pipeline->Illuminate\\Pipeline\\{closure}(Object(Illuminate\\Http\\Request))
#35 D:\\كورس لارافيل\\contacts\\vendor\\laravel\\framework\\src\\Illuminate\\Foundation\\Http\\Middleware\\TrimStrings.php(40): Illuminate\\Foundation\\Http\\Middleware\\TransformsRequest->handle(Object(Illuminate\\Http\\Request), Object(Closure))
#36 D:\\كورس لارافيل\\contacts\\vendor\\laravel\\framework\\src\\Illuminate\\Pipeline\\Pipeline.php(180): Illuminate\\Foundation\\Http\\Middleware\\TrimStrings->handle(Object(Illuminate\\Http\\Request), Object(Closure))
#37 D:\\كورس لارافيل\\contacts\\vendor\\laravel\\framework\\src\\Illuminate\\Foundation\\Http\\Middleware\\ValidatePostSize.php(27): Illuminate\\Pipeline\\Pipeline->Illuminate\\Pipeline\\{closure}(Object(Illuminate\\Http\\Request))
#38 D:\\كورس لارافيل\\contacts\\vendor\\laravel\\framework\\src\\Illuminate\\Pipeline\\Pipeline.php(180): Illuminate\\Foundation\\Http\\Middleware\\ValidatePostSize->handle(Object(Illuminate\\Http\\Request), Object(Closure))
#39 D:\\كورس لارافيل\\contacts\\vendor\\laravel\\framework\\src\\Illuminate\\Foundation\\Http\\Middleware\\PreventRequestsDuringMaintenance.php(86): Illuminate\\Pipeline\\Pipeline->Illuminate\\Pipeline\\{closure}(Object(Illuminate\\Http\\Request))
#40 D:\\كورس لارافيل\\contacts\\vendor\\laravel\\framework\\src\\Illuminate\\Pipeline\\Pipeline.php(180): Illuminate\\Foundation\\Http\\Middleware\\PreventRequestsDuringMaintenance->handle(Object(Illuminate\\Http\\Request), Object(Closure))
#41 D:\\كورس لارافيل\\contacts\\vendor\\fruitcake\\laravel-cors\\src\\HandleCors.php(38): Illuminate\\Pipeline\\Pipeline->Illuminate\\Pipeline\\{closure}(Object(Illuminate\\Http\\Request))
#42 D:\\كورس لارافيل\\contacts\\vendor\\laravel\\framework\\src\\Illuminate\\Pipeline\\Pipeline.php(180): Fruitcake\\Cors\\HandleCors->handle(Object(Illuminate\\Http\\Request), Object(Closure))
#43 D:\\كورس لارافيل\\contacts\\vendor\\laravel\\framework\\src\\Illuminate\\Http\\Middleware\\TrustProxies.php(39): Illuminate\\Pipeline\\Pipeline->Illuminate\\Pipeline\\{closure}(Object(Illuminate\\Http\\Request))
#44 D:\\كورس لارافيل\\contacts\\vendor\\laravel\\framework\\src\\Illuminate\\Pipeline\\Pipeline.php(180): Illuminate\\Http\\Middleware\\TrustProxies->handle(Object(Illuminate\\Http\\Request), Object(Closure))
#45 D:\\كورس لارافيل\\contacts\\vendor\\laravel\\framework\\src\\Illuminate\\Pipeline\\Pipeline.php(116): Illuminate\\Pipeline\\Pipeline->Illuminate\\Pipeline\\{closure}(Object(Illuminate\\Http\\Request))
#46 D:\\كورس لارافيل\\contacts\\vendor\\laravel\\framework\\src\\Illuminate\\Foundation\\Http\\Kernel.php(165): Illuminate\\Pipeline\\Pipeline->then(Object(Closure))
#47 D:\\كورس لارافيل\\contacts\\vendor\\laravel\\framework\\src\\Illuminate\\Foundation\\Http\\Kernel.php(134): Illuminate\\Foundation\\Http\\Kernel->sendRequestThroughRouter(Object(Illuminate\\Http\\Request))
#48 D:\\كورس لارافيل\\contacts\\public\\index.php(52): Illuminate\\Foundation\\Http\\Kernel->handle(Object(Illuminate\\Http\\Request))
#49 D:\\كورس لارافيل\\contacts\\vendor\\laravel\\framework\\src\\Illuminate\\Foundation\\resources\\server.php(16): require_once('D:\\\\\\xD9\\x83\\xD9\\x88\\xD8\\xB1\\xD8\\xB3 \\xD9\\x84\\xD8...')
#50 {main}

[previous exception] [object] (PDOException(code: 23000): SQLSTATE[23000]: Integrity constraint violation: 1048 Column 'name' cannot be null at D:\\كورس لارافيل\\contacts\\vendor\\laravel\\framework\\src\\Illuminate\\Database\\Connection.php:570)
[stacktrace]
#0 D:\\كورس لارافيل\\contacts\\vendor\\laravel\\framework\\src\\Illuminate\\Database\\Connection.php(570): PDOStatement->execute()
#1 D:\\كورس لارافيل\\contacts\\vendor\\laravel\\framework\\src\\Illuminate\\Database\\Connection.php(753): Illuminate\\Database\\Connection->Illuminate\\Database\\{closure}('update `contact...', Array)
#2 D:\\كورس لارافيل\\contacts\\vendor\\laravel\\framework\\src\\Illuminate\\Database\\Connection.php(720): Illuminate\\Database\\Connection->runQueryCallback('update `contact...', Array, Object(Closure))
#3 D:\\كورس لارافيل\\contacts\\vendor\\laravel\\framework\\src\\Illuminate\\Database\\Connection.php(577): Illuminate\\Database\\Connection->run('update `contact...', Array, Object(Closure))
#4 D:\\كورس لارافيل\\contacts\\vendor\\laravel\\framework\\src\\Illuminate\\Database\\Connection.php(510): Illuminate\\Database\\Connection->affectingStatement('update `contact...', Array)
#5 D:\\كورس لارافيل\\contacts\\vendor\\laravel\\framework\\src\\Illuminate\\Database\\Query\\Builder.php(3357): Illuminate\\Database\\Connection->update('update `contact...', Array)
#6 D:\\كورس لارافيل\\contacts\\app\\Http\\Controllers\\ContactController.php(38): Illuminate\\Database\\Query\\Builder->update(Array)
#7 D:\\كورس لارافيل\\contacts\\vendor\\laravel\\framework\\src\\Illuminate\\Routing\\Controller.php(54): App\\Http\\Controllers\\ContactController->update(Object(Illuminate\\Http\\Request), '1')
#8 D:\\كورس لارافيل\\contacts\\vendor\\laravel\\framework\\src\\Illuminate\\Routing\\ControllerDispatcher.php(43): Illuminate\\Routing\\Controller->callAction('update', Array)
#9 D:\\كورس لارافيل\\contacts\\vendor\\laravel\\framework\\src\\Illuminate\\Routing\\Route.php(260): Illuminate\\Routing\\ControllerDispatcher->dispatch(Object(Illuminate\\Routing\\Route), Object(App\\Http\\Controllers\\ContactController), 'update')
#10 D:\\كورس لارافيل\\contacts\\vendor\\laravel\\framework\\src\\Illuminate\\Routing\\Route.php(205): Illuminate\\Routing\\Route->runController()
#11 D:\\كورس لارافيل\\contacts\\vendor\\laravel\\framework\\src\\Illuminate\\Routing\\Router.php(798): Illuminate\\Routing\\Route->run()
#12 D:\\كورس لارافيل\\contacts\\vendor\\laravel\\framework\\src\\Illuminate\\Pipeline\\Pipeline.php(141): Illuminate\\Routing\\Router->Illuminate\\Routing\\{closure}(Object(Illuminate\\Http\\Request))
#13 D:\\كورس لارافيل\\contacts\\vendor\\laravel\\framework\\src\\Illuminate\\Routing\\Middleware\\SubstituteBindings.php(50): Illuminate\\Pipeline\\Pipeline->Illuminate\\Pipeline\\{closure}(Object(Illuminate\\Http\\Request))
#14 D:\\كورس لارافيل\\contacts\\vendor\\laravel\\framework\\src\\Illuminate\\Pipeline\\Pipeline.php(180): Illuminate\\Routing\\Middleware\\SubstituteBindings->handle(Object(Illuminate\\Http\\Request), Object(Closure))
#15 D:\\كورس لارافيل\\contacts\\vendor\\laravel\\framework\\src\\Illuminate\\Foundation\\Http\\Middleware\\VerifyCsrfToken.php(78): Illuminate\\Pipeline\\Pipeline->Illuminate\\Pipeline\\{closure}(Object(Illuminate\\Http\\Request))
#16 D:\\كورس لارافيل\\contacts\\vendor\\laravel\\framework\\src\\Illuminate\\Pipeline\\Pipeline.php(180): Illuminate\\Foundation\\Http\\Middleware\\VerifyCsrfToken->handle(Object(Illuminate\\Http\\Request), Object(Closure))
#17 D:\\كورس لارافيل\\contacts\\vendor\\laravel\\framework\\src\\Illuminate\\View\\Middleware\\ShareErrorsFromSession.php(49): Illuminate\\Pipeline\\Pipeline->Illuminate\\Pipeline\\{closure}(Object(Illuminate\\Http\\Request))
#18 D:\\كورس لارافيل\\contacts\\vendor\\laravel\\framework\\src\\Illuminate\\Pipeline\\Pipeline.php(180): Illuminate\\View\\Middleware\\ShareErrorsFromSession->handle(Object(Illuminate\\Http\\Request), Object(Closure))
#19 D:\\كورس لارافيل\\contacts\\vendor\\laravel\\framework\\src\\Illuminate\\Session\\Middleware\\StartSession.php(121): Illuminate\\Pipeline\\Pipeline->Illuminate\\Pipeline\\{closure}(Object(Illuminate\\Http\\Request))
#20 D:\\كورس لارافيل\\contacts\\vendor\\laravel\\framework\\src\\Illuminate\\Session\\Middleware\\StartSession.php(64): Illuminate\\Session\\Middleware\\StartSession->handleStatefulRequest(Object(Illuminate\\Http\\Request), Object(Illuminate\\Session\\Store), Object(Closure))
#21 D:\\كورس لارافيل\\contacts\\vendor\\laravel\\framework\\src\\Illuminate\\Pipeline\\Pipeline.php(180): Illuminate\\Session\\Middleware\\StartSession->handle(Object(Illuminate\\Http\\Request), Object(Closure))
#22 D:\\كورس لارافيل\\contacts\\vendor\\laravel\\framework\\src\\Illuminate\\Cookie\\Middleware\\AddQueuedCookiesToResponse.php(37): Illuminate\\Pipeline\\Pipeline->Illuminate\\Pipeline\\{closure}(Object(Illuminate\\Http\\Request))
#23 D:\\كورس لارافيل\\contacts\\vendor\\laravel\\framework\\src\\Illuminate\\Pipeline\\Pipeline.php(180): Illuminate\\Cookie\\Middleware\\AddQueuedCookiesToResponse->handle(Object(Illuminate\\Http\\Request), Object(Closure))
#24 D:\\كورس لارافيل\\contacts\\vendor\\laravel\\framework\\src\\Illuminate\\Cookie\\Middleware\\EncryptCookies.php(67): Illuminate\\Pipeline\\Pipeline->Illuminate\\Pipeline\\{closure}(Object(Illuminate\\Http\\Request))
#25 D:\\كورس لارافيل\\contacts\\vendor\\laravel\\framework\\src\\Illuminate\\Pipeline\\Pipeline.php(180): Illuminate\\Cookie\\Middleware\\EncryptCookies->handle(Object(Illuminate\\Http\\Request), Object(Closure))
#26 D:\\كورس لارافيل\\contacts\\vendor\\laravel\\framework\\src\\Illuminate\\Pipeline\\Pipeline.php(116): Illuminate\\Pipeline\\Pipeline->Illuminate\\Pipeline\\{closure}(Object(Illuminate\\Http\\Request))
#27 D:\\كورس لارافيل\\contacts\\vendor\\laravel\\framework\\src\\Illuminate\\Routing\\Router.php(799): Illuminate\\Pipeline\\Pipeline->then(Object(Closure))
#28 D:\\كورس لارافيل\\contacts\\vendor\\laravel\\framework\\src\\Illuminate\\Routing\\Router.php(776): Illuminate\\Routing\\Router->runRouteWithinStack(Object(Illuminate\\Routing\\Route), Object(Illuminate\\Http\\Request))
#29 D:\\كورس لارافيل\\contacts\\vendor\\laravel\\framework\\src\\Illuminate\\Routing\\Router.php(740): Illuminate\\Routing\\Router->runRoute(Object(Illuminate\\Http\\Request), Object(Illuminate\\Routing\\Route))
#30 D:\\كورس لارافيل\\contacts\\vendor\\laravel\\framework\\src\\Illuminate\\Routing\\Router.php(729): Illuminate\\Routing\\Router->dispatchToRoute(Object(Illuminate\\Http\\Request))
#31 D:\\كورس لارافيل\\contacts\\vendor\\laravel\\framework\\src\\Illuminate\\Foundation\\Http\\Kernel.php(190): Illuminate\\Routing\\Router->dispatch(Object(Illuminate\\Http\\Request))
#32 D:\\كورس لارافيل\\contacts\\vendor\\laravel\\framework\\src\\Illuminate\\Pipeline\\Pipeline.php(141): Illuminate\\Foundation\\Http\\Kernel->Illuminate\\Foundation\\Http\\{closure}(Object(Illuminate\\Http\\Request))
#33 D:\\كورس لارافيل\\contacts\\vendor\\laravel\\framework\\src\\Illuminate\\Foundation\\Http\\Middleware\\TransformsRequest.php(21): Illuminate\\Pipeline\\Pipeline->Illuminate\\Pipeline\\{closure}(Object(Illuminate\\Http\\Request))
#34 D:\\كورس لارافيل\\contacts\\vendor\\laravel\\framework\\src\\Illuminate\\Foundation\\Http\\Middleware\\ConvertEmptyStringsToNull.php(31): Illuminate\\Foundation\\Http\\Middleware\\TransformsRequest->handle(Object(Illuminate\\Http\\Request), Object(Closure))
#35 D:\\كورس لارافيل\\contacts\\vendor\\laravel\\framework\\src\\Illuminate\\Pipeline\\Pipeline.php(180): Illuminate\\Foundation\\Http\\Middleware\\ConvertEmptyStringsToNull->handle(Object(Illuminate\\Http\\Request), Object(Closure))
#36 D:\\كورس لارافيل\\contacts\\vendor\\laravel\\framework\\src\\Illuminate\\Foundation\\Http\\Middleware\\TransformsRequest.php(21): Illuminate\\Pipeline\\Pipeline->Illuminate\\Pipeline\\{closure}(Object(Illuminate\\Http\\Request))
#37 D:\\كورس لارافيل\\contacts\\vendor\\laravel\\framework\\src\\Illuminate\\Foundation\\Http\\Middleware\\TrimStrings.php(40): Illuminate\\Foundation\\Http\\Middleware\\TransformsRequest->handle(Object(Illuminate\\Http\\Request), Object(Closure))
#38 D:\\كورس لارافيل\\contacts\\vendor\\laravel\\framework\\src\\Illuminate\\Pipeline\\Pipeline.php(180): Illuminate\\Foundation\\Http\\Middleware\\TrimStrings->handle(Object(Illuminate\\Http\\Request), Object(Closure))
#39 D:\\كورس لارافيل\\contacts\\vendor\\laravel\\framework\\src\\Illuminate\\Foundation\\Http\\Middleware\\ValidatePostSize.php(27): Illuminate\\Pipeline\\Pipeline->Illuminate\\Pipeline\\{closure}(Object(Illuminate\\Http\\Request))
#40 D:\\كورس لارافيل\\contacts\\vendor\\laravel\\framework\\src\\Illuminate\\Pipeline\\Pipeline.php(180): Illuminate\\Foundation\\Http\\Middleware\\ValidatePostSize->handle(Object(Illuminate\\Http\\Request), Object(Closure))
#41 D:\\كورس لارافيل\\contacts\\vendor\\laravel\\framework\\src\\Illuminate\\Foundation\\Http\\Middleware\\PreventRequestsDuringMaintenance.php(86): Illuminate\\Pipeline\\Pipeline->Illuminate\\Pipeline\\{closure}(Object(Illuminate\\Http\\Request))
#42 D:\\كورس لارافيل\\contacts\\vendor\\laravel\\framework\\src\\Illuminate\\Pipeline\\Pipeline.php(180): Illuminate\\Foundation\\Http\\Middleware\\PreventRequestsDuringMaintenance->handle(Object(Illuminate\\Http\\Request), Object(Closure))
#43 D:\\كورس لارافيل\\contacts\\vendor\\fruitcake\\laravel-cors\\src\\HandleCors.php(38): Illuminate\\Pipeline\\Pipeline->Illuminate\\Pipeline\\{closure}(Object(Illuminate\\Http\\Request))
#44 D:\\كورس لارافيل\\contacts\\vendor\\laravel\\framework\\src\\Illuminate\\Pipeline\\Pipeline.php(180): Fruitcake\\Cors\\HandleCors->handle(Object(Illuminate\\Http\\Request), Object(Closure))
#45 D:\\كورس لارافيل\\contacts\\vendor\\laravel\\framework\\src\\Illuminate\\Http\\Middleware\\TrustProxies.php(39): Illuminate\\Pipeline\\Pipeline->Illuminate\\Pipeline\\{closure}(Object(Illuminate\\Http\\Request))
#46 D:\\كورس لارافيل\\contacts\\vendor\\laravel\\framework\\src\\Illuminate\\Pipeline\\Pipeline.php(180): Illuminate\\Http\\Middleware\\TrustProxies->handle(Object(Illuminate\\Http\\Request), Object(Closure))
#47 D:\\كورس لارافيل\\contacts\\vendor\\laravel\\framework\\src\\Illuminate\\Pipeline\\Pipeline.php(116): Illuminate\\Pipeline\\Pipeline->Illuminate\\Pipeline\\{closure}(Object(Illuminate\\Http\\Request))
#48 D:\\كورس لارافيل\\contacts\\vendor\\laravel\\framework\\src\\Illuminate\\Foundation\\Http\\Kernel.php(165): Illuminate\\Pipeline\\Pipeline->then(Object(Closure))
#49 D:\\كورس لارافيل\\contacts\\vendor\\laravel\\framework\\src\\Illuminate\\Foundation\\Http\\Kernel.php(134): Illuminate\\Foundation\\Http\\Kernel->sendRequestThroughRouter(Object(Illuminate\\Http\\Request))
#50 D:\\كورس لارافيل\\contacts\\public\\index.php(52): Illuminate\\Foundation\\Http\\Kernel->handle(Object(Illuminate\\Http\\Request))
#51 D:\\كورس لارافيل\\contacts\\vendor\\laravel\\framework\\src\\Illuminate\\Foundation\\resources\\server.php(16): require_once('D:\\\\\\xD9\\x83\\xD9\\x88\\xD8\\xB1\\xD8\\xB3 \\xD9\\x84\\xD8...')
#52 {main}
"} 
[2026-09-15 19:48:57] local.ERROR: Class "Rout" not found {"exception":"[object] (Error(code: 0): Class \"Rout\" not found at D:\\كورس لارافيل\\contacts\\routes\\web.php:21)
[stacktrace]
#0 D:\\كورس لارافيل\\contacts\\vendor\\laravel\\framework\\src\\Illuminate\\Routing\\RouteFileRegistrar.php(35): require()
#1 D:\\كورس لارافيل\\contacts\\vendor\\laravel\\framework\\src\\Illuminate\\Routing\\Router.php(503): Illuminate\\Routing\\RouteFileRegistrar->register('D:\\\\\\xD9\\x83\\xD9\\x88\\xD8\\xB1\\xD8\\xB3 \\xD9\\x84\\xD8...')
#2 D:\\كورس لارافيل\\contacts\\vendor\\laravel\\framework\\src\\Illuminate\\Routing\\Router.php(457): Illuminate\\Routing\\Router->loadRoutes('D:\\\\\\xD9\\x83\\xD9\\x88\\xD8\\xB1\\xD8\\xB3 \\xD9\\x84\\xD8...')
#3 D:\\كورس لارافيل\\contacts\\vendor\\laravel\\framework\\src\\Illuminate\\Routing\\RouteRegistrar.php(192): Illuminate\\Routing\\Router->group(Array, 'D:\\\\\\xD9\\x83\\xD9\\x88\\xD8\\xB1\\xD8\\xB3 \\xD9\\x84\\xD8...')
#4 D:\\كورس لارافيل\\contacts\\app\\Providers\\RouteServiceProvider.php(48): Illuminate\\Routing\\RouteRegistrar->group('D:\\\\\\xD9\\x83\\xD9\\x88\\xD8\\xB1\\xD8\\xB3 \\xD9\\x84\\xD8...')
#5 D:\\كورس لارافيل\\contacts\\vendor\\laravel\\framework\\src\\Illuminate\\Container\\BoundMethod.php(36): App\\Providers\\RouteServiceProvider->App\\Providers\\{closure}()
#6 D:\\كورس لارافيل\\contacts\\vendor\\laravel\\framework\\src\\Illuminate\\Container\\Util.php(41): Illuminate\\Container\\BoundMethod::Illuminate\\Container\\{closure}()
#7 D:\\كورس لارافيل\\contacts\\vendor\\laravel\\framework\\src\\Illuminate\\Container\\BoundMethod.php(81): Illuminate\\Container\\Util::unwrapIfClosure(Object(Closure))
#8 D:\\كورس لارافيل\\contacts\\vendor\\laravel\\framework\\src\\Illuminate\\Container\\BoundMethod.php(37): Illuminate\\Container\\BoundMethod::callBoundMethod(Object(Illuminate\\Foundation\\Application), Object(Closure), Object(Closure))
#9 D:\\كورس لارافيل\\contacts\\vendor\\laravel\\framework\\src\\Illuminate\\Container\\Container.php(661): Illuminate\\Container\\BoundMethod::call(Object(Illuminate\\Foundation\\Application), Object(Closure), Array, NULL)
#10 D:\\كورس لارافيل\\contacts\\vendor\\laravel\\framework\\src\\Illuminate\\Foundation\\Support\\Providers\\RouteServiceProvider.php(120): Illuminate\\Container\\Container->call(Object(Closure))
#11 D:\\كورس لارافيل\\contacts\\vendor\\laravel\\framework\\src\\Illuminate\\Foundation\\Support\\Providers\\RouteServiceProvider.php(45): Illuminate\\Foundation\\Support\\Providers\\RouteServiceProvider->loadRoutes()
#12 D:\\كورس لارافيل\\contacts\\vendor\\laravel\\framework\\src\\Illuminate\\Container\\BoundMethod.php(36): Illuminate\\Foundation\\Support\\Providers\\RouteServiceProvider->Illuminate\\Foundation\\Support\\Providers\\{closure}()
#13 D:\\كورس لارافيل\\contacts\\vendor\\laravel\\framework\\src\\Illuminate\\Container\\Util.php(41): Illuminate\\Container\\BoundMethod::Illuminate\\Container\\{closure}()
#14 D:\\كورس لارافيل\\contacts\\vendor\\laravel\\framework\\src\\Illuminate\\Container\\BoundMethod.php(81): Illuminate\\Container\\Util::unwrapIfClosure(Object(Closure))
#15 D:\\كورس لارافيل\\contacts\\vendor\\laravel\\framework\\src\\Illuminate\\Container\\BoundMethod.php(37): Illuminate\\Container\\BoundMethod::callBoundMethod(Object(Illuminate\\Foundation\\Application), Object(Closure), Object(Closure))
#16 D:\\كورس لارافيل\\contacts\\vendor\\laravel\\framework\\src\\Illuminate\\Container\\Container.php(661): Illuminate\\Container\\BoundMethod::call(Object(Illuminate\\Foundation\\Application), Object(Closure), Array, NULL)
#17 D:\\كورس لارافيل\\contacts\\vendor\\laravel\\framework\\src\\Illuminate\\Support\\ServiceProvider.php(119): Illuminate\\Container\\Container->call(Object(Closure))
#18 D:\\كورس لارافيل\\contacts\\vendor\\laravel\\framework\\src\\Illuminate\\Foundation\\Application.php(957): Illuminate\\Support\\ServiceProvider->callBootedCallbacks()
#19 D:\\كورس لارافيل\\contacts\\vendor\\laravel\\framework\\src\\Illuminate\\Foundation\\Application.php(935): Illuminate\\Foundation\\Application->bootProvider(Object(App\\Providers\\RouteServiceProvider))
#20 [internal function]: Illuminate\\Foundation\\Application->Illuminate\\Foundation\\{closure}(Object(App\\Providers\\RouteServiceProvider), 24)
#21 D:\\كورس لارافيل\\contacts\\vendor\\laravel\\framework\\src\\Illuminate\\Foundation\\Application.php(936): array_walk(Array, Object(Closure))
#22 D:\\كورس لارافيل\\contacts\\vendor\\laravel\\framework\\src\\Illuminate\\Foundation\\Bootstrap\\BootProviders.php(17): Illuminate\\Foundation\\Application->boot()
#23 D:\\كورس لارافيل\\contacts\\vendor\\laravel\\framework\\src\\Illuminate\\Foundation\\Application.php(265): Illuminate\\Foundation\\Bootstrap\\BootProviders->bootstrap(Object(Illuminate\\Foundation\\Application))
#24 D:\\كورس لارافيل\\contacts\\vendor\\laravel\\framework\\src\\Illuminate\\Foundation\\Http\\Kernel.php(176): Illuminate\\Foundation\\Application->bootstrapWith(Array)
#25 D:\\كورس لارافيل\\contacts\\vendor\\laravel\\framework\\src\\Illuminate\\Foundation\\Http\\Kernel.php(160): Illuminate\\Foundation\\Http\\Kernel->bootstrap()
#26 D:\\كورس لارافيل\\contacts\\vendor\\laravel\\framework\\src\\Illuminate\\Foundation\\Http\\Kernel.php(134): Illuminate\\Foundation\\Http\\Kernel->sendRequestThroughRouter(Object(Illuminate\\Http\\Request))
#27 D:\\كورس لارافيل\\contacts\\public\\index.php(52): Illuminate\\Foundation\\Http\\Kernel->handle(Object(Illuminate\\Http\\Request))
#28 D:\\كورس لارافيل\\contacts\\vendor\\laravel\\framework\\src\\Illuminate\\Foundation\\resources\\server.php(16): require_once('D:\\\\\\xD9\\x83\\xD9\\x88\\xD8\\xB1\\xD8\\xB3 \\xD9\\x84\\xD8...')
#29 {main}
"} 
[2026-09-15 19:49:27] local.ERROR: SQLSTATE[23000]: Integrity constraint violation: 1048 Column 'name' cannot be null (SQL: update `contacts` set `name` = ?, `email` = ?, `phone` = ?, `category` = ? where `id` = 1) {"exception":"[object] (Illuminate\\Database\\QueryException(code: 23000): SQLSTATE[23000]: Integrity constraint violation: 1048 Column 'name' cannot be null (SQL: update `contacts` set `name` = ?, `email` = ?, `phone` = ?, `category` = ? where `id` = 1) at D:\\كورس لارافيل\\contacts\\vendor\\laravel\\framework\\src\\Illuminate\\Database\\Connection.php:760)
[stacktrace]
#0 D:\\كورس لارافيل\\contacts\\vendor\\laravel\\framework\\src\\Illuminate\\Database\\Connection.php(720): Illuminate\\Database\\Connection->runQueryCallback('update `contact...', Array, Object(Closure))
#1 D:\\كورس لارافيل\\contacts\\vendor\\laravel\\framework\\src\\Illuminate\\Database\\Connection.php(577): Illuminate\\Database\\Connection->run('update `contact...', Array, Object(Closure))
#2 D:\\كورس لارافيل\\contacts\\vendor\\laravel\\framework\\src\\Illuminate\\Database\\Connection.php(510): Illuminate\\Database\\Connection->affectingStatement('update `contact...', Array)
#3 D:\\كورس لارافيل\\contacts\\vendor\\laravel\\framework\\src\\Illuminate\\Database\\Query\\Builder.php(3357): Illuminate\\Database\\Connection->update('update `contact...', Array)
#4 D:\\كورس لارافيل\\contacts\\app\\Http\\Controllers\\ContactController.php(38): Illuminate\\Database\\Query\\Builder->update(Array)
#5 D:\\كورس لارافيل\\contacts\\vendor\\laravel\\framework\\src\\Illuminate\\Routing\\Controller.php(54): App\\Http\\Controllers\\ContactController->update(Object(Illuminate\\Http\\Request), '1')
#6 D:\\كورس لارافيل\\contacts\\vendor\\laravel\\framework\\src\\Illuminate\\Routing\\ControllerDispatcher.php(43): Illuminate\\Routing\\Controller->callAction('update', Array)
#7 D:\\كورس لارافيل\\contacts\\vendor\\laravel\\framework\\src\\Illuminate\\Routing\\Route.php(260): Illuminate\\Routing\\ControllerDispatcher->dispatch(Object(Illuminate\\Routing\\Route), Object(App\\Http\\Controllers\\ContactController), 'update')
#8 D:\\كورس لارافيل\\contacts\\vendor\\laravel\\framework\\src\\Illuminate\\Routing\\Route.php(205): Illuminate\\Routing\\Route->runController()
#9 D:\\كورس لارافيل\\contacts\\vendor\\laravel\\framework\\src\\Illuminate\\Routing\\Router.php(798): Illuminate\\Routing\\Route->run()
#10 D:\\كورس لارافيل\\contacts\\vendor\\laravel\\framework\\src\\Illuminate\\Pipeline\\Pipeline.php(141): Illuminate\\Routing\\Router->Illuminate\\Routing\\{closure}(Object(Illuminate\\Http\\Request))
#11 D:\\كورس لارافيل\\contacts\\vendor\\laravel\\framework\\src\\Illuminate\\Routing\\Middleware\\SubstituteBindings.php(50): Illuminate\\Pipeline\\Pipeline->Illuminate\\Pipeline\\{closure}(Object(Illuminate\\Http\\Request))
#12 D:\\كورس لارافيل\\contacts\\vendor\\laravel\\framework\\src\\Illuminate\\Pipeline\\Pipeline.php(180): Illuminate\\Routing\\Middleware\\SubstituteBindings->handle(Object(Illuminate\\Http\\Request), Object(Closure))
#13 D:\\كورس لارافيل\\contacts\\vendor\\laravel\\framework\\src\\Illuminate\\Foundation\\Http\\Middleware\\VerifyCsrfToken.php(78): Illuminate\\Pipeline\\Pipeline->Illuminate\\Pipeline\\{closure}(Object(Illuminate\\Http\\Request))
#14 D:\\كورس لارافيل\\contacts\\vendor\\laravel\\framework\\src\\Illuminate\\Pipeline\\Pipeline.php(180): Illuminate\\Foundation\\Http\\Middleware\\VerifyCsrfToken->handle(Object(Illuminate\\Http\\Request), Object(Closure))
#15 D:\\كورس لارافيل\\contacts\\vendor\\laravel\\framework\\src\\Illuminate\\View\\Middleware\\ShareErrorsFromSession.php(49): Illuminate\\Pipeline\\Pipeline->Illuminate\\Pipeline\\{closure}(Object(Illuminate\\Http\\Request))
#16 D:\\كورس لارافيل\\contacts\\vendor\\laravel\\framework\\src\\Illuminate\\Pipeline\\Pipeline.php(180): Illuminate\\View\\Middleware\\ShareErrorsFromSession->handle(Object(Illuminate\\Http\\Request), Object(Closure))
#17 D:\\كورس لارافيل\\contacts\\vendor\\laravel\\framework\\src\\Illuminate\\Session\\Middleware\\StartSession.php(121): Illuminate\\Pipeline\\Pipeline->Illuminate\\Pipeline\\{closure}(Object(Illuminate\\Http\\Request))
#18 D:\\كورس لارافيل\\contacts\\vendor\\laravel\\framework\\src\\Illuminate\\Session\\Middleware\\StartSession.php(64): Illuminate\\Session\\Middleware\\StartSession->handleStatefulRequest(Object(Illuminate\\Http\\Request), Object(Illuminate\\Session\\Store), Object(Closure))
#19 D:\\كورس لارافيل\\contacts\\vendor\\laravel\\framework\\src\\Illuminate\\Pipeline\\Pipeline.php(180): Illuminate\\Session\\Middleware\\StartSession->handle(Object(Illuminate\\Http\\Request), Object(Closure))
#20 D:\\كورس لارافيل\\contacts\\vendor\\laravel\\framework\\src\\Illuminate\\Cookie\\Middleware\\AddQueuedCookiesToResponse.php(37): Illuminate\\Pipeline\\Pipeline->Illuminate\\Pipeline\\{closure}(Object(Illuminate\\Http\\Request))
#21 D:\\كورس لارافيل\\contacts\\vendor\\laravel\\framework\\src\\Illuminate\\Pipeline\\Pipeline.php(180): Illuminate\\Cookie\\Middleware\\AddQueuedCookiesToResponse->handle(Object(Illuminate\\Http\\Request), Object(Closure))
#22 D:\\كورس لارافيل\\contacts\\vendor\\laravel\\framework\\src\\Illuminate\\Cookie\\Middleware\\EncryptCookies.php(67): Illuminate\\Pipeline\\Pipeline->Illuminate\\Pipeline\\{closure}(Object(Illuminate\\Http\\Request))
#23 D:\\كورس لارافيل\\contacts\\vendor\\laravel\\framework\\src\\Illuminate\\Pipeline\\Pipeline.php(180): Illuminate\\Cookie\\Middleware\\EncryptCookies->handle(Object(Illuminate\\Http\\Request), Object(Closure))
#24 D:\\كورس لارافيل\\contacts\\vendor\\laravel\\framework\\src\\Illuminate\\Pipeline\\Pipeline.php(116): Illuminate\\Pipeline\\Pipeline->Illuminate\\Pipeline\\{closure}(Object(Illuminate\\Http\\Request))
#25 D:\\كورس لارافيل\\contacts\\vendor\\laravel\\framework\\src\\Illuminate\\Routing\\Router.php(799): Illuminate\\Pipeline\\Pipeline->then(Object(Closure))
#26 D:\\كورس لارافيل\\contacts\\vendor\\laravel\\framework\\src\\Illuminate\\Routing\\Router.php(776): Illuminate\\Routing\\Router->runRouteWithinStack(Object(Illuminate\\Routing\\Route), Object(Illuminate\\Http\\Request))
#27 D:\\كورس لارافيل\\contacts\\vendor\\laravel\\framework\\src\\Illuminate\\Routing\\Router.php(740): Illuminate\\Routing\\Router->runRoute(Object(Illuminate\\Http\\Request), Object(Illuminate\\Routing\\Route))
#28 D:\\كورس لارافيل\\contacts\\vendor\\laravel\\framework\\src\\Illuminate\\Routing\\Router.php(729): Illuminate\\Routing\\Router->dispatchToRoute(Object(Illuminate\\Http\\Request))
#29 D:\\كورس لارافيل\\contacts\\vendor\\laravel\\framework\\src\\Illuminate\\Foundation\\Http\\Kernel.php(190): Illuminate\\Routing\\Router->dispatch(Object(Illuminate\\Http\\Request))
#30 D:\\كورس لارافيل\\contacts\\vendor\\laravel\\framework\\src\\Illuminate\\Pipeline\\Pipeline.php(141): Illuminate\\Foundation\\Http\\Kernel->Illuminate\\Foundation\\Http\\{closure}(Object(Illuminate\\Http\\Request))
#31 D:\\كورس لارافيل\\contacts\\vendor\\laravel\\framework\\src\\Illuminate\\Foundation\\Http\\Middleware\\TransformsRequest.php(21): Illuminate\\Pipeline\\Pipeline->Illuminate\\Pipeline\\{closure}(Object(Illuminate\\Http\\Request))
#32 D:\\كورس لارافيل\\contacts\\vendor\\laravel\\framework\\src\\Illuminate\\Foundation\\Http\\Middleware\\ConvertEmptyStringsToNull.php(31): Illuminate\\Foundation\\Http\\Middleware\\TransformsRequest->handle(Object(Illuminate\\Http\\Request), Object(Closure))
#33 D:\\كورس لارافيل\\contacts\\vendor\\laravel\\framework\\src\\Illuminate\\Pipeline\\Pipeline.php(180): Illuminate\\Foundation\\Http\\Middleware\\ConvertEmptyStringsToNull->handle(Object(Illuminate\\Http\\Request), Object(Closure))
#34 D:\\كورس لارافيل\\contacts\\vendor\\laravel\\framework\\src\\Illuminate\\Foundation\\Http\\Middleware\\TransformsRequest.php(21): Illuminate\\Pipeline\\Pipeline->Illuminate\\Pipeline\\{closure}(Object(Illuminate\\Http\\Request))
#35 D:\\كورس لارافيل\\contacts\\vendor\\laravel\\framework\\src\\Illuminate\\Foundation\\Http\\Middleware\\TrimStrings.php(40): Illuminate\\Foundation\\Http\\Middleware\\TransformsRequest->handle(Object(Illuminate\\Http\\Request), Object(Closure))
#36 D:\\كورس لارافيل\\contacts\\vendor\\laravel\\framework\\src\\Illuminate\\Pipeline\\Pipeline.php(180): Illuminate\\Foundation\\Http\\Middleware\\TrimStrings->handle(Object(Illuminate\\Http\\Request), Object(Closure))
#37 D:\\كورس لارافيل\\contacts\\vendor\\laravel\\framework\\src\\Illuminate\\Foundation\\Http\\Middleware\\ValidatePostSize.php(27): Illuminate\\Pipeline\\Pipeline->Illuminate\\Pipeline\\{closure}(Object(Illuminate\\Http\\Request))
#38 D:\\كورس لارافيل\\contacts\\vendor\\laravel\\framework\\src\\Illuminate\\Pipeline\\Pipeline.php(180): Illuminate\\Foundation\\Http\\Middleware\\ValidatePostSize->handle(Object(Illuminate\\Http\\Request), Object(Closure))
#39 D:\\كورس لارافيل\\contacts\\vendor\\laravel\\framework\\src\\Illuminate\\Foundation\\Http\\Middleware\\PreventRequestsDuringMaintenance.php(86): Illuminate\\Pipeline\\Pipeline->Illuminate\\Pipeline\\{closure}(Object(Illuminate\\Http\\Request))
#40 D:\\كورس لارافيل\\contacts\\vendor\\laravel\\framework\\src\\Illuminate\\Pipeline\\Pipeline.php(180): Illuminate\\Foundation\\Http\\Middleware\\PreventRequestsDuringMaintenance->handle(Object(Illuminate\\Http\\Request), Object(Closure))
#41 D:\\كورس لارافيل\\contacts\\vendor\\fruitcake\\laravel-cors\\src\\HandleCors.php(38): Illuminate\\Pipeline\\Pipeline->Illuminate\\Pipeline\\{closure}(Object(Illuminate\\Http\\Request))
#42 D:\\كورس لارافيل\\contacts\\vendor\\laravel\\framework\\src\\Illuminate\\Pipeline\\Pipeline.php(180): Fruitcake\\Cors\\HandleCors->handle(Object(Illuminate\\Http\\Request), Object(Closure))
#43 D:\\كورس لارافيل\\contacts\\vendor\\laravel\\framework\\src\\Illuminate\\Http\\Middleware\\TrustProxies.php(39): Illuminate\\Pipeline\\Pipeline->Illuminate\\Pipeline\\{closure}(Object(Illuminate\\Http\\Request))
#44 D:\\كورس لارافيل\\contacts\\vendor\\laravel\\framework\\src\\Illuminate\\Pipeline\\Pipeline.php(180): Illuminate\\Http\\Middleware\\TrustProxies->handle(Object(Illuminate\\Http\\Request), Object(Closure))
#45 D:\\كورس لارافيل\\contacts\\vendor\\laravel\\framework\\src\\Illuminate\\Pipeline\\Pipeline.php(116): Illuminate\\Pipeline\\Pipeline->Illuminate\\Pipeline\\{closure}(Object(Illuminate\\Http\\Request))
#46 D:\\كورس لارافيل\\contacts\\vendor\\laravel\\framework\\src\\Illuminate\\Foundation\\Http\\Kernel.php(165): Illuminate\\Pipeline\\Pipeline->then(Object(Closure))
#47 D:\\كورس لارافيل\\contacts\\vendor\\laravel\\framework\\src\\Illuminate\\Foundation\\Http\\Kernel.php(134): Illuminate\\Foundation\\Http\\Kernel->sendRequestThroughRouter(Object(Illuminate\\Http\\Request))
#48 D:\\كورس لارافيل\\contacts\\public\\index.php(52): Illuminate\\Foundation\\Http\\Kernel->handle(Object(Illuminate\\Http\\Request))
#49 D:\\كورس لارافيل\\contacts\\vendor\\laravel\\framework\\src\\Illuminate\\Foundation\\resources\\server.php(16): require_once('D:\\\\\\xD9\\x83\\xD9\\x88\\xD8\\xB1\\xD8\\xB3 \\xD9\\x84\\xD8...')
#50 {main}

[previous exception] [object] (PDOException(code: 23000): SQLSTATE[23000]: Integrity constraint violation: 1048 Column 'name' cannot be null at D:\\كورس لارافيل\\contacts\\vendor\\laravel\\framework\\src\\Illuminate\\Database\\Connection.php:570)
[stacktrace]
#0 D:\\كورس لارافيل\\contacts\\vendor\\laravel\\framework\\src\\Illuminate\\Database\\Connection.php(570): PDOStatement->execute()
#1 D:\\كورس لارافيل\\contacts\\vendor\\laravel\\framework\\src\\Illuminate\\Database\\Connection.php(753): Illuminate\\Database\\Connection->Illuminate\\Database\\{closure}('update `contact...', Array)
#2 D:\\كورس لارافيل\\contacts\\vendor\\laravel\\framework\\src\\Illuminate\\Database\\Connection.php(720): Illuminate\\Database\\Connection->runQueryCallback('update `contact...', Array, Object(Closure))
#3 D:\\كورس لارافيل\\contacts\\vendor\\laravel\\framework\\src\\Illuminate\\Database\\Connection.php(577): Illuminate\\Database\\Connection->run('update `contact...', Array, Object(Closure))
#4 D:\\كورس لارافيل\\contacts\\vendor\\laravel\\framework\\src\\Illuminate\\Database\\Connection.php(510): Illuminate\\Database\\Connection->affectingStatement('update `contact...', Array)
#5 D:\\كورس لارافيل\\contacts\\vendor\\laravel\\framework\\src\\Illuminate\\Database\\Query\\Builder.php(3357): Illuminate\\Database\\Connection->update('update `contact...', Array)
#6 D:\\كورس لارافيل\\contacts\\app\\Http\\Controllers\\ContactController.php(38): Illuminate\\Database\\Query\\Builder->update(Array)
#7 D:\\كورس لارافيل\\contacts\\vendor\\laravel\\framework\\src\\Illuminate\\Routing\\Controller.php(54): App\\Http\\Controllers\\ContactController->update(Object(Illuminate\\Http\\Request), '1')
#8 D:\\كورس لارافيل\\contacts\\vendor\\laravel\\framework\\src\\Illuminate\\Routing\\ControllerDispatcher.php(43): Illuminate\\Routing\\Controller->callAction('update', Array)
#9 D:\\كورس لارافيل\\contacts\\vendor\\laravel\\framework\\src\\Illuminate\\Routing\\Route.php(260): Illuminate\\Routing\\ControllerDispatcher->dispatch(Object(Illuminate\\Routing\\Route), Object(App\\Http\\Controllers\\ContactController), 'update')
#10 D:\\كورس لارافيل\\contacts\\vendor\\laravel\\framework\\src\\Illuminate\\Routing\\Route.php(205): Illuminate\\Routing\\Route->runController()
#11 D:\\كورس لارافيل\\contacts\\vendor\\laravel\\framework\\src\\Illuminate\\Routing\\Router.php(798): Illuminate\\Routing\\Route->run()
#12 D:\\كورس لارافيل\\contacts\\vendor\\laravel\\framework\\src\\Illuminate\\Pipeline\\Pipeline.php(141): Illuminate\\Routing\\Router->Illuminate\\Routing\\{closure}(Object(Illuminate\\Http\\Request))
#13 D:\\كورس لارافيل\\contacts\\vendor\\laravel\\framework\\src\\Illuminate\\Routing\\Middleware\\SubstituteBindings.php(50): Illuminate\\Pipeline\\Pipeline->Illuminate\\Pipeline\\{closure}(Object(Illuminate\\Http\\Request))
#14 D:\\كورس لارافيل\\contacts\\vendor\\laravel\\framework\\src\\Illuminate\\Pipeline\\Pipeline.php(180): Illuminate\\Routing\\Middleware\\SubstituteBindings->handle(Object(Illuminate\\Http\\Request), Object(Closure))
#15 D:\\كورس لارافيل\\contacts\\vendor\\laravel\\framework\\src\\Illuminate\\Foundation\\Http\\Middleware\\VerifyCsrfToken.php(78): Illuminate\\Pipeline\\Pipeline->Illuminate\\Pipeline\\{closure}(Object(Illuminate\\Http\\Request))
#16 D:\\كورس لارافيل\\contacts\\vendor\\laravel\\framework\\src\\Illuminate\\Pipeline\\Pipeline.php(180): Illuminate\\Foundation\\Http\\Middleware\\VerifyCsrfToken->handle(Object(Illuminate\\Http\\Request), Object(Closure))
#17 D:\\كورس لارافيل\\contacts\\vendor\\laravel\\framework\\src\\Illuminate\\View\\Middleware\\ShareErrorsFromSession.php(49): Illuminate\\Pipeline\\Pipeline->Illuminate\\Pipeline\\{closure}(Object(Illuminate\\Http\\Request))
#18 D:\\كورس لارافيل\\contacts\\vendor\\laravel\\framework\\src\\Illuminate\\Pipeline\\Pipeline.php(180): Illuminate\\View\\Middleware\\ShareErrorsFromSession->handle(Object(Illuminate\\Http\\Request), Object(Closure))
#19 D:\\كورس لارافيل\\contacts\\vendor\\laravel\\framework\\src\\Illuminate\\Session\\Middleware\\StartSession.php(121): Illuminate\\Pipeline\\Pipeline->Illuminate\\Pipeline\\{closure}(Object(Illuminate\\Http\\Request))
#20 D:\\كورس لارافيل\\contacts\\vendor\\laravel\\framework\\src\\Illuminate\\Session\\Middleware\\StartSession.php(64): Illuminate\\Session\\Middleware\\StartSession->handleStatefulRequest(Object(Illuminate\\Http\\Request), Object(Illuminate\\Session\\Store), Object(Closure))
#21 D:\\كورس لارافيل\\contacts\\vendor\\laravel\\framework\\src\\Illuminate\\Pipeline\\Pipeline.php(180): Illuminate\\Session\\Middleware\\StartSession->handle(Object(Illuminate\\Http\\Request), Object(Closure))
#22 D:\\كورس لارافيل\\contacts\\vendor\\laravel\\framework\\src\\Illuminate\\Cookie\\Middleware\\AddQueuedCookiesToResponse.php(37): Illuminate\\Pipeline\\Pipeline->Illuminate\\Pipeline\\{closure}(Object(Illuminate\\Http\\Request))
#23 D:\\كورس لارافيل\\contacts\\vendor\\laravel\\framework\\src\\Illuminate\\Pipeline\\Pipeline.php(180): Illuminate\\Cookie\\Middleware\\AddQueuedCookiesToResponse->handle(Object(Illuminate\\Http\\Request), Object(Closure))
#24 D:\\كورس لارافيل\\contacts\\vendor\\laravel\\framework\\src\\Illuminate\\Cookie\\Middleware\\EncryptCookies.php(67): Illuminate\\Pipeline\\Pipeline->Illuminate\\Pipeline\\{closure}(Object(Illuminate\\Http\\Request))
#25 D:\\كورس لارافيل\\contacts\\vendor\\laravel\\framework\\src\\Illuminate\\Pipeline\\Pipeline.php(180): Illuminate\\Cookie\\Middleware\\EncryptCookies->handle(Object(Illuminate\\Http\\Request), Object(Closure))
#26 D:\\كورس لارافيل\\contacts\\vendor\\laravel\\framework\\src\\Illuminate\\Pipeline\\Pipeline.php(116): Illuminate\\Pipeline\\Pipeline->Illuminate\\Pipeline\\{closure}(Object(Illuminate\\Http\\Request))
#27 D:\\كورس لارافيل\\contacts\\vendor\\laravel\\framework\\src\\Illuminate\\Routing\\Router.php(799): Illuminate\\Pipeline\\Pipeline->then(Object(Closure))
#28 D:\\كورس لارافيل\\contacts\\vendor\\laravel\\framework\\src\\Illuminate\\Routing\\Router.php(776): Illuminate\\Routing\\Router->runRouteWithinStack(Object(Illuminate\\Routing\\Route), Object(Illuminate\\Http\\Request))
#29 D:\\كورس لارافيل\\contacts\\vendor\\laravel\\framework\\src\\Illuminate\\Routing\\Router.php(740): Illuminate\\Routing\\Router->runRoute(Object(Illuminate\\Http\\Request), Object(Illuminate\\Routing\\Route))
#30 D:\\كورس لارافيل\\contacts\\vendor\\laravel\\framework\\src\\Illuminate\\Routing\\Router.php(729): Illuminate\\Routing\\Router->dispatchToRoute(Object(Illuminate\\Http\\Request))
#31 D:\\كورس لارافيل\\contacts\\vendor\\laravel\\framework\\src\\Illuminate\\Foundation\\Http\\Kernel.php(190): Illuminate\\Routing\\Router->dispatch(Object(Illuminate\\Http\\Request))
#32 D:\\كورس لارافيل\\contacts\\vendor\\laravel\\framework\\src\\Illuminate\\Pipeline\\Pipeline.php(141): Illuminate\\Foundation\\Http\\Kernel->Illuminate\\Foundation\\Http\\{closure}(Object(Illuminate\\Http\\Request))
#33 D:\\كورس لارافيل\\contacts\\vendor\\laravel\\framework\\src\\Illuminate\\Foundation\\Http\\Middleware\\TransformsRequest.php(21): Illuminate\\Pipeline\\Pipeline->Illuminate\\Pipeline\\{closure}(Object(Illuminate\\Http\\Request))
#34 D:\\كورس لارافيل\\contacts\\vendor\\laravel\\framework\\src\\Illuminate\\Foundation\\Http\\Middleware\\ConvertEmptyStringsToNull.php(31): Illuminate\\Foundation\\Http\\Middleware\\TransformsRequest->handle(Object(Illuminate\\Http\\Request), Object(Closure))
#35 D:\\كورس لارافيل\\contacts\\vendor\\laravel\\framework\\src\\Illuminate\\Pipeline\\Pipeline.php(180): Illuminate\\Foundation\\Http\\Middleware\\ConvertEmptyStringsToNull->handle(Object(Illuminate\\Http\\Request), Object(Closure))
#36 D:\\كورس لارافيل\\contacts\\vendor\\laravel\\framework\\src\\Illuminate\\Foundation\\Http\\Middleware\\TransformsRequest.php(21): Illuminate\\Pipeline\\Pipeline->Illuminate\\Pipeline\\{closure}(Object(Illuminate\\Http\\Request))
#37 D:\\كورس لارافيل\\contacts\\vendor\\laravel\\framework\\src\\Illuminate\\Foundation\\Http\\Middleware\\TrimStrings.php(40): Illuminate\\Foundation\\Http\\Middleware\\TransformsRequest->handle(Object(Illuminate\\Http\\Request), Object(Closure))
#38 D:\\كورس لارافيل\\contacts\\vendor\\laravel\\framework\\src\\Illuminate\\Pipeline\\Pipeline.php(180): Illuminate\\Foundation\\Http\\Middleware\\TrimStrings->handle(Object(Illuminate\\Http\\Request), Object(Closure))
#39 D:\\كورس لارافيل\\contacts\\vendor\\laravel\\framework\\src\\Illuminate\\Foundation\\Http\\Middleware\\ValidatePostSize.php(27): Illuminate\\Pipeline\\Pipeline->Illuminate\\Pipeline\\{closure}(Object(Illuminate\\Http\\Request))
#40 D:\\كورس لارافيل\\contacts\\vendor\\laravel\\framework\\src\\Illuminate\\Pipeline\\Pipeline.php(180): Illuminate\\Foundation\\Http\\Middleware\\ValidatePostSize->handle(Object(Illuminate\\Http\\Request), Object(Closure))
#41 D:\\كورس لارافيل\\contacts\\vendor\\laravel\\framework\\src\\Illuminate\\Foundation\\Http\\Middleware\\PreventRequestsDuringMaintenance.php(86): Illuminate\\Pipeline\\Pipeline->Illuminate\\Pipeline\\{closure}(Object(Illuminate\\Http\\Request))
#42 D:\\كورس لارافيل\\contacts\\vendor\\laravel\\framework\\src\\Illuminate\\Pipeline\\Pipeline.php(180): Illuminate\\Foundation\\Http\\Middleware\\PreventRequestsDuringMaintenance->handle(Object(Illuminate\\Http\\Request), Object(Closure))
#43 D:\\كورس لارافيل\\contacts\\vendor\\fruitcake\\laravel-cors\\src\\HandleCors.php(38): Illuminate\\Pipeline\\Pipeline->Illuminate\\Pipeline\\{closure}(Object(Illuminate\\Http\\Request))
#44 D:\\كورس لارافيل\\contacts\\vendor\\laravel\\framework\\src\\Illuminate\\Pipeline\\Pipeline.php(180): Fruitcake\\Cors\\HandleCors->handle(Object(Illuminate\\Http\\Request), Object(Closure))
#45 D:\\كورس لارافيل\\contacts\\vendor\\laravel\\framework\\src\\Illuminate\\Http\\Middleware\\TrustProxies.php(39): Illuminate\\Pipeline\\Pipeline->Illuminate\\Pipeline\\{closure}(Object(Illuminate\\Http\\Request))
#46 D:\\كورس لارافيل\\contacts\\vendor\\laravel\\framework\\src\\Illuminate\\Pipeline\\Pipeline.php(180): Illuminate\\Http\\Middleware\\TrustProxies->handle(Object(Illuminate\\Http\\Request), Object(Closure))
#47 D:\\كورس لارافيل\\contacts\\vendor\\laravel\\framework\\src\\Illuminate\\Pipeline\\Pipeline.php(116): Illuminate\\Pipeline\\Pipeline->Illuminate\\Pipeline\\{closure}(Object(Illuminate\\Http\\Request))
#48 D:\\كورس لارافيل\\contacts\\vendor\\laravel\\framework\\src\\Illuminate\\Foundation\\Http\\Kernel.php(165): Illuminate\\Pipeline\\Pipeline->then(Object(Closure))
#49 D:\\كورس لارافيل\\contacts\\vendor\\laravel\\framework\\src\\Illuminate\\Foundation\\Http\\Kernel.php(134): Illuminate\\Foundation\\Http\\Kernel->sendRequestThroughRouter(Object(Illuminate\\Http\\Request))
#50 D:\\كورس لارافيل\\contacts\\public\\index.php(52): Illuminate\\Foundation\\Http\\Kernel->handle(Object(Illuminate\\Http\\Request))
#51 D:\\كورس لارافيل\\contacts\\vendor\\laravel\\framework\\src\\Illuminate\\Foundation\\resources\\server.php(16): require_once('D:\\\\\\xD9\\x83\\xD9\\x88\\xD8\\xB1\\xD8\\xB3 \\xD9\\x84\\xD8...')
#52 {main}
"} 
[2026-09-15 19:53:19] local.ERROR: SQLSTATE[23000]: Integrity constraint violation: 1048 Column 'name' cannot be null (SQL: update `contacts` set `name` = ?, `email` = ?, `phone` = ?, `category` = ? where `id` = 1) {"exception":"[object] (Illuminate\\Database\\QueryException(code: 23000): SQLSTATE[23000]: Integrity constraint violation: 1048 Column 'name' cannot be null (SQL: update `contacts` set `name` = ?, `email` = ?, `phone` = ?, `category` = ? where `id` = 1) at D:\\كورس لارافيل\\contacts\\vendor\\laravel\\framework\\src\\Illuminate\\Database\\Connection.php:760)
[stacktrace]
#0 D:\\كورس لارافيل\\contacts\\vendor\\laravel\\framework\\src\\Illuminate\\Database\\Connection.php(720): Illuminate\\Database\\Connection->runQueryCallback('update `contact...', Array, Object(Closure))
#1 D:\\كورس لارافيل\\contacts\\vendor\\laravel\\framework\\src\\Illuminate\\Database\\Connection.php(577): Illuminate\\Database\\Connection->run('update `contact...', Array, Object(Closure))
#2 D:\\كورس لارافيل\\contacts\\vendor\\laravel\\framework\\src\\Illuminate\\Database\\Connection.php(510): Illuminate\\Database\\Connection->affectingStatement('update `contact...', Array)
#3 D:\\كورس لارافيل\\contacts\\vendor\\laravel\\framework\\src\\Illuminate\\Database\\Query\\Builder.php(3357): Illuminate\\Database\\Connection->update('update `contact...', Array)
#4 D:\\كورس لارافيل\\contacts\\app\\Http\\Controllers\\ContactController.php(38): Illuminate\\Database\\Query\\Builder->update(Array)
#5 D:\\كورس لارافيل\\contacts\\vendor\\laravel\\framework\\src\\Illuminate\\Routing\\Controller.php(54): App\\Http\\Controllers\\ContactController->update(Object(Illuminate\\Http\\Request), '1')
#6 D:\\كورس لارافيل\\contacts\\vendor\\laravel\\framework\\src\\Illuminate\\Routing\\ControllerDispatcher.php(43): Illuminate\\Routing\\Controller->callAction('update', Array)
#7 D:\\كورس لارافيل\\contacts\\vendor\\laravel\\framework\\src\\Illuminate\\Routing\\Route.php(260): Illuminate\\Routing\\ControllerDispatcher->dispatch(Object(Illuminate\\Routing\\Route), Object(App\\Http\\Controllers\\ContactController), 'update')
#8 D:\\كورس لارافيل\\contacts\\vendor\\laravel\\framework\\src\\Illuminate\\Routing\\Route.php(205): Illuminate\\Routing\\Route->runController()
#9 D:\\كورس لارافيل\\contacts\\vendor\\laravel\\framework\\src\\Illuminate\\Routing\\Router.php(798): Illuminate\\Routing\\Route->run()
#10 D:\\كورس لارافيل\\contacts\\vendor\\laravel\\framework\\src\\Illuminate\\Pipeline\\Pipeline.php(141): Illuminate\\Routing\\Router->Illuminate\\Routing\\{closure}(Object(Illuminate\\Http\\Request))
#11 D:\\كورس لارافيل\\contacts\\vendor\\laravel\\framework\\src\\Illuminate\\Routing\\Middleware\\SubstituteBindings.php(50): Illuminate\\Pipeline\\Pipeline->Illuminate\\Pipeline\\{closure}(Object(Illuminate\\Http\\Request))
#12 D:\\كورس لارافيل\\contacts\\vendor\\laravel\\framework\\src\\Illuminate\\Pipeline\\Pipeline.php(180): Illuminate\\Routing\\Middleware\\SubstituteBindings->handle(Object(Illuminate\\Http\\Request), Object(Closure))
#13 D:\\كورس لارافيل\\contacts\\vendor\\laravel\\framework\\src\\Illuminate\\Foundation\\Http\\Middleware\\VerifyCsrfToken.php(78): Illuminate\\Pipeline\\Pipeline->Illuminate\\Pipeline\\{closure}(Object(Illuminate\\Http\\Request))
#14 D:\\كورس لارافيل\\contacts\\vendor\\laravel\\framework\\src\\Illuminate\\Pipeline\\Pipeline.php(180): Illuminate\\Foundation\\Http\\Middleware\\VerifyCsrfToken->handle(Object(Illuminate\\Http\\Request), Object(Closure))
#15 D:\\كورس لارافيل\\contacts\\vendor\\laravel\\framework\\src\\Illuminate\\View\\Middleware\\ShareErrorsFromSession.php(49): Illuminate\\Pipeline\\Pipeline->Illuminate\\Pipeline\\{closure}(Object(Illuminate\\Http\\Request))
#16 D:\\كورس لارافيل\\contacts\\vendor\\laravel\\framework\\src\\Illuminate\\Pipeline\\Pipeline.php(180): Illuminate\\View\\Middleware\\ShareErrorsFromSession->handle(Object(Illuminate\\Http\\Request), Object(Closure))
#17 D:\\كورس لارافيل\\contacts\\vendor\\laravel\\framework\\src\\Illuminate\\Session\\Middleware\\StartSession.php(121): Illuminate\\Pipeline\\Pipeline->Illuminate\\Pipeline\\{closure}(Object(Illuminate\\Http\\Request))
#18 D:\\كورس لارافيل\\contacts\\vendor\\laravel\\framework\\src\\Illuminate\\Session\\Middleware\\StartSession.php(64): Illuminate\\Session\\Middleware\\StartSession->handleStatefulRequest(Object(Illuminate\\Http\\Request), Object(Illuminate\\Session\\Store), Object(Closure))
#19 D:\\كورس لارافيل\\contacts\\vendor\\laravel\\framework\\src\\Illuminate\\Pipeline\\Pipeline.php(180): Illuminate\\Session\\Middleware\\StartSession->handle(Object(Illuminate\\Http\\Request), Object(Closure))
#20 D:\\كورس لارافيل\\contacts\\vendor\\laravel\\framework\\src\\Illuminate\\Cookie\\Middleware\\AddQueuedCookiesToResponse.php(37): Illuminate\\Pipeline\\Pipeline->Illuminate\\Pipeline\\{closure}(Object(Illuminate\\Http\\Request))
#21 D:\\كورس لارافيل\\contacts\\vendor\\laravel\\framework\\src\\Illuminate\\Pipeline\\Pipeline.php(180): Illuminate\\Cookie\\Middleware\\AddQueuedCookiesToResponse->handle(Object(Illuminate\\Http\\Request), Object(Closure))
#22 D:\\كورس لارافيل\\contacts\\vendor\\laravel\\framework\\src\\Illuminate\\Cookie\\Middleware\\EncryptCookies.php(67): Illuminate\\Pipeline\\Pipeline->Illuminate\\Pipeline\\{closure}(Object(Illuminate\\Http\\Request))
#23 D:\\كورس لارافيل\\contacts\\vendor\\laravel\\framework\\src\\Illuminate\\Pipeline\\Pipeline.php(180): Illuminate\\Cookie\\Middleware\\EncryptCookies->handle(Object(Illuminate\\Http\\Request), Object(Closure))
#24 D:\\كورس لارافيل\\contacts\\vendor\\laravel\\framework\\src\\Illuminate\\Pipeline\\Pipeline.php(116): Illuminate\\Pipeline\\Pipeline->Illuminate\\Pipeline\\{closure}(Object(Illuminate\\Http\\Request))
#25 D:\\كورس لارافيل\\contacts\\vendor\\laravel\\framework\\src\\Illuminate\\Routing\\Router.php(799): Illuminate\\Pipeline\\Pipeline->then(Object(Closure))
#26 D:\\كورس لارافيل\\contacts\\vendor\\laravel\\framework\\src\\Illuminate\\Routing\\Router.php(776): Illuminate\\Routing\\Router->runRouteWithinStack(Object(Illuminate\\Routing\\Route), Object(Illuminate\\Http\\Request))
#27 D:\\كورس لارافيل\\contacts\\vendor\\laravel\\framework\\src\\Illuminate\\Routing\\Router.php(740): Illuminate\\Routing\\Router->runRoute(Object(Illuminate\\Http\\Request), Object(Illuminate\\Routing\\Route))
#28 D:\\كورس لارافيل\\contacts\\vendor\\laravel\\framework\\src\\Illuminate\\Routing\\Router.php(729): Illuminate\\Routing\\Router->dispatchToRoute(Object(Illuminate\\Http\\Request))
#29 D:\\كورس لارافيل\\contacts\\vendor\\laravel\\framework\\src\\Illuminate\\Foundation\\Http\\Kernel.php(190): Illuminate\\Routing\\Router->dispatch(Object(Illuminate\\Http\\Request))
#30 D:\\كورس لارافيل\\contacts\\vendor\\laravel\\framework\\src\\Illuminate\\Pipeline\\Pipeline.php(141): Illuminate\\Foundation\\Http\\Kernel->Illuminate\\Foundation\\Http\\{closure}(Object(Illuminate\\Http\\Request))
#31 D:\\كورس لارافيل\\contacts\\vendor\\laravel\\framework\\src\\Illuminate\\Foundation\\Http\\Middleware\\TransformsRequest.php(21): Illuminate\\Pipeline\\Pipeline->Illuminate\\Pipeline\\{closure}(Object(Illuminate\\Http\\Request))
#32 D:\\كورس لارافيل\\contacts\\vendor\\laravel\\framework\\src\\Illuminate\\Foundation\\Http\\Middleware\\ConvertEmptyStringsToNull.php(31): Illuminate\\Foundation\\Http\\Middleware\\TransformsRequest->handle(Object(Illuminate\\Http\\Request), Object(Closure))
#33 D:\\كورس لارافيل\\contacts\\vendor\\laravel\\framework\\src\\Illuminate\\Pipeline\\Pipeline.php(180): Illuminate\\Foundation\\Http\\Middleware\\ConvertEmptyStringsToNull->handle(Object(Illuminate\\Http\\Request), Object(Closure))
#34 D:\\كورس لارافيل\\contacts\\vendor\\laravel\\framework\\src\\Illuminate\\Foundation\\Http\\Middleware\\TransformsRequest.php(21): Illuminate\\Pipeline\\Pipeline->Illuminate\\Pipeline\\{closure}(Object(Illuminate\\Http\\Request))
#35 D:\\كورس لارافيل\\contacts\\vendor\\laravel\\framework\\src\\Illuminate\\Foundation\\Http\\Middleware\\TrimStrings.php(40): Illuminate\\Foundation\\Http\\Middleware\\TransformsRequest->handle(Object(Illuminate\\Http\\Request), Object(Closure))
#36 D:\\كورس لارافيل\\contacts\\vendor\\laravel\\framework\\src\\Illuminate\\Pipeline\\Pipeline.php(180): Illuminate\\Foundation\\Http\\Middleware\\TrimStrings->handle(Object(Illuminate\\Http\\Request), Object(Closure))
#37 D:\\كورس لارافيل\\contacts\\vendor\\laravel\\framework\\src\\Illuminate\\Foundation\\Http\\Middleware\\ValidatePostSize.php(27): Illuminate\\Pipeline\\Pipeline->Illuminate\\Pipeline\\{closure}(Object(Illuminate\\Http\\Request))
#38 D:\\كورس لارافيل\\contacts\\vendor\\laravel\\framework\\src\\Illuminate\\Pipeline\\Pipeline.php(180): Illuminate\\Foundation\\Http\\Middleware\\ValidatePostSize->handle(Object(Illuminate\\Http\\Request), Object(Closure))
#39 D:\\كورس لارافيل\\contacts\\vendor\\laravel\\framework\\src\\Illuminate\\Foundation\\Http\\Middleware\\PreventRequestsDuringMaintenance.php(86): Illuminate\\Pipeline\\Pipeline->Illuminate\\Pipeline\\{closure}(Object(Illuminate\\Http\\Request))
#40 D:\\كورس لارافيل\\contacts\\vendor\\laravel\\framework\\src\\Illuminate\\Pipeline\\Pipeline.php(180): Illuminate\\Foundation\\Http\\Middleware\\PreventRequestsDuringMaintenance->handle(Object(Illuminate\\Http\\Request), Object(Closure))
#41 D:\\كورس لارافيل\\contacts\\vendor\\fruitcake\\laravel-cors\\src\\HandleCors.php(38): Illuminate\\Pipeline\\Pipeline->Illuminate\\Pipeline\\{closure}(Object(Illuminate\\Http\\Request))
#42 D:\\كورس لارافيل\\contacts\\vendor\\laravel\\framework\\src\\Illuminate\\Pipeline\\Pipeline.php(180): Fruitcake\\Cors\\HandleCors->handle(Object(Illuminate\\Http\\Request), Object(Closure))
#43 D:\\كورس لارافيل\\contacts\\vendor\\laravel\\framework\\src\\Illuminate\\Http\\Middleware\\TrustProxies.php(39): Illuminate\\Pipeline\\Pipeline->Illuminate\\Pipeline\\{closure}(Object(Illuminate\\Http\\Request))
#44 D:\\كورس لارافيل\\contacts\\vendor\\laravel\\framework\\src\\Illuminate\\Pipeline\\Pipeline.php(180): Illuminate\\Http\\Middleware\\TrustProxies->handle(Object(Illuminate\\Http\\Request), Object(Closure))
#45 D:\\كورس لارافيل\\contacts\\vendor\\laravel\\framework\\src\\Illuminate\\Pipeline\\Pipeline.php(116): Illuminate\\Pipeline\\Pipeline->Illuminate\\Pipeline\\{closure}(Object(Illuminate\\Http\\Request))
#46 D:\\كورس لارافيل\\contacts\\vendor\\laravel\\framework\\src\\Illuminate\\Foundation\\Http\\Kernel.php(165): Illuminate\\Pipeline\\Pipeline->then(Object(Closure))
#47 D:\\كورس لارافيل\\contacts\\vendor\\laravel\\framework\\src\\Illuminate\\Foundation\\Http\\Kernel.php(134): Illuminate\\Foundation\\Http\\Kernel->sendRequestThroughRouter(Object(Illuminate\\Http\\Request))
#48 D:\\كورس لارافيل\\contacts\\public\\index.php(52): Illuminate\\Foundation\\Http\\Kernel->handle(Object(Illuminate\\Http\\Request))
#49 D:\\كورس لارافيل\\contacts\\vendor\\laravel\\framework\\src\\Illuminate\\Foundation\\resources\\server.php(16): require_once('D:\\\\\\xD9\\x83\\xD9\\x88\\xD8\\xB1\\xD8\\xB3 \\xD9\\x84\\xD8...')
#50 {main}

[previous exception] [object] (PDOException(code: 23000): SQLSTATE[23000]: Integrity constraint violation: 1048 Column 'name' cannot be null at D:\\كورس لارافيل\\contacts\\vendor\\laravel\\framework\\src\\Illuminate\\Database\\Connection.php:570)
[stacktrace]
#0 D:\\كورس لارافيل\\contacts\\vendor\\laravel\\framework\\src\\Illuminate\\Database\\Connection.php(570): PDOStatement->execute()
#1 D:\\كورس لارافيل\\contacts\\vendor\\laravel\\framework\\src\\Illuminate\\Database\\Connection.php(753): Illuminate\\Database\\Connection->Illuminate\\Database\\{closure}('update `contact...', Array)
#2 D:\\كورس لارافيل\\contacts\\vendor\\laravel\\framework\\src\\Illuminate\\Database\\Connection.php(720): Illuminate\\Database\\Connection->runQueryCallback('update `contact...', Array, Object(Closure))
#3 D:\\كورس لارافيل\\contacts\\vendor\\laravel\\framework\\src\\Illuminate\\Database\\Connection.php(577): Illuminate\\Database\\Connection->run('update `contact...', Array, Object(Closure))
#4 D:\\كورس لارافيل\\contacts\\vendor\\laravel\\framework\\src\\Illuminate\\Database\\Connection.php(510): Illuminate\\Database\\Connection->affectingStatement('update `contact...', Array)
#5 D:\\كورس لارافيل\\contacts\\vendor\\laravel\\framework\\src\\Illuminate\\Database\\Query\\Builder.php(3357): Illuminate\\Database\\Connection->update('update `contact...', Array)
#6 D:\\كورس لارافيل\\contacts\\app\\Http\\Controllers\\ContactController.php(38): Illuminate\\Database\\Query\\Builder->update(Array)
#7 D:\\كورس لارافيل\\contacts\\vendor\\laravel\\framework\\src\\Illuminate\\Routing\\Controller.php(54): App\\Http\\Controllers\\ContactController->update(Object(Illuminate\\Http\\Request), '1')
#8 D:\\كورس لارافيل\\contacts\\vendor\\laravel\\framework\\src\\Illuminate\\Routing\\ControllerDispatcher.php(43): Illuminate\\Routing\\Controller->callAction('update', Array)
#9 D:\\كورس لارافيل\\contacts\\vendor\\laravel\\framework\\src\\Illuminate\\Routing\\Route.php(260): Illuminate\\Routing\\ControllerDispatcher->dispatch(Object(Illuminate\\Routing\\Route), Object(App\\Http\\Controllers\\ContactController), 'update')
#10 D:\\كورس لارافيل\\contacts\\vendor\\laravel\\framework\\src\\Illuminate\\Routing\\Route.php(205): Illuminate\\Routing\\Route->runController()
#11 D:\\كورس لارافيل\\contacts\\vendor\\laravel\\framework\\src\\Illuminate\\Routing\\Router.php(798): Illuminate\\Routing\\Route->run()
#12 D:\\كورس لارافيل\\contacts\\vendor\\laravel\\framework\\src\\Illuminate\\Pipeline\\Pipeline.php(141): Illuminate\\Routing\\Router->Illuminate\\Routing\\{closure}(Object(Illuminate\\Http\\Request))
#13 D:\\كورس لارافيل\\contacts\\vendor\\laravel\\framework\\src\\Illuminate\\Routing\\Middleware\\SubstituteBindings.php(50): Illuminate\\Pipeline\\Pipeline->Illuminate\\Pipeline\\{closure}(Object(Illuminate\\Http\\Request))
#14 D:\\كورس لارافيل\\contacts\\vendor\\laravel\\framework\\src\\Illuminate\\Pipeline\\Pipeline.php(180): Illuminate\\Routing\\Middleware\\SubstituteBindings->handle(Object(Illuminate\\Http\\Request), Object(Closure))
#15 D:\\كورس لارافيل\\contacts\\vendor\\laravel\\framework\\src\\Illuminate\\Foundation\\Http\\Middleware\\VerifyCsrfToken.php(78): Illuminate\\Pipeline\\Pipeline->Illuminate\\Pipeline\\{closure}(Object(Illuminate\\Http\\Request))
#16 D:\\كورس لارافيل\\contacts\\vendor\\laravel\\framework\\src\\Illuminate\\Pipeline\\Pipeline.php(180): Illuminate\\Foundation\\Http\\Middleware\\VerifyCsrfToken->handle(Object(Illuminate\\Http\\Request), Object(Closure))
#17 D:\\كورس لارافيل\\contacts\\vendor\\laravel\\framework\\src\\Illuminate\\View\\Middleware\\ShareErrorsFromSession.php(49): Illuminate\\Pipeline\\Pipeline->Illuminate\\Pipeline\\{closure}(Object(Illuminate\\Http\\Request))
#18 D:\\كورس لارافيل\\contacts\\vendor\\laravel\\framework\\src\\Illuminate\\Pipeline\\Pipeline.php(180): Illuminate\\View\\Middleware\\ShareErrorsFromSession->handle(Object(Illuminate\\Http\\Request), Object(Closure))
#19 D:\\كورس لارافيل\\contacts\\vendor\\laravel\\framework\\src\\Illuminate\\Session\\Middleware\\StartSession.php(121): Illuminate\\Pipeline\\Pipeline->Illuminate\\Pipeline\\{closure}(Object(Illuminate\\Http\\Request))
#20 D:\\كورس لارافيل\\contacts\\vendor\\laravel\\framework\\src\\Illuminate\\Session\\Middleware\\StartSession.php(64): Illuminate\\Session\\Middleware\\StartSession->handleStatefulRequest(Object(Illuminate\\Http\\Request), Object(Illuminate\\Session\\Store), Object(Closure))
#21 D:\\كورس لارافيل\\contacts\\vendor\\laravel\\framework\\src\\Illuminate\\Pipeline\\Pipeline.php(180): Illuminate\\Session\\Middleware\\StartSession->handle(Object(Illuminate\\Http\\Request), Object(Closure))
#22 D:\\كورس لارافيل\\contacts\\vendor\\laravel\\framework\\src\\Illuminate\\Cookie\\Middleware\\AddQueuedCookiesToResponse.php(37): Illuminate\\Pipeline\\Pipeline->Illuminate\\Pipeline\\{closure}(Object(Illuminate\\Http\\Request))
#23 D:\\كورس لارافيل\\contacts\\vendor\\laravel\\framework\\src\\Illuminate\\Pipeline\\Pipeline.php(180): Illuminate\\Cookie\\Middleware\\AddQueuedCookiesToResponse->handle(Object(Illuminate\\Http\\Request), Object(Closure))
#24 D:\\كورس لارافيل\\contacts\\vendor\\laravel\\framework\\src\\Illuminate\\Cookie\\Middleware\\EncryptCookies.php(67): Illuminate\\Pipeline\\Pipeline->Illuminate\\Pipeline\\{closure}(Object(Illuminate\\Http\\Request))
#25 D:\\كورس لارافيل\\contacts\\vendor\\laravel\\framework\\src\\Illuminate\\Pipeline\\Pipeline.php(180): Illuminate\\Cookie\\Middleware\\EncryptCookies->handle(Object(Illuminate\\Http\\Request), Object(Closure))
#26 D:\\كورس لارافيل\\contacts\\vendor\\laravel\\framework\\src\\Illuminate\\Pipeline\\Pipeline.php(116): Illuminate\\Pipeline\\Pipeline->Illuminate\\Pipeline\\{closure}(Object(Illuminate\\Http\\Request))
#27 D:\\كورس لارافيل\\contacts\\vendor\\laravel\\framework\\src\\Illuminate\\Routing\\Router.php(799): Illuminate\\Pipeline\\Pipeline->then(Object(Closure))
#28 D:\\كورس لارافيل\\contacts\\vendor\\laravel\\framework\\src\\Illuminate\\Routing\\Router.php(776): Illuminate\\Routing\\Router->runRouteWithinStack(Object(Illuminate\\Routing\\Route), Object(Illuminate\\Http\\Request))
#29 D:\\كورس لارافيل\\contacts\\vendor\\laravel\\framework\\src\\Illuminate\\Routing\\Router.php(740): Illuminate\\Routing\\Router->runRoute(Object(Illuminate\\Http\\Request), Object(Illuminate\\Routing\\Route))
#30 D:\\كورس لارافيل\\contacts\\vendor\\laravel\\framework\\src\\Illuminate\\Routing\\Router.php(729): Illuminate\\Routing\\Router->dispatchToRoute(Object(Illuminate\\Http\\Request))
#31 D:\\كورس لارافيل\\contacts\\vendor\\laravel\\framework\\src\\Illuminate\\Foundation\\Http\\Kernel.php(190): Illuminate\\Routing\\Router->dispatch(Object(Illuminate\\Http\\Request))
#32 D:\\كورس لارافيل\\contacts\\vendor\\laravel\\framework\\src\\Illuminate\\Pipeline\\Pipeline.php(141): Illuminate\\Foundation\\Http\\Kernel->Illuminate\\Foundation\\Http\\{closure}(Object(Illuminate\\Http\\Request))
#33 D:\\كورس لارافيل\\contacts\\vendor\\laravel\\framework\\src\\Illuminate\\Foundation\\Http\\Middleware\\TransformsRequest.php(21): Illuminate\\Pipeline\\Pipeline->Illuminate\\Pipeline\\{closure}(Object(Illuminate\\Http\\Request))
#34 D:\\كورس لارافيل\\contacts\\vendor\\laravel\\framework\\src\\Illuminate\\Foundation\\Http\\Middleware\\ConvertEmptyStringsToNull.php(31): Illuminate\\Foundation\\Http\\Middleware\\TransformsRequest->handle(Object(Illuminate\\Http\\Request), Object(Closure))
#35 D:\\كورس لارافيل\\contacts\\vendor\\laravel\\framework\\src\\Illuminate\\Pipeline\\Pipeline.php(180): Illuminate\\Foundation\\Http\\Middleware\\ConvertEmptyStringsToNull->handle(Object(Illuminate\\Http\\Request), Object(Closure))
#36 D:\\كورس لارافيل\\contacts\\vendor\\laravel\\framework\\src\\Illuminate\\Foundation\\Http\\Middleware\\TransformsRequest.php(21): Illuminate\\Pipeline\\Pipeline->Illuminate\\Pipeline\\{closure}(Object(Illuminate\\Http\\Request))
#37 D:\\كورس لارافيل\\contacts\\vendor\\laravel\\framework\\src\\Illuminate\\Foundation\\Http\\Middleware\\TrimStrings.php(40): Illuminate\\Foundation\\Http\\Middleware\\TransformsRequest->handle(Object(Illuminate\\Http\\Request), Object(Closure))
#38 D:\\كورس لارافيل\\contacts\\vendor\\laravel\\framework\\src\\Illuminate\\Pipeline\\Pipeline.php(180): Illuminate\\Foundation\\Http\\Middleware\\TrimStrings->handle(Object(Illuminate\\Http\\Request), Object(Closure))
#39 D:\\كورس لارافيل\\contacts\\vendor\\laravel\\framework\\src\\Illuminate\\Foundation\\Http\\Middleware\\ValidatePostSize.php(27): Illuminate\\Pipeline\\Pipeline->Illuminate\\Pipeline\\{closure}(Object(Illuminate\\Http\\Request))
#40 D:\\كورس لارافيل\\contacts\\vendor\\laravel\\framework\\src\\Illuminate\\Pipeline\\Pipeline.php(180): Illuminate\\Foundation\\Http\\Middleware\\ValidatePostSize->handle(Object(Illuminate\\Http\\Request), Object(Closure))
#41 D:\\كورس لارافيل\\contacts\\vendor\\laravel\\framework\\src\\Illuminate\\Foundation\\Http\\Middleware\\PreventRequestsDuringMaintenance.php(86): Illuminate\\Pipeline\\Pipeline->Illuminate\\Pipeline\\{closure}(Object(Illuminate\\Http\\Request))
#42 D:\\كورس لارافيل\\contacts\\vendor\\laravel\\framework\\src\\Illuminate\\Pipeline\\Pipeline.php(180): Illuminate\\Foundation\\Http\\Middleware\\PreventRequestsDuringMaintenance->handle(Object(Illuminate\\Http\\Request), Object(Closure))
#43 D:\\كورس لارافيل\\contacts\\vendor\\fruitcake\\laravel-cors\\src\\HandleCors.php(38): Illuminate\\Pipeline\\Pipeline->Illuminate\\Pipeline\\{closure}(Object(Illuminate\\Http\\Request))
#44 D:\\كورس لارافيل\\contacts\\vendor\\laravel\\framework\\src\\Illuminate\\Pipeline\\Pipeline.php(180): Fruitcake\\Cors\\HandleCors->handle(Object(Illuminate\\Http\\Request), Object(Closure))
#45 D:\\كورس لارافيل\\contacts\\vendor\\laravel\\framework\\src\\Illuminate\\Http\\Middleware\\TrustProxies.php(39): Illuminate\\Pipeline\\Pipeline->Illuminate\\Pipeline\\{closure}(Object(Illuminate\\Http\\Request))
#46 D:\\كورس لارافيل\\contacts\\vendor\\laravel\\framework\\src\\Illuminate\\Pipeline\\Pipeline.php(180): Illuminate\\Http\\Middleware\\TrustProxies->handle(Object(Illuminate\\Http\\Request), Object(Closure))
#47 D:\\كورس لارافيل\\contacts\\vendor\\laravel\\framework\\src\\Illuminate\\Pipeline\\Pipeline.php(116): Illuminate\\Pipeline\\Pipeline->Illuminate\\Pipeline\\{closure}(Object(Illuminate\\Http\\Request))
#48 D:\\كورس لارافيل\\contacts\\vendor\\laravel\\framework\\src\\Illuminate\\Foundation\\Http\\Kernel.php(165): Illuminate\\Pipeline\\Pipeline->then(Object(Closure))
#49 D:\\كورس لارافيل\\contacts\\vendor\\laravel\\framework\\src\\Illuminate\\Foundation\\Http\\Kernel.php(134): Illuminate\\Foundation\\Http\\Kernel->sendRequestThroughRouter(Object(Illuminate\\Http\\Request))
#50 D:\\كورس لارافيل\\contacts\\public\\index.php(52): Illuminate\\Foundation\\Http\\Kernel->handle(Object(Illuminate\\Http\\Request))
#51 D:\\كورس لارافيل\\contacts\\vendor\\laravel\\framework\\src\\Illuminate\\Foundation\\resources\\server.php(16): require_once('D:\\\\\\xD9\\x83\\xD9\\x88\\xD8\\xB1\\xD8\\xB3 \\xD9\\x84\\xD8...')
#52 {main}
"} 
[2026-09-15 19:56:58] local.ERROR: SQLSTATE[23000]: Integrity constraint violation: 1048 Column 'name' cannot be null (SQL: update `contacts` set `name` = ?, `email` = ?, `phone` = ?, `category` = ? where `id` = 1) {"exception":"[object] (Illuminate\\Database\\QueryException(code: 23000): SQLSTATE[23000]: Integrity constraint violation: 1048 Column 'name' cannot be null (SQL: update `contacts` set `name` = ?, `email` = ?, `phone` = ?, `category` = ? where `id` = 1) at D:\\كورس لارافيل\\contacts\\vendor\\laravel\\framework\\src\\Illuminate\\Database\\Connection.php:760)
[stacktrace]
#0 D:\\كورس لارافيل\\contacts\\vendor\\laravel\\framework\\src\\Illuminate\\Database\\Connection.php(720): Illuminate\\Database\\Connection->runQueryCallback('update `contact...', Array, Object(Closure))
#1 D:\\كورس لارافيل\\contacts\\vendor\\laravel\\framework\\src\\Illuminate\\Database\\Connection.php(577): Illuminate\\Database\\Connection->run('update `contact...', Array, Object(Closure))
#2 D:\\كورس لارافيل\\contacts\\vendor\\laravel\\framework\\src\\Illuminate\\Database\\Connection.php(510): Illuminate\\Database\\Connection->affectingStatement('update `contact...', Array)
#3 D:\\كورس لارافيل\\contacts\\vendor\\laravel\\framework\\src\\Illuminate\\Database\\Query\\Builder.php(3357): Illuminate\\Database\\Connection->update('update `contact...', Array)
#4 D:\\كورس لارافيل\\contacts\\app\\Http\\Controllers\\ContactController.php(38): Illuminate\\Database\\Query\\Builder->update(Array)
#5 D:\\كورس لارافيل\\contacts\\vendor\\laravel\\framework\\src\\Illuminate\\Routing\\Controller.php(54): App\\Http\\Controllers\\ContactController->update(Object(Illuminate\\Http\\Request), '1')
#6 D:\\كورس لارافيل\\contacts\\vendor\\laravel\\framework\\src\\Illuminate\\Routing\\ControllerDispatcher.php(43): Illuminate\\Routing\\Controller->callAction('update', Array)
#7 D:\\كورس لارافيل\\contacts\\vendor\\laravel\\framework\\src\\Illuminate\\Routing\\Route.php(260): Illuminate\\Routing\\ControllerDispatcher->dispatch(Object(Illuminate\\Routing\\Route), Object(App\\Http\\Controllers\\ContactController), 'update')
#8 D:\\كورس لارافيل\\contacts\\vendor\\laravel\\framework\\src\\Illuminate\\Routing\\Route.php(205): Illuminate\\Routing\\Route->runController()
#9 D:\\كورس لارافيل\\contacts\\vendor\\laravel\\framework\\src\\Illuminate\\Routing\\Router.php(798): Illuminate\\Routing\\Route->run()
#10 D:\\كورس لارافيل\\contacts\\vendor\\laravel\\framework\\src\\Illuminate\\Pipeline\\Pipeline.php(141): Illuminate\\Routing\\Router->Illuminate\\Routing\\{closure}(Object(Illuminate\\Http\\Request))
#11 D:\\كورس لارافيل\\contacts\\vendor\\laravel\\framework\\src\\Illuminate\\Routing\\Middleware\\SubstituteBindings.php(50): Illuminate\\Pipeline\\Pipeline->Illuminate\\Pipeline\\{closure}(Object(Illuminate\\Http\\Request))
#12 D:\\كورس لارافيل\\contacts\\vendor\\laravel\\framework\\src\\Illuminate\\Pipeline\\Pipeline.php(180): Illuminate\\Routing\\Middleware\\SubstituteBindings->handle(Object(Illuminate\\Http\\Request), Object(Closure))
#13 D:\\كورس لارافيل\\contacts\\vendor\\laravel\\framework\\src\\Illuminate\\Foundation\\Http\\Middleware\\VerifyCsrfToken.php(78): Illuminate\\Pipeline\\Pipeline->Illuminate\\Pipeline\\{closure}(Object(Illuminate\\Http\\Request))
#14 D:\\كورس لارافيل\\contacts\\vendor\\laravel\\framework\\src\\Illuminate\\Pipeline\\Pipeline.php(180): Illuminate\\Foundation\\Http\\Middleware\\VerifyCsrfToken->handle(Object(Illuminate\\Http\\Request), Object(Closure))
#15 D:\\كورس لارافيل\\contacts\\vendor\\laravel\\framework\\src\\Illuminate\\View\\Middleware\\ShareErrorsFromSession.php(49): Illuminate\\Pipeline\\Pipeline->Illuminate\\Pipeline\\{closure}(Object(Illuminate\\Http\\Request))
#16 D:\\كورس لارافيل\\contacts\\vendor\\laravel\\framework\\src\\Illuminate\\Pipeline\\Pipeline.php(180): Illuminate\\View\\Middleware\\ShareErrorsFromSession->handle(Object(Illuminate\\Http\\Request), Object(Closure))
#17 D:\\كورس لارافيل\\contacts\\vendor\\laravel\\framework\\src\\Illuminate\\Session\\Middleware\\StartSession.php(121): Illuminate\\Pipeline\\Pipeline->Illuminate\\Pipeline\\{closure}(Object(Illuminate\\Http\\Request))
#18 D:\\كورس لارافيل\\contacts\\vendor\\laravel\\framework\\src\\Illuminate\\Session\\Middleware\\StartSession.php(64): Illuminate\\Session\\Middleware\\StartSession->handleStatefulRequest(Object(Illuminate\\Http\\Request), Object(Illuminate\\Session\\Store), Object(Closure))
#19 D:\\كورس لارافيل\\contacts\\vendor\\laravel\\framework\\src\\Illuminate\\Pipeline\\Pipeline.php(180): Illuminate\\Session\\Middleware\\StartSession->handle(Object(Illuminate\\Http\\Request), Object(Closure))
#20 D:\\كورس لارافيل\\contacts\\vendor\\laravel\\framework\\src\\Illuminate\\Cookie\\Middleware\\AddQueuedCookiesToResponse.php(37): Illuminate\\Pipeline\\Pipeline->Illuminate\\Pipeline\\{closure}(Object(Illuminate\\Http\\Request))
#21 D:\\كورس لارافيل\\contacts\\vendor\\laravel\\framework\\src\\Illuminate\\Pipeline\\Pipeline.php(180): Illuminate\\Cookie\\Middleware\\AddQueuedCookiesToResponse->handle(Object(Illuminate\\Http\\Request), Object(Closure))
#22 D:\\كورس لارافيل\\contacts\\vendor\\laravel\\framework\\src\\Illuminate\\Cookie\\Middleware\\EncryptCookies.php(67): Illuminate\\Pipeline\\Pipeline->Illuminate\\Pipeline\\{closure}(Object(Illuminate\\Http\\Request))
#23 D:\\كورس لارافيل\\contacts\\vendor\\laravel\\framework\\src\\Illuminate\\Pipeline\\Pipeline.php(180): Illuminate\\Cookie\\Middleware\\EncryptCookies->handle(Object(Illuminate\\Http\\Request), Object(Closure))
#24 D:\\كورس لارافيل\\contacts\\vendor\\laravel\\framework\\src\\Illuminate\\Pipeline\\Pipeline.php(116): Illuminate\\Pipeline\\Pipeline->Illuminate\\Pipeline\\{closure}(Object(Illuminate\\Http\\Request))
#25 D:\\كورس لارافيل\\contacts\\vendor\\laravel\\framework\\src\\Illuminate\\Routing\\Router.php(799): Illuminate\\Pipeline\\Pipeline->then(Object(Closure))
#26 D:\\كورس لارافيل\\contacts\\vendor\\laravel\\framework\\src\\Illuminate\\Routing\\Router.php(776): Illuminate\\Routing\\Router->runRouteWithinStack(Object(Illuminate\\Routing\\Route), Object(Illuminate\\Http\\Request))
#27 D:\\كورس لارافيل\\contacts\\vendor\\laravel\\framework\\src\\Illuminate\\Routing\\Router.php(740): Illuminate\\Routing\\Router->runRoute(Object(Illuminate\\Http\\Request), Object(Illuminate\\Routing\\Route))
#28 D:\\كورس لارافيل\\contacts\\vendor\\laravel\\framework\\src\\Illuminate\\Routing\\Router.php(729): Illuminate\\Routing\\Router->dispatchToRoute(Object(Illuminate\\Http\\Request))
#29 D:\\كورس لارافيل\\contacts\\vendor\\laravel\\framework\\src\\Illuminate\\Foundation\\Http\\Kernel.php(190): Illuminate\\Routing\\Router->dispatch(Object(Illuminate\\Http\\Request))
#30 D:\\كورس لارافيل\\contacts\\vendor\\laravel\\framework\\src\\Illuminate\\Pipeline\\Pipeline.php(141): Illuminate\\Foundation\\Http\\Kernel->Illuminate\\Foundation\\Http\\{closure}(Object(Illuminate\\Http\\Request))
#31 D:\\كورس لارافيل\\contacts\\vendor\\laravel\\framework\\src\\Illuminate\\Foundation\\Http\\Middleware\\TransformsRequest.php(21): Illuminate\\Pipeline\\Pipeline->Illuminate\\Pipeline\\{closure}(Object(Illuminate\\Http\\Request))
#32 D:\\كورس لارافيل\\contacts\\vendor\\laravel\\framework\\src\\Illuminate\\Foundation\\Http\\Middleware\\ConvertEmptyStringsToNull.php(31): Illuminate\\Foundation\\Http\\Middleware\\TransformsRequest->handle(Object(Illuminate\\Http\\Request), Object(Closure))
#33 D:\\كورس لارافيل\\contacts\\vendor\\laravel\\framework\\src\\Illuminate\\Pipeline\\Pipeline.php(180): Illuminate\\Foundation\\Http\\Middleware\\ConvertEmptyStringsToNull->handle(Object(Illuminate\\Http\\Request), Object(Closure))
#34 D:\\كورس لارافيل\\contacts\\vendor\\laravel\\framework\\src\\Illuminate\\Foundation\\Http\\Middleware\\TransformsRequest.php(21): Illuminate\\Pipeline\\Pipeline->Illuminate\\Pipeline\\{closure}(Object(Illuminate\\Http\\Request))
#35 D:\\كورس لارافيل\\contacts\\vendor\\laravel\\framework\\src\\Illuminate\\Foundation\\Http\\Middleware\\TrimStrings.php(40): Illuminate\\Foundation\\Http\\Middleware\\TransformsRequest->handle(Object(Illuminate\\Http\\Request), Object(Closure))
#36 D:\\كورس لارافيل\\contacts\\vendor\\laravel\\framework\\src\\Illuminate\\Pipeline\\Pipeline.php(180): Illuminate\\Foundation\\Http\\Middleware\\TrimStrings->handle(Object(Illuminate\\Http\\Request), Object(Closure))
#37 D:\\كورس لارافيل\\contacts\\vendor\\laravel\\framework\\src\\Illuminate\\Foundation\\Http\\Middleware\\ValidatePostSize.php(27): Illuminate\\Pipeline\\Pipeline->Illuminate\\Pipeline\\{closure}(Object(Illuminate\\Http\\Request))
#38 D:\\كورس لارافيل\\contacts\\vendor\\laravel\\framework\\src\\Illuminate\\Pipeline\\Pipeline.php(180): Illuminate\\Foundation\\Http\\Middleware\\ValidatePostSize->handle(Object(Illuminate\\Http\\Request), Object(Closure))
#39 D:\\كورس لارافيل\\contacts\\vendor\\laravel\\framework\\src\\Illuminate\\Foundation\\Http\\Middleware\\PreventRequestsDuringMaintenance.php(86): Illuminate\\Pipeline\\Pipeline->Illuminate\\Pipeline\\{closure}(Object(Illuminate\\Http\\Request))
#40 D:\\كورس لارافيل\\contacts\\vendor\\laravel\\framework\\src\\Illuminate\\Pipeline\\Pipeline.php(180): Illuminate\\Foundation\\Http\\Middleware\\PreventRequestsDuringMaintenance->handle(Object(Illuminate\\Http\\Request), Object(Closure))
#41 D:\\كورس لارافيل\\contacts\\vendor\\fruitcake\\laravel-cors\\src\\HandleCors.php(38): Illuminate\\Pipeline\\Pipeline->Illuminate\\Pipeline\\{closure}(Object(Illuminate\\Http\\Request))
#42 D:\\كورس لارافيل\\contacts\\vendor\\laravel\\framework\\src\\Illuminate\\Pipeline\\Pipeline.php(180): Fruitcake\\Cors\\HandleCors->handle(Object(Illuminate\\Http\\Request), Object(Closure))
#43 D:\\كورس لارافيل\\contacts\\vendor\\laravel\\framework\\src\\Illuminate\\Http\\Middleware\\TrustProxies.php(39): Illuminate\\Pipeline\\Pipeline->Illuminate\\Pipeline\\{closure}(Object(Illuminate\\Http\\Request))
#44 D:\\كورس لارافيل\\contacts\\vendor\\laravel\\framework\\src\\Illuminate\\Pipeline\\Pipeline.php(180): Illuminate\\Http\\Middleware\\TrustProxies->handle(Object(Illuminate\\Http\\Request), Object(Closure))
#45 D:\\كورس لارافيل\\contacts\\vendor\\laravel\\framework\\src\\Illuminate\\Pipeline\\Pipeline.php(116): Illuminate\\Pipeline\\Pipeline->Illuminate\\Pipeline\\{closure}(Object(Illuminate\\Http\\Request))
#46 D:\\كورس لارافيل\\contacts\\vendor\\laravel\\framework\\src\\Illuminate\\Foundation\\Http\\Kernel.php(165): Illuminate\\Pipeline\\Pipeline->then(Object(Closure))
#47 D:\\كورس لارافيل\\contacts\\vendor\\laravel\\framework\\src\\Illuminate\\Foundation\\Http\\Kernel.php(134): Illuminate\\Foundation\\Http\\Kernel->sendRequestThroughRouter(Object(Illuminate\\Http\\Request))
#48 D:\\كورس لارافيل\\contacts\\public\\index.php(52): Illuminate\\Foundation\\Http\\Kernel->handle(Object(Illuminate\\Http\\Request))
#49 D:\\كورس لارافيل\\contacts\\vendor\\laravel\\framework\\src\\Illuminate\\Foundation\\resources\\server.php(16): require_once('D:\\\\\\xD9\\x83\\xD9\\x88\\xD8\\xB1\\xD8\\xB3 \\xD9\\x84\\xD8...')
#50 {main}

[previous exception] [object] (PDOException(code: 23000): SQLSTATE[23000]: Integrity constraint violation: 1048 Column 'name' cannot be null at D:\\كورس لارافيل\\contacts\\vendor\\laravel\\framework\\src\\Illuminate\\Database\\Connection.php:570)
[stacktrace]
#0 D:\\كورس لارافيل\\contacts\\vendor\\laravel\\framework\\src\\Illuminate\\Database\\Connection.php(570): PDOStatement->execute()
#1 D:\\كورس لارافيل\\contacts\\vendor\\laravel\\framework\\src\\Illuminate\\Database\\Connection.php(753): Illuminate\\Database\\Connection->Illuminate\\Database\\{closure}('update `contact...', Array)
#2 D:\\كورس لارافيل\\contacts\\vendor\\laravel\\framework\\src\\Illuminate\\Database\\Connection.php(720): Illuminate\\Database\\Connection->runQueryCallback('update `contact...', Array, Object(Closure))
#3 D:\\كورس لارافيل\\contacts\\vendor\\laravel\\framework\\src\\Illuminate\\Database\\Connection.php(577): Illuminate\\Database\\Connection->run('update `contact...', Array, Object(Closure))
#4 D:\\كورس لارافيل\\contacts\\vendor\\laravel\\framework\\src\\Illuminate\\Database\\Connection.php(510): Illuminate\\Database\\Connection->affectingStatement('update `contact...', Array)
#5 D:\\كورس لارافيل\\contacts\\vendor\\laravel\\framework\\src\\Illuminate\\Database\\Query\\Builder.php(3357): Illuminate\\Database\\Connection->update('update `contact...', Array)
#6 D:\\كورس لارافيل\\contacts\\app\\Http\\Controllers\\ContactController.php(38): Illuminate\\Database\\Query\\Builder->update(Array)
#7 D:\\كورس لارافيل\\contacts\\vendor\\laravel\\framework\\src\\Illuminate\\Routing\\Controller.php(54): App\\Http\\Controllers\\ContactController->update(Object(Illuminate\\Http\\Request), '1')
#8 D:\\كورس لارافيل\\contacts\\vendor\\laravel\\framework\\src\\Illuminate\\Routing\\ControllerDispatcher.php(43): Illuminate\\Routing\\Controller->callAction('update', Array)
#9 D:\\كورس لارافيل\\contacts\\vendor\\laravel\\framework\\src\\Illuminate\\Routing\\Route.php(260): Illuminate\\Routing\\ControllerDispatcher->dispatch(Object(Illuminate\\Routing\\Route), Object(App\\Http\\Controllers\\ContactController), 'update')
#10 D:\\كورس لارافيل\\contacts\\vendor\\laravel\\framework\\src\\Illuminate\\Routing\\Route.php(205): Illuminate\\Routing\\Route->runController()
#11 D:\\كورس لارافيل\\contacts\\vendor\\laravel\\framework\\src\\Illuminate\\Routing\\Router.php(798): Illuminate\\Routing\\Route->run()
#12 D:\\كورس لارافيل\\contacts\\vendor\\laravel\\framework\\src\\Illuminate\\Pipeline\\Pipeline.php(141): Illuminate\\Routing\\Router->Illuminate\\Routing\\{closure}(Object(Illuminate\\Http\\Request))
#13 D:\\كورس لارافيل\\contacts\\vendor\\laravel\\framework\\src\\Illuminate\\Routing\\Middleware\\SubstituteBindings.php(50): Illuminate\\Pipeline\\Pipeline->Illuminate\\Pipeline\\{closure}(Object(Illuminate\\Http\\Request))
#14 D:\\كورس لارافيل\\contacts\\vendor\\laravel\\framework\\src\\Illuminate\\Pipeline\\Pipeline.php(180): Illuminate\\Routing\\Middleware\\SubstituteBindings->handle(Object(Illuminate\\Http\\Request), Object(Closure))
#15 D:\\كورس لارافيل\\contacts\\vendor\\laravel\\framework\\src\\Illuminate\\Foundation\\Http\\Middleware\\VerifyCsrfToken.php(78): Illuminate\\Pipeline\\Pipeline->Illuminate\\Pipeline\\{closure}(Object(Illuminate\\Http\\Request))
#16 D:\\كورس لارافيل\\contacts\\vendor\\laravel\\framework\\src\\Illuminate\\Pipeline\\Pipeline.php(180): Illuminate\\Foundation\\Http\\Middleware\\VerifyCsrfToken->handle(Object(Illuminate\\Http\\Request), Object(Closure))
#17 D:\\كورس لارافيل\\contacts\\vendor\\laravel\\framework\\src\\Illuminate\\View\\Middleware\\ShareErrorsFromSession.php(49): Illuminate\\Pipeline\\Pipeline->Illuminate\\Pipeline\\{closure}(Object(Illuminate\\Http\\Request))
#18 D:\\كورس لارافيل\\contacts\\vendor\\laravel\\framework\\src\\Illuminate\\Pipeline\\Pipeline.php(180): Illuminate\\View\\Middleware\\ShareErrorsFromSession->handle(Object(Illuminate\\Http\\Request), Object(Closure))
#19 D:\\كورس لارافيل\\contacts\\vendor\\laravel\\framework\\src\\Illuminate\\Session\\Middleware\\StartSession.php(121): Illuminate\\Pipeline\\Pipeline->Illuminate\\Pipeline\\{closure}(Object(Illuminate\\Http\\Request))
#20 D:\\كورس لارافيل\\contacts\\vendor\\laravel\\framework\\src\\Illuminate\\Session\\Middleware\\StartSession.php(64): Illuminate\\Session\\Middleware\\StartSession->handleStatefulRequest(Object(Illuminate\\Http\\Request), Object(Illuminate\\Session\\Store), Object(Closure))
#21 D:\\كورس لارافيل\\contacts\\vendor\\laravel\\framework\\src\\Illuminate\\Pipeline\\Pipeline.php(180): Illuminate\\Session\\Middleware\\StartSession->handle(Object(Illuminate\\Http\\Request), Object(Closure))
#22 D:\\كورس لارافيل\\contacts\\vendor\\laravel\\framework\\src\\Illuminate\\Cookie\\Middleware\\AddQueuedCookiesToResponse.php(37): Illuminate\\Pipeline\\Pipeline->Illuminate\\Pipeline\\{closure}(Object(Illuminate\\Http\\Request))
#23 D:\\كورس لارافيل\\contacts\\vendor\\laravel\\framework\\src\\Illuminate\\Pipeline\\Pipeline.php(180): Illuminate\\Cookie\\Middleware\\AddQueuedCookiesToResponse->handle(Object(Illuminate\\Http\\Request), Object(Closure))
#24 D:\\كورس لارافيل\\contacts\\vendor\\laravel\\framework\\src\\Illuminate\\Cookie\\Middleware\\EncryptCookies.php(67): Illuminate\\Pipeline\\Pipeline->Illuminate\\Pipeline\\{closure}(Object(Illuminate\\Http\\Request))
#25 D:\\كورس لارافيل\\contacts\\vendor\\laravel\\framework\\src\\Illuminate\\Pipeline\\Pipeline.php(180): Illuminate\\Cookie\\Middleware\\EncryptCookies->handle(Object(Illuminate\\Http\\Request), Object(Closure))
#26 D:\\كورس لارافيل\\contacts\\vendor\\laravel\\framework\\src\\Illuminate\\Pipeline\\Pipeline.php(116): Illuminate\\Pipeline\\Pipeline->Illuminate\\Pipeline\\{closure}(Object(Illuminate\\Http\\Request))
#27 D:\\كورس لارافيل\\contacts\\vendor\\laravel\\framework\\src\\Illuminate\\Routing\\Router.php(799): Illuminate\\Pipeline\\Pipeline->then(Object(Closure))
#28 D:\\كورس لارافيل\\contacts\\vendor\\laravel\\framework\\src\\Illuminate\\Routing\\Router.php(776): Illuminate\\Routing\\Router->runRouteWithinStack(Object(Illuminate\\Routing\\Route), Object(Illuminate\\Http\\Request))
#29 D:\\كورس لارافيل\\contacts\\vendor\\laravel\\framework\\src\\Illuminate\\Routing\\Router.php(740): Illuminate\\Routing\\Router->runRoute(Object(Illuminate\\Http\\Request), Object(Illuminate\\Routing\\Route))
#30 D:\\كورس لارافيل\\contacts\\vendor\\laravel\\framework\\src\\Illuminate\\Routing\\Router.php(729): Illuminate\\Routing\\Router->dispatchToRoute(Object(Illuminate\\Http\\Request))
#31 D:\\كورس لارافيل\\contacts\\vendor\\laravel\\framework\\src\\Illuminate\\Foundation\\Http\\Kernel.php(190): Illuminate\\Routing\\Router->dispatch(Object(Illuminate\\Http\\Request))
#32 D:\\كورس لارافيل\\contacts\\vendor\\laravel\\framework\\src\\Illuminate\\Pipeline\\Pipeline.php(141): Illuminate\\Foundation\\Http\\Kernel->Illuminate\\Foundation\\Http\\{closure}(Object(Illuminate\\Http\\Request))
#33 D:\\كورس لارافيل\\contacts\\vendor\\laravel\\framework\\src\\Illuminate\\Foundation\\Http\\Middleware\\TransformsRequest.php(21): Illuminate\\Pipeline\\Pipeline->Illuminate\\Pipeline\\{closure}(Object(Illuminate\\Http\\Request))
#34 D:\\كورس لارافيل\\contacts\\vendor\\laravel\\framework\\src\\Illuminate\\Foundation\\Http\\Middleware\\ConvertEmptyStringsToNull.php(31): Illuminate\\Foundation\\Http\\Middleware\\TransformsRequest->handle(Object(Illuminate\\Http\\Request), Object(Closure))
#35 D:\\كورس لارافيل\\contacts\\vendor\\laravel\\framework\\src\\Illuminate\\Pipeline\\Pipeline.php(180): Illuminate\\Foundation\\Http\\Middleware\\ConvertEmptyStringsToNull->handle(Object(Illuminate\\Http\\Request), Object(Closure))
#36 D:\\كورس لارافيل\\contacts\\vendor\\laravel\\framework\\src\\Illuminate\\Foundation\\Http\\Middleware\\TransformsRequest.php(21): Illuminate\\Pipeline\\Pipeline->Illuminate\\Pipeline\\{closure}(Object(Illuminate\\Http\\Request))
#37 D:\\كورس لارافيل\\contacts\\vendor\\laravel\\framework\\src\\Illuminate\\Foundation\\Http\\Middleware\\TrimStrings.php(40): Illuminate\\Foundation\\Http\\Middleware\\TransformsRequest->handle(Object(Illuminate\\Http\\Request), Object(Closure))
#38 D:\\كورس لارافيل\\contacts\\vendor\\laravel\\framework\\src\\Illuminate\\Pipeline\\Pipeline.php(180): Illuminate\\Foundation\\Http\\Middleware\\TrimStrings->handle(Object(Illuminate\\Http\\Request), Object(Closure))
#39 D:\\كورس لارافيل\\contacts\\vendor\\laravel\\framework\\src\\Illuminate\\Foundation\\Http\\Middleware\\ValidatePostSize.php(27): Illuminate\\Pipeline\\Pipeline->Illuminate\\Pipeline\\{closure}(Object(Illuminate\\Http\\Request))
#40 D:\\كورس لارافيل\\contacts\\vendor\\laravel\\framework\\src\\Illuminate\\Pipeline\\Pipeline.php(180): Illuminate\\Foundation\\Http\\Middleware\\ValidatePostSize->handle(Object(Illuminate\\Http\\Request), Object(Closure))
#41 D:\\كورس لارافيل\\contacts\\vendor\\laravel\\framework\\src\\Illuminate\\Foundation\\Http\\Middleware\\PreventRequestsDuringMaintenance.php(86): Illuminate\\Pipeline\\Pipeline->Illuminate\\Pipeline\\{closure}(Object(Illuminate\\Http\\Request))
#42 D:\\كورس لارافيل\\contacts\\vendor\\laravel\\framework\\src\\Illuminate\\Pipeline\\Pipeline.php(180): Illuminate\\Foundation\\Http\\Middleware\\PreventRequestsDuringMaintenance->handle(Object(Illuminate\\Http\\Request), Object(Closure))
#43 D:\\كورس لارافيل\\contacts\\vendor\\fruitcake\\laravel-cors\\src\\HandleCors.php(38): Illuminate\\Pipeline\\Pipeline->Illuminate\\Pipeline\\{closure}(Object(Illuminate\\Http\\Request))
#44 D:\\كورس لارافيل\\contacts\\vendor\\laravel\\framework\\src\\Illuminate\\Pipeline\\Pipeline.php(180): Fruitcake\\Cors\\HandleCors->handle(Object(Illuminate\\Http\\Request), Object(Closure))
#45 D:\\كورس لارافيل\\contacts\\vendor\\laravel\\framework\\src\\Illuminate\\Http\\Middleware\\TrustProxies.php(39): Illuminate\\Pipeline\\Pipeline->Illuminate\\Pipeline\\{closure}(Object(Illuminate\\Http\\Request))
#46 D:\\كورس لارافيل\\contacts\\vendor\\laravel\\framework\\src\\Illuminate\\Pipeline\\Pipeline.php(180): Illuminate\\Http\\Middleware\\TrustProxies->handle(Object(Illuminate\\Http\\Request), Object(Closure))
#47 D:\\كورس لارافيل\\contacts\\vendor\\laravel\\framework\\src\\Illuminate\\Pipeline\\Pipeline.php(116): Illuminate\\Pipeline\\Pipeline->Illuminate\\Pipeline\\{closure}(Object(Illuminate\\Http\\Request))
#48 D:\\كورس لارافيل\\contacts\\vendor\\laravel\\framework\\src\\Illuminate\\Foundation\\Http\\Kernel.php(165): Illuminate\\Pipeline\\Pipeline->then(Object(Closure))
#49 D:\\كورس لارافيل\\contacts\\vendor\\laravel\\framework\\src\\Illuminate\\Foundation\\Http\\Kernel.php(134): Illuminate\\Foundation\\Http\\Kernel->sendRequestThroughRouter(Object(Illuminate\\Http\\Request))
#50 D:\\كورس لارافيل\\contacts\\public\\index.php(52): Illuminate\\Foundation\\Http\\Kernel->handle(Object(Illuminate\\Http\\Request))
#51 D:\\كورس لارافيل\\contacts\\vendor\\laravel\\framework\\src\\Illuminate\\Foundation\\resources\\server.php(16): require_once('D:\\\\\\xD9\\x83\\xD9\\x88\\xD8\\xB1\\xD8\\xB3 \\xD9\\x84\\xD8...')
#52 {main}
"} 
[2026-09-16 00:57:50] local.ERROR: SQLSTATE[23000]: Integrity constraint violation: 1062 Duplicate entry 'sondesbensasi200@gmail.com' for key 'contacts_email_unique' (SQL: insert into `contacts` (`name`, `email`, `phone`, `category`) values (hhadja, sondesbensasi200@gmail.com, 0923334455, general)) {"exception":"[object] (Illuminate\\Database\\QueryException(code: 23000): SQLSTATE[23000]: Integrity constraint violation: 1062 Duplicate entry 'sondesbensasi200@gmail.com' for key 'contacts_email_unique' (SQL: insert into `contacts` (`name`, `email`, `phone`, `category`) values (hhadja, sondesbensasi200@gmail.com, 0923334455, general)) at D:\\كورس لارافيل\\contacts\\vendor\\laravel\\framework\\src\\Illuminate\\Database\\Connection.php:760)
[stacktrace]
#0 D:\\كورس لارافيل\\contacts\\vendor\\laravel\\framework\\src\\Illuminate\\Database\\Connection.php(720): Illuminate\\Database\\Connection->runQueryCallback('insert into `co...', Array, Object(Closure))
#1 D:\\كورس لارافيل\\contacts\\vendor\\laravel\\framework\\src\\Illuminate\\Database\\Connection.php(546): Illuminate\\Database\\Connection->run('insert into `co...', Array, Object(Closure))
#2 D:\\كورس لارافيل\\contacts\\vendor\\laravel\\framework\\src\\Illuminate\\Database\\Connection.php(498): Illuminate\\Database\\Connection->statement('insert into `co...', Array)
#3 D:\\كورس لارافيل\\contacts\\vendor\\laravel\\framework\\src\\Illuminate\\Database\\Query\\Builder.php(3274): Illuminate\\Database\\Connection->insert('insert into `co...', Array)
#4 D:\\كورس لارافيل\\contacts\\app\\Http\\Controllers\\ContactController.php(56): Illuminate\\Database\\Query\\Builder->insert(Array)
#5 D:\\كورس لارافيل\\contacts\\vendor\\laravel\\framework\\src\\Illuminate\\Routing\\Controller.php(54): App\\Http\\Controllers\\ContactController->store(Object(Illuminate\\Http\\Request))
#6 D:\\كورس لارافيل\\contacts\\vendor\\laravel\\framework\\src\\Illuminate\\Routing\\ControllerDispatcher.php(43): Illuminate\\Routing\\Controller->callAction('store', Array)
#7 D:\\كورس لارافيل\\contacts\\vendor\\laravel\\framework\\src\\Illuminate\\Routing\\Route.php(260): Illuminate\\Routing\\ControllerDispatcher->dispatch(Object(Illuminate\\Routing\\Route), Object(App\\Http\\Controllers\\ContactController), 'store')
#8 D:\\كورس لارافيل\\contacts\\vendor\\laravel\\framework\\src\\Illuminate\\Routing\\Route.php(205): Illuminate\\Routing\\Route->runController()
#9 D:\\كورس لارافيل\\contacts\\vendor\\laravel\\framework\\src\\Illuminate\\Routing\\Router.php(798): Illuminate\\Routing\\Route->run()
#10 D:\\كورس لارافيل\\contacts\\vendor\\laravel\\framework\\src\\Illuminate\\Pipeline\\Pipeline.php(141): Illuminate\\Routing\\Router->Illuminate\\Routing\\{closure}(Object(Illuminate\\Http\\Request))
#11 D:\\كورس لارافيل\\contacts\\vendor\\laravel\\framework\\src\\Illuminate\\Routing\\Middleware\\SubstituteBindings.php(50): Illuminate\\Pipeline\\Pipeline->Illuminate\\Pipeline\\{closure}(Object(Illuminate\\Http\\Request))
#12 D:\\كورس لارافيل\\contacts\\vendor\\laravel\\framework\\src\\Illuminate\\Pipeline\\Pipeline.php(180): Illuminate\\Routing\\Middleware\\SubstituteBindings->handle(Object(Illuminate\\Http\\Request), Object(Closure))
#13 D:\\كورس لارافيل\\contacts\\vendor\\laravel\\framework\\src\\Illuminate\\Foundation\\Http\\Middleware\\VerifyCsrfToken.php(78): Illuminate\\Pipeline\\Pipeline->Illuminate\\Pipeline\\{closure}(Object(Illuminate\\Http\\Request))
#14 D:\\كورس لارافيل\\contacts\\vendor\\laravel\\framework\\src\\Illuminate\\Pipeline\\Pipeline.php(180): Illuminate\\Foundation\\Http\\Middleware\\VerifyCsrfToken->handle(Object(Illuminate\\Http\\Request), Object(Closure))
#15 D:\\كورس لارافيل\\contacts\\vendor\\laravel\\framework\\src\\Illuminate\\View\\Middleware\\ShareErrorsFromSession.php(49): Illuminate\\Pipeline\\Pipeline->Illuminate\\Pipeline\\{closure}(Object(Illuminate\\Http\\Request))
#16 D:\\كورس لارافيل\\contacts\\vendor\\laravel\\framework\\src\\Illuminate\\Pipeline\\Pipeline.php(180): Illuminate\\View\\Middleware\\ShareErrorsFromSession->handle(Object(Illuminate\\Http\\Request), Object(Closure))
#17 D:\\كورس لارافيل\\contacts\\vendor\\laravel\\framework\\src\\Illuminate\\Session\\Middleware\\StartSession.php(121): Illuminate\\Pipeline\\Pipeline->Illuminate\\Pipeline\\{closure}(Object(Illuminate\\Http\\Request))
#18 D:\\كورس لارافيل\\contacts\\vendor\\laravel\\framework\\src\\Illuminate\\Session\\Middleware\\StartSession.php(64): Illuminate\\Session\\Middleware\\StartSession->handleStatefulRequest(Object(Illuminate\\Http\\Request), Object(Illuminate\\Session\\Store), Object(Closure))
#19 D:\\كورس لارافيل\\contacts\\vendor\\laravel\\framework\\src\\Illuminate\\Pipeline\\Pipeline.php(180): Illuminate\\Session\\Middleware\\StartSession->handle(Object(Illuminate\\Http\\Request), Object(Closure))
#20 D:\\كورس لارافيل\\contacts\\vendor\\laravel\\framework\\src\\Illuminate\\Cookie\\Middleware\\AddQueuedCookiesToResponse.php(37): Illuminate\\Pipeline\\Pipeline->Illuminate\\Pipeline\\{closure}(Object(Illuminate\\Http\\Request))
#21 D:\\كورس لارافيل\\contacts\\vendor\\laravel\\framework\\src\\Illuminate\\Pipeline\\Pipeline.php(180): Illuminate\\Cookie\\Middleware\\AddQueuedCookiesToResponse->handle(Object(Illuminate\\Http\\Request), Object(Closure))
#22 D:\\كورس لارافيل\\contacts\\vendor\\laravel\\framework\\src\\Illuminate\\Cookie\\Middleware\\EncryptCookies.php(67): Illuminate\\Pipeline\\Pipeline->Illuminate\\Pipeline\\{closure}(Object(Illuminate\\Http\\Request))
#23 D:\\كورس لارافيل\\contacts\\vendor\\laravel\\framework\\src\\Illuminate\\Pipeline\\Pipeline.php(180): Illuminate\\Cookie\\Middleware\\EncryptCookies->handle(Object(Illuminate\\Http\\Request), Object(Closure))
#24 D:\\كورس لارافيل\\contacts\\vendor\\laravel\\framework\\src\\Illuminate\\Pipeline\\Pipeline.php(116): Illuminate\\Pipeline\\Pipeline->Illuminate\\Pipeline\\{closure}(Object(Illuminate\\Http\\Request))
#25 D:\\كورس لارافيل\\contacts\\vendor\\laravel\\framework\\src\\Illuminate\\Routing\\Router.php(799): Illuminate\\Pipeline\\Pipeline->then(Object(Closure))
#26 D:\\كورس لارافيل\\contacts\\vendor\\laravel\\framework\\src\\Illuminate\\Routing\\Router.php(776): Illuminate\\Routing\\Router->runRouteWithinStack(Object(Illuminate\\Routing\\Route), Object(Illuminate\\Http\\Request))
#27 D:\\كورس لارافيل\\contacts\\vendor\\laravel\\framework\\src\\Illuminate\\Routing\\Router.php(740): Illuminate\\Routing\\Router->runRoute(Object(Illuminate\\Http\\Request), Object(Illuminate\\Routing\\Route))
#28 D:\\كورس لارافيل\\contacts\\vendor\\laravel\\framework\\src\\Illuminate\\Routing\\Router.php(729): Illuminate\\Routing\\Router->dispatchToRoute(Object(Illuminate\\Http\\Request))
#29 D:\\كورس لارافيل\\contacts\\vendor\\laravel\\framework\\src\\Illuminate\\Foundation\\Http\\Kernel.php(190): Illuminate\\Routing\\Router->dispatch(Object(Illuminate\\Http\\Request))
#30 D:\\كورس لارافيل\\contacts\\vendor\\laravel\\framework\\src\\Illuminate\\Pipeline\\Pipeline.php(141): Illuminate\\Foundation\\Http\\Kernel->Illuminate\\Foundation\\Http\\{closure}(Object(Illuminate\\Http\\Request))
#31 D:\\كورس لارافيل\\contacts\\vendor\\laravel\\framework\\src\\Illuminate\\Foundation\\Http\\Middleware\\TransformsRequest.php(21): Illuminate\\Pipeline\\Pipeline->Illuminate\\Pipeline\\{closure}(Object(Illuminate\\Http\\Request))
#32 D:\\كورس لارافيل\\contacts\\vendor\\laravel\\framework\\src\\Illuminate\\Foundation\\Http\\Middleware\\ConvertEmptyStringsToNull.php(31): Illuminate\\Foundation\\Http\\Middleware\\TransformsRequest->handle(Object(Illuminate\\Http\\Request), Object(Closure))
#33 D:\\كورس لارافيل\\contacts\\vendor\\laravel\\framework\\src\\Illuminate\\Pipeline\\Pipeline.php(180): Illuminate\\Foundation\\Http\\Middleware\\ConvertEmptyStringsToNull->handle(Object(Illuminate\\Http\\Request), Object(Closure))
#34 D:\\كورس لارافيل\\contacts\\vendor\\laravel\\framework\\src\\Illuminate\\Foundation\\Http\\Middleware\\TransformsRequest.php(21): Illuminate\\Pipeline\\Pipeline->Illuminate\\Pipeline\\{closure}(Object(Illuminate\\Http\\Request))
#35 D:\\كورس لارافيل\\contacts\\vendor\\laravel\\framework\\src\\Illuminate\\Foundation\\Http\\Middleware\\TrimStrings.php(40): Illuminate\\Foundation\\Http\\Middleware\\TransformsRequest->handle(Object(Illuminate\\Http\\Request), Object(Closure))
#36 D:\\كورس لارافيل\\contacts\\vendor\\laravel\\framework\\src\\Illuminate\\Pipeline\\Pipeline.php(180): Illuminate\\Foundation\\Http\\Middleware\\TrimStrings->handle(Object(Illuminate\\Http\\Request), Object(Closure))
#37 D:\\كورس لارافيل\\contacts\\vendor\\laravel\\framework\\src\\Illuminate\\Foundation\\Http\\Middleware\\ValidatePostSize.php(27): Illuminate\\Pipeline\\Pipeline->Illuminate\\Pipeline\\{closure}(Object(Illuminate\\Http\\Request))
#38 D:\\كورس لارافيل\\contacts\\vendor\\laravel\\framework\\src\\Illuminate\\Pipeline\\Pipeline.php(180): Illuminate\\Foundation\\Http\\Middleware\\ValidatePostSize->handle(Object(Illuminate\\Http\\Request), Object(Closure))
#39 D:\\كورس لارافيل\\contacts\\vendor\\laravel\\framework\\src\\Illuminate\\Foundation\\Http\\Middleware\\PreventRequestsDuringMaintenance.php(86): Illuminate\\Pipeline\\Pipeline->Illuminate\\Pipeline\\{closure}(Object(Illuminate\\Http\\Request))
#40 D:\\كورس لارافيل\\contacts\\vendor\\laravel\\framework\\src\\Illuminate\\Pipeline\\Pipeline.php(180): Illuminate\\Foundation\\Http\\Middleware\\PreventRequestsDuringMaintenance->handle(Object(Illuminate\\Http\\Request), Object(Closure))
#41 D:\\كورس لارافيل\\contacts\\vendor\\fruitcake\\laravel-cors\\src\\HandleCors.php(38): Illuminate\\Pipeline\\Pipeline->Illuminate\\Pipeline\\{closure}(Object(Illuminate\\Http\\Request))
#42 D:\\كورس لارافيل\\contacts\\vendor\\laravel\\framework\\src\\Illuminate\\Pipeline\\Pipeline.php(180): Fruitcake\\Cors\\HandleCors->handle(Object(Illuminate\\Http\\Request), Object(Closure))
#43 D:\\كورس لارافيل\\contacts\\vendor\\laravel\\framework\\src\\Illuminate\\Http\\Middleware\\TrustProxies.php(39): Illuminate\\Pipeline\\Pipeline->Illuminate\\Pipeline\\{closure}(Object(Illuminate\\Http\\Request))
#44 D:\\كورس لارافيل\\contacts\\vendor\\laravel\\framework\\src\\Illuminate\\Pipeline\\Pipeline.php(180): Illuminate\\Http\\Middleware\\TrustProxies->handle(Object(Illuminate\\Http\\Request), Object(Closure))
#45 D:\\كورس لارافيل\\contacts\\vendor\\laravel\\framework\\src\\Illuminate\\Pipeline\\Pipeline.php(116): Illuminate\\Pipeline\\Pipeline->Illuminate\\Pipeline\\{closure}(Object(Illuminate\\Http\\Request))
#46 D:\\كورس لارافيل\\contacts\\vendor\\laravel\\framework\\src\\Illuminate\\Foundation\\Http\\Kernel.php(165): Illuminate\\Pipeline\\Pipeline->then(Object(Closure))
#47 D:\\كورس لارافيل\\contacts\\vendor\\laravel\\framework\\src\\Illuminate\\Foundation\\Http\\Kernel.php(134): Illuminate\\Foundation\\Http\\Kernel->sendRequestThroughRouter(Object(Illuminate\\Http\\Request))
#48 D:\\كورس لارافيل\\contacts\\public\\index.php(52): Illuminate\\Foundation\\Http\\Kernel->handle(Object(Illuminate\\Http\\Request))
#49 D:\\كورس لارافيل\\contacts\\vendor\\laravel\\framework\\src\\Illuminate\\Foundation\\resources\\server.php(16): require_once('D:\\\\\\xD9\\x83\\xD9\\x88\\xD8\\xB1\\xD8\\xB3 \\xD9\\x84\\xD8...')
#50 {main}

[previous exception] [object] (PDOException(code: 23000): SQLSTATE[23000]: Integrity constraint violation: 1062 Duplicate entry 'sondesbensasi200@gmail.com' for key 'contacts_email_unique' at D:\\كورس لارافيل\\contacts\\vendor\\laravel\\framework\\src\\Illuminate\\Database\\Connection.php:545)
[stacktrace]
#0 D:\\كورس لارافيل\\contacts\\vendor\\laravel\\framework\\src\\Illuminate\\Database\\Connection.php(545): PDOStatement->execute()
#1 D:\\كورس لارافيل\\contacts\\vendor\\laravel\\framework\\src\\Illuminate\\Database\\Connection.php(753): Illuminate\\Database\\Connection->Illuminate\\Database\\{closure}('insert into `co...', Array)
#2 D:\\كورس لارافيل\\contacts\\vendor\\laravel\\framework\\src\\Illuminate\\Database\\Connection.php(720): Illuminate\\Database\\Connection->runQueryCallback('insert into `co...', Array, Object(Closure))
#3 D:\\كورس لارافيل\\contacts\\vendor\\laravel\\framework\\src\\Illuminate\\Database\\Connection.php(546): Illuminate\\Database\\Connection->run('insert into `co...', Array, Object(Closure))
#4 D:\\كورس لارافيل\\contacts\\vendor\\laravel\\framework\\src\\Illuminate\\Database\\Connection.php(498): Illuminate\\Database\\Connection->statement('insert into `co...', Array)
#5 D:\\كورس لارافيل\\contacts\\vendor\\laravel\\framework\\src\\Illuminate\\Database\\Query\\Builder.php(3274): Illuminate\\Database\\Connection->insert('insert into `co...', Array)
#6 D:\\كورس لارافيل\\contacts\\app\\Http\\Controllers\\ContactController.php(56): Illuminate\\Database\\Query\\Builder->insert(Array)
#7 D:\\كورس لارافيل\\contacts\\vendor\\laravel\\framework\\src\\Illuminate\\Routing\\Controller.php(54): App\\Http\\Controllers\\ContactController->store(Object(Illuminate\\Http\\Request))
#8 D:\\كورس لارافيل\\contacts\\vendor\\laravel\\framework\\src\\Illuminate\\Routing\\ControllerDispatcher.php(43): Illuminate\\Routing\\Controller->callAction('store', Array)
#9 D:\\كورس لارافيل\\contacts\\vendor\\laravel\\framework\\src\\Illuminate\\Routing\\Route.php(260): Illuminate\\Routing\\ControllerDispatcher->dispatch(Object(Illuminate\\Routing\\Route), Object(App\\Http\\Controllers\\ContactController), 'store')
#10 D:\\كورس لارافيل\\contacts\\vendor\\laravel\\framework\\src\\Illuminate\\Routing\\Route.php(205): Illuminate\\Routing\\Route->runController()
#11 D:\\كورس لارافيل\\contacts\\vendor\\laravel\\framework\\src\\Illuminate\\Routing\\Router.php(798): Illuminate\\Routing\\Route->run()
#12 D:\\كورس لارافيل\\contacts\\vendor\\laravel\\framework\\src\\Illuminate\\Pipeline\\Pipeline.php(141): Illuminate\\Routing\\Router->Illuminate\\Routing\\{closure}(Object(Illuminate\\Http\\Request))
#13 D:\\كورس لارافيل\\contacts\\vendor\\laravel\\framework\\src\\Illuminate\\Routing\\Middleware\\SubstituteBindings.php(50): Illuminate\\Pipeline\\Pipeline->Illuminate\\Pipeline\\{closure}(Object(Illuminate\\Http\\Request))
#14 D:\\كورس لارافيل\\contacts\\vendor\\laravel\\framework\\src\\Illuminate\\Pipeline\\Pipeline.php(180): Illuminate\\Routing\\Middleware\\SubstituteBindings->handle(Object(Illuminate\\Http\\Request), Object(Closure))
#15 D:\\كورس لارافيل\\contacts\\vendor\\laravel\\framework\\src\\Illuminate\\Foundation\\Http\\Middleware\\VerifyCsrfToken.php(78): Illuminate\\Pipeline\\Pipeline->Illuminate\\Pipeline\\{closure}(Object(Illuminate\\Http\\Request))
#16 D:\\كورس لارافيل\\contacts\\vendor\\laravel\\framework\\src\\Illuminate\\Pipeline\\Pipeline.php(180): Illuminate\\Foundation\\Http\\Middleware\\VerifyCsrfToken->handle(Object(Illuminate\\Http\\Request), Object(Closure))
#17 D:\\كورس لارافيل\\contacts\\vendor\\laravel\\framework\\src\\Illuminate\\View\\Middleware\\ShareErrorsFromSession.php(49): Illuminate\\Pipeline\\Pipeline->Illuminate\\Pipeline\\{closure}(Object(Illuminate\\Http\\Request))
#18 D:\\كورس لارافيل\\contacts\\vendor\\laravel\\framework\\src\\Illuminate\\Pipeline\\Pipeline.php(180): Illuminate\\View\\Middleware\\ShareErrorsFromSession->handle(Object(Illuminate\\Http\\Request), Object(Closure))
#19 D:\\كورس لارافيل\\contacts\\vendor\\laravel\\framework\\src\\Illuminate\\Session\\Middleware\\StartSession.php(121): Illuminate\\Pipeline\\Pipeline->Illuminate\\Pipeline\\{closure}(Object(Illuminate\\Http\\Request))
#20 D:\\كورس لارافيل\\contacts\\vendor\\laravel\\framework\\src\\Illuminate\\Session\\Middleware\\StartSession.php(64): Illuminate\\Session\\Middleware\\StartSession->handleStatefulRequest(Object(Illuminate\\Http\\Request), Object(Illuminate\\Session\\Store), Object(Closure))
#21 D:\\كورس لارافيل\\contacts\\vendor\\laravel\\framework\\src\\Illuminate\\Pipeline\\Pipeline.php(180): Illuminate\\Session\\Middleware\\StartSession->handle(Object(Illuminate\\Http\\Request), Object(Closure))
#22 D:\\كورس لارافيل\\contacts\\vendor\\laravel\\framework\\src\\Illuminate\\Cookie\\Middleware\\AddQueuedCookiesToResponse.php(37): Illuminate\\Pipeline\\Pipeline->Illuminate\\Pipeline\\{closure}(Object(Illuminate\\Http\\Request))
#23 D:\\كورس لارافيل\\contacts\\vendor\\laravel\\framework\\src\\Illuminate\\Pipeline\\Pipeline.php(180): Illuminate\\Cookie\\Middleware\\AddQueuedCookiesToResponse->handle(Object(Illuminate\\Http\\Request), Object(Closure))
#24 D:\\كورس لارافيل\\contacts\\vendor\\laravel\\framework\\src\\Illuminate\\Cookie\\Middleware\\EncryptCookies.php(67): Illuminate\\Pipeline\\Pipeline->Illuminate\\Pipeline\\{closure}(Object(Illuminate\\Http\\Request))
#25 D:\\كورس لارافيل\\contacts\\vendor\\laravel\\framework\\src\\Illuminate\\Pipeline\\Pipeline.php(180): Illuminate\\Cookie\\Middleware\\EncryptCookies->handle(Object(Illuminate\\Http\\Request), Object(Closure))
#26 D:\\كورس لارافيل\\contacts\\vendor\\laravel\\framework\\src\\Illuminate\\Pipeline\\Pipeline.php(116): Illuminate\\Pipeline\\Pipeline->Illuminate\\Pipeline\\{closure}(Object(Illuminate\\Http\\Request))
#27 D:\\كورس لارافيل\\contacts\\vendor\\laravel\\framework\\src\\Illuminate\\Routing\\Router.php(799): Illuminate\\Pipeline\\Pipeline->then(Object(Closure))
#28 D:\\كورس لارافيل\\contacts\\vendor\\laravel\\framework\\src\\Illuminate\\Routing\\Router.php(776): Illuminate\\Routing\\Router->runRouteWithinStack(Object(Illuminate\\Routing\\Route), Object(Illuminate\\Http\\Request))
#29 D:\\كورس لارافيل\\contacts\\vendor\\laravel\\framework\\src\\Illuminate\\Routing\\Router.php(740): Illuminate\\Routing\\Router->runRoute(Object(Illuminate\\Http\\Request), Object(Illuminate\\Routing\\Route))
#30 D:\\كورس لارافيل\\contacts\\vendor\\laravel\\framework\\src\\Illuminate\\Routing\\Router.php(729): Illuminate\\Routing\\Router->dispatchToRoute(Object(Illuminate\\Http\\Request))
#31 D:\\كورس لارافيل\\contacts\\vendor\\laravel\\framework\\src\\Illuminate\\Foundation\\Http\\Kernel.php(190): Illuminate\\Routing\\Router->dispatch(Object(Illuminate\\Http\\Request))
#32 D:\\كورس لارافيل\\contacts\\vendor\\laravel\\framework\\src\\Illuminate\\Pipeline\\Pipeline.php(141): Illuminate\\Foundation\\Http\\Kernel->Illuminate\\Foundation\\Http\\{closure}(Object(Illuminate\\Http\\Request))
#33 D:\\كورس لارافيل\\contacts\\vendor\\laravel\\framework\\src\\Illuminate\\Foundation\\Http\\Middleware\\TransformsRequest.php(21): Illuminate\\Pipeline\\Pipeline->Illuminate\\Pipeline\\{closure}(Object(Illuminate\\Http\\Request))
#34 D:\\كورس لارافيل\\contacts\\vendor\\laravel\\framework\\src\\Illuminate\\Foundation\\Http\\Middleware\\ConvertEmptyStringsToNull.php(31): Illuminate\\Foundation\\Http\\Middleware\\TransformsRequest->handle(Object(Illuminate\\Http\\Request), Object(Closure))
#35 D:\\كورس لارافيل\\contacts\\vendor\\laravel\\framework\\src\\Illuminate\\Pipeline\\Pipeline.php(180): Illuminate\\Foundation\\Http\\Middleware\\ConvertEmptyStringsToNull->handle(Object(Illuminate\\Http\\Request), Object(Closure))
#36 D:\\كورس لارافيل\\contacts\\vendor\\laravel\\framework\\src\\Illuminate\\Foundation\\Http\\Middleware\\TransformsRequest.php(21): Illuminate\\Pipeline\\Pipeline->Illuminate\\Pipeline\\{closure}(Object(Illuminate\\Http\\Request))
#37 D:\\كورس لارافيل\\contacts\\vendor\\laravel\\framework\\src\\Illuminate\\Foundation\\Http\\Middleware\\TrimStrings.php(40): Illuminate\\Foundation\\Http\\Middleware\\TransformsRequest->handle(Object(Illuminate\\Http\\Request), Object(Closure))
#38 D:\\كورس لارافيل\\contacts\\vendor\\laravel\\framework\\src\\Illuminate\\Pipeline\\Pipeline.php(180): Illuminate\\Foundation\\Http\\Middleware\\TrimStrings->handle(Object(Illuminate\\Http\\Request), Object(Closure))
#39 D:\\كورس لارافيل\\contacts\\vendor\\laravel\\framework\\src\\Illuminate\\Foundation\\Http\\Middleware\\ValidatePostSize.php(27): Illuminate\\Pipeline\\Pipeline->Illuminate\\Pipeline\\{closure}(Object(Illuminate\\Http\\Request))
#40 D:\\كورس لارافيل\\contacts\\vendor\\laravel\\framework\\src\\Illuminate\\Pipeline\\Pipeline.php(180): Illuminate\\Foundation\\Http\\Middleware\\ValidatePostSize->handle(Object(Illuminate\\Http\\Request), Object(Closure))
#41 D:\\كورس لارافيل\\contacts\\vendor\\laravel\\framework\\src\\Illuminate\\Foundation\\Http\\Middleware\\PreventRequestsDuringMaintenance.php(86): Illuminate\\Pipeline\\Pipeline->Illuminate\\Pipeline\\{closure}(Object(Illuminate\\Http\\Request))
#42 D:\\كورس لارافيل\\contacts\\vendor\\laravel\\framework\\src\\Illuminate\\Pipeline\\Pipeline.php(180): Illuminate\\Foundation\\Http\\Middleware\\PreventRequestsDuringMaintenance->handle(Object(Illuminate\\Http\\Request), Object(Closure))
#43 D:\\كورس لارافيل\\contacts\\vendor\\fruitcake\\laravel-cors\\src\\HandleCors.php(38): Illuminate\\Pipeline\\Pipeline->Illuminate\\Pipeline\\{closure}(Object(Illuminate\\Http\\Request))
#44 D:\\كورس لارافيل\\contacts\\vendor\\laravel\\framework\\src\\Illuminate\\Pipeline\\Pipeline.php(180): Fruitcake\\Cors\\HandleCors->handle(Object(Illuminate\\Http\\Request), Object(Closure))
#45 D:\\كورس لارافيل\\contacts\\vendor\\laravel\\framework\\src\\Illuminate\\Http\\Middleware\\TrustProxies.php(39): Illuminate\\Pipeline\\Pipeline->Illuminate\\Pipeline\\{closure}(Object(Illuminate\\Http\\Request))
#46 D:\\كورس لارافيل\\contacts\\vendor\\laravel\\framework\\src\\Illuminate\\Pipeline\\Pipeline.php(180): Illuminate\\Http\\Middleware\\TrustProxies->handle(Object(Illuminate\\Http\\Request), Object(Closure))
#47 D:\\كورس لارافيل\\contacts\\vendor\\laravel\\framework\\src\\Illuminate\\Pipeline\\Pipeline.php(116): Illuminate\\Pipeline\\Pipeline->Illuminate\\Pipeline\\{closure}(Object(Illuminate\\Http\\Request))
#48 D:\\كورس لارافيل\\contacts\\vendor\\laravel\\framework\\src\\Illuminate\\Foundation\\Http\\Kernel.php(165): Illuminate\\Pipeline\\Pipeline->then(Object(Closure))
#49 D:\\كورس لارافيل\\contacts\\vendor\\laravel\\framework\\src\\Illuminate\\Foundation\\Http\\Kernel.php(134): Illuminate\\Foundation\\Http\\Kernel->sendRequestThroughRouter(Object(Illuminate\\Http\\Request))
#50 D:\\كورس لارافيل\\contacts\\public\\index.php(52): Illuminate\\Foundation\\Http\\Kernel->handle(Object(Illuminate\\Http\\Request))
#51 D:\\كورس لارافيل\\contacts\\vendor\\laravel\\framework\\src\\Illuminate\\Foundation\\resources\\server.php(16): require_once('D:\\\\\\xD9\\x83\\xD9\\x88\\xD8\\xB1\\xD8\\xB3 \\xD9\\x84\\xD8...')
#52 {main}
"} 
[2026-09-16 01:00:28] local.ERROR: SQLSTATE[23000]: Integrity constraint violation: 1062 Duplicate entry 'sondesbensasi200@gmail.com' for key 'contacts_email_unique' (SQL: insert into `contacts` (`name`, `email`, `phone`, `category`) values (fofo, sondesbensasi200@gmail.com, DVJQE;BFKJBWEFKBJQEWF, general)) {"exception":"[object] (Illuminate\\Database\\QueryException(code: 23000): SQLSTATE[23000]: Integrity constraint violation: 1062 Duplicate entry 'sondesbensasi200@gmail.com' for key 'contacts_email_unique' (SQL: insert into `contacts` (`name`, `email`, `phone`, `category`) values (fofo, sondesbensasi200@gmail.com, DVJQE;BFKJBWEFKBJQEWF, general)) at D:\\كورس لارافيل\\contacts\\vendor\\laravel\\framework\\src\\Illuminate\\Database\\Connection.php:760)
[stacktrace]
#0 D:\\كورس لارافيل\\contacts\\vendor\\laravel\\framework\\src\\Illuminate\\Database\\Connection.php(720): Illuminate\\Database\\Connection->runQueryCallback('insert into `co...', Array, Object(Closure))
#1 D:\\كورس لارافيل\\contacts\\vendor\\laravel\\framework\\src\\Illuminate\\Database\\Connection.php(546): Illuminate\\Database\\Connection->run('insert into `co...', Array, Object(Closure))
#2 D:\\كورس لارافيل\\contacts\\vendor\\laravel\\framework\\src\\Illuminate\\Database\\Connection.php(498): Illuminate\\Database\\Connection->statement('insert into `co...', Array)
#3 D:\\كورس لارافيل\\contacts\\vendor\\laravel\\framework\\src\\Illuminate\\Database\\Query\\Builder.php(3274): Illuminate\\Database\\Connection->insert('insert into `co...', Array)
#4 D:\\كورس لارافيل\\contacts\\app\\Http\\Controllers\\ContactController.php(56): Illuminate\\Database\\Query\\Builder->insert(Array)
#5 D:\\كورس لارافيل\\contacts\\vendor\\laravel\\framework\\src\\Illuminate\\Routing\\Controller.php(54): App\\Http\\Controllers\\ContactController->store(Object(Illuminate\\Http\\Request))
#6 D:\\كورس لارافيل\\contacts\\vendor\\laravel\\framework\\src\\Illuminate\\Routing\\ControllerDispatcher.php(43): Illuminate\\Routing\\Controller->callAction('store', Array)
#7 D:\\كورس لارافيل\\contacts\\vendor\\laravel\\framework\\src\\Illuminate\\Routing\\Route.php(260): Illuminate\\Routing\\ControllerDispatcher->dispatch(Object(Illuminate\\Routing\\Route), Object(App\\Http\\Controllers\\ContactController), 'store')
#8 D:\\كورس لارافيل\\contacts\\vendor\\laravel\\framework\\src\\Illuminate\\Routing\\Route.php(205): Illuminate\\Routing\\Route->runController()
#9 D:\\كورس لارافيل\\contacts\\vendor\\laravel\\framework\\src\\Illuminate\\Routing\\Router.php(798): Illuminate\\Routing\\Route->run()
#10 D:\\كورس لارافيل\\contacts\\vendor\\laravel\\framework\\src\\Illuminate\\Pipeline\\Pipeline.php(141): Illuminate\\Routing\\Router->Illuminate\\Routing\\{closure}(Object(Illuminate\\Http\\Request))
#11 D:\\كورس لارافيل\\contacts\\vendor\\laravel\\framework\\src\\Illuminate\\Routing\\Middleware\\SubstituteBindings.php(50): Illuminate\\Pipeline\\Pipeline->Illuminate\\Pipeline\\{closure}(Object(Illuminate\\Http\\Request))
#12 D:\\كورس لارافيل\\contacts\\vendor\\laravel\\framework\\src\\Illuminate\\Pipeline\\Pipeline.php(180): Illuminate\\Routing\\Middleware\\SubstituteBindings->handle(Object(Illuminate\\Http\\Request), Object(Closure))
#13 D:\\كورس لارافيل\\contacts\\vendor\\laravel\\framework\\src\\Illuminate\\Foundation\\Http\\Middleware\\VerifyCsrfToken.php(78): Illuminate\\Pipeline\\Pipeline->Illuminate\\Pipeline\\{closure}(Object(Illuminate\\Http\\Request))
#14 D:\\كورس لارافيل\\contacts\\vendor\\laravel\\framework\\src\\Illuminate\\Pipeline\\Pipeline.php(180): Illuminate\\Foundation\\Http\\Middleware\\VerifyCsrfToken->handle(Object(Illuminate\\Http\\Request), Object(Closure))
#15 D:\\كورس لارافيل\\contacts\\vendor\\laravel\\framework\\src\\Illuminate\\View\\Middleware\\ShareErrorsFromSession.php(49): Illuminate\\Pipeline\\Pipeline->Illuminate\\Pipeline\\{closure}(Object(Illuminate\\Http\\Request))
#16 D:\\كورس لارافيل\\contacts\\vendor\\laravel\\framework\\src\\Illuminate\\Pipeline\\Pipeline.php(180): Illuminate\\View\\Middleware\\ShareErrorsFromSession->handle(Object(Illuminate\\Http\\Request), Object(Closure))
#17 D:\\كورس لارافيل\\contacts\\vendor\\laravel\\framework\\src\\Illuminate\\Session\\Middleware\\StartSession.php(121): Illuminate\\Pipeline\\Pipeline->Illuminate\\Pipeline\\{closure}(Object(Illuminate\\Http\\Request))
#18 D:\\كورس لارافيل\\contacts\\vendor\\laravel\\framework\\src\\Illuminate\\Session\\Middleware\\StartSession.php(64): Illuminate\\Session\\Middleware\\StartSession->handleStatefulRequest(Object(Illuminate\\Http\\Request), Object(Illuminate\\Session\\Store), Object(Closure))
#19 D:\\كورس لارافيل\\contacts\\vendor\\laravel\\framework\\src\\Illuminate\\Pipeline\\Pipeline.php(180): Illuminate\\Session\\Middleware\\StartSession->handle(Object(Illuminate\\Http\\Request), Object(Closure))
#20 D:\\كورس لارافيل\\contacts\\vendor\\laravel\\framework\\src\\Illuminate\\Cookie\\Middleware\\AddQueuedCookiesToResponse.php(37): Illuminate\\Pipeline\\Pipeline->Illuminate\\Pipeline\\{closure}(Object(Illuminate\\Http\\Request))
#21 D:\\كورس لارافيل\\contacts\\vendor\\laravel\\framework\\src\\Illuminate\\Pipeline\\Pipeline.php(180): Illuminate\\Cookie\\Middleware\\AddQueuedCookiesToResponse->handle(Object(Illuminate\\Http\\Request), Object(Closure))
#22 D:\\كورس لارافيل\\contacts\\vendor\\laravel\\framework\\src\\Illuminate\\Cookie\\Middleware\\EncryptCookies.php(67): Illuminate\\Pipeline\\Pipeline->Illuminate\\Pipeline\\{closure}(Object(Illuminate\\Http\\Request))
#23 D:\\كورس لارافيل\\contacts\\vendor\\laravel\\framework\\src\\Illuminate\\Pipeline\\Pipeline.php(180): Illuminate\\Cookie\\Middleware\\EncryptCookies->handle(Object(Illuminate\\Http\\Request), Object(Closure))
#24 D:\\كورس لارافيل\\contacts\\vendor\\laravel\\framework\\src\\Illuminate\\Pipeline\\Pipeline.php(116): Illuminate\\Pipeline\\Pipeline->Illuminate\\Pipeline\\{closure}(Object(Illuminate\\Http\\Request))
#25 D:\\كورس لارافيل\\contacts\\vendor\\laravel\\framework\\src\\Illuminate\\Routing\\Router.php(799): Illuminate\\Pipeline\\Pipeline->then(Object(Closure))
#26 D:\\كورس لارافيل\\contacts\\vendor\\laravel\\framework\\src\\Illuminate\\Routing\\Router.php(776): Illuminate\\Routing\\Router->runRouteWithinStack(Object(Illuminate\\Routing\\Route), Object(Illuminate\\Http\\Request))
#27 D:\\كورس لارافيل\\contacts\\vendor\\laravel\\framework\\src\\Illuminate\\Routing\\Router.php(740): Illuminate\\Routing\\Router->runRoute(Object(Illuminate\\Http\\Request), Object(Illuminate\\Routing\\Route))
#28 D:\\كورس لارافيل\\contacts\\vendor\\laravel\\framework\\src\\Illuminate\\Routing\\Router.php(729): Illuminate\\Routing\\Router->dispatchToRoute(Object(Illuminate\\Http\\Request))
#29 D:\\كورس لارافيل\\contacts\\vendor\\laravel\\framework\\src\\Illuminate\\Foundation\\Http\\Kernel.php(190): Illuminate\\Routing\\Router->dispatch(Object(Illuminate\\Http\\Request))
#30 D:\\كورس لارافيل\\contacts\\vendor\\laravel\\framework\\src\\Illuminate\\Pipeline\\Pipeline.php(141): Illuminate\\Foundation\\Http\\Kernel->Illuminate\\Foundation\\Http\\{closure}(Object(Illuminate\\Http\\Request))
#31 D:\\كورس لارافيل\\contacts\\vendor\\laravel\\framework\\src\\Illuminate\\Foundation\\Http\\Middleware\\TransformsRequest.php(21): Illuminate\\Pipeline\\Pipeline->Illuminate\\Pipeline\\{closure}(Object(Illuminate\\Http\\Request))
#32 D:\\كورس لارافيل\\contacts\\vendor\\laravel\\framework\\src\\Illuminate\\Foundation\\Http\\Middleware\\ConvertEmptyStringsToNull.php(31): Illuminate\\Foundation\\Http\\Middleware\\TransformsRequest->handle(Object(Illuminate\\Http\\Request), Object(Closure))
#33 D:\\كورس لارافيل\\contacts\\vendor\\laravel\\framework\\src\\Illuminate\\Pipeline\\Pipeline.php(180): Illuminate\\Foundation\\Http\\Middleware\\ConvertEmptyStringsToNull->handle(Object(Illuminate\\Http\\Request), Object(Closure))
#34 D:\\كورس لارافيل\\contacts\\vendor\\laravel\\framework\\src\\Illuminate\\Foundation\\Http\\Middleware\\TransformsRequest.php(21): Illuminate\\Pipeline\\Pipeline->Illuminate\\Pipeline\\{closure}(Object(Illuminate\\Http\\Request))
#35 D:\\كورس لارافيل\\contacts\\vendor\\laravel\\framework\\src\\Illuminate\\Foundation\\Http\\Middleware\\TrimStrings.php(40): Illuminate\\Foundation\\Http\\Middleware\\TransformsRequest->handle(Object(Illuminate\\Http\\Request), Object(Closure))
#36 D:\\كورس لارافيل\\contacts\\vendor\\laravel\\framework\\src\\Illuminate\\Pipeline\\Pipeline.php(180): Illuminate\\Foundation\\Http\\Middleware\\TrimStrings->handle(Object(Illuminate\\Http\\Request), Object(Closure))
#37 D:\\كورس لارافيل\\contacts\\vendor\\laravel\\framework\\src\\Illuminate\\Foundation\\Http\\Middleware\\ValidatePostSize.php(27): Illuminate\\Pipeline\\Pipeline->Illuminate\\Pipeline\\{closure}(Object(Illuminate\\Http\\Request))
#38 D:\\كورس لارافيل\\contacts\\vendor\\laravel\\framework\\src\\Illuminate\\Pipeline\\Pipeline.php(180): Illuminate\\Foundation\\Http\\Middleware\\ValidatePostSize->handle(Object(Illuminate\\Http\\Request), Object(Closure))
#39 D:\\كورس لارافيل\\contacts\\vendor\\laravel\\framework\\src\\Illuminate\\Foundation\\Http\\Middleware\\PreventRequestsDuringMaintenance.php(86): Illuminate\\Pipeline\\Pipeline->Illuminate\\Pipeline\\{closure}(Object(Illuminate\\Http\\Request))
#40 D:\\كورس لارافيل\\contacts\\vendor\\laravel\\framework\\src\\Illuminate\\Pipeline\\Pipeline.php(180): Illuminate\\Foundation\\Http\\Middleware\\PreventRequestsDuringMaintenance->handle(Object(Illuminate\\Http\\Request), Object(Closure))
#41 D:\\كورس لارافيل\\contacts\\vendor\\fruitcake\\laravel-cors\\src\\HandleCors.php(38): Illuminate\\Pipeline\\Pipeline->Illuminate\\Pipeline\\{closure}(Object(Illuminate\\Http\\Request))
#42 D:\\كورس لارافيل\\contacts\\vendor\\laravel\\framework\\src\\Illuminate\\Pipeline\\Pipeline.php(180): Fruitcake\\Cors\\HandleCors->handle(Object(Illuminate\\Http\\Request), Object(Closure))
#43 D:\\كورس لارافيل\\contacts\\vendor\\laravel\\framework\\src\\Illuminate\\Http\\Middleware\\TrustProxies.php(39): Illuminate\\Pipeline\\Pipeline->Illuminate\\Pipeline\\{closure}(Object(Illuminate\\Http\\Request))
#44 D:\\كورس لارافيل\\contacts\\vendor\\laravel\\framework\\src\\Illuminate\\Pipeline\\Pipeline.php(180): Illuminate\\Http\\Middleware\\TrustProxies->handle(Object(Illuminate\\Http\\Request), Object(Closure))
#45 D:\\كورس لارافيل\\contacts\\vendor\\laravel\\framework\\src\\Illuminate\\Pipeline\\Pipeline.php(116): Illuminate\\Pipeline\\Pipeline->Illuminate\\Pipeline\\{closure}(Object(Illuminate\\Http\\Request))
#46 D:\\كورس لارافيل\\contacts\\vendor\\laravel\\framework\\src\\Illuminate\\Foundation\\Http\\Kernel.php(165): Illuminate\\Pipeline\\Pipeline->then(Object(Closure))
#47 D:\\كورس لارافيل\\contacts\\vendor\\laravel\\framework\\src\\Illuminate\\Foundation\\Http\\Kernel.php(134): Illuminate\\Foundation\\Http\\Kernel->sendRequestThroughRouter(Object(Illuminate\\Http\\Request))
#48 D:\\كورس لارافيل\\contacts\\public\\index.php(52): Illuminate\\Foundation\\Http\\Kernel->handle(Object(Illuminate\\Http\\Request))
#49 D:\\كورس لارافيل\\contacts\\vendor\\laravel\\framework\\src\\Illuminate\\Foundation\\resources\\server.php(16): require_once('D:\\\\\\xD9\\x83\\xD9\\x88\\xD8\\xB1\\xD8\\xB3 \\xD9\\x84\\xD8...')
#50 {main}

[previous exception] [object] (PDOException(code: 23000): SQLSTATE[23000]: Integrity constraint violation: 1062 Duplicate entry 'sondesbensasi200@gmail.com' for key 'contacts_email_unique' at D:\\كورس لارافيل\\contacts\\vendor\\laravel\\framework\\src\\Illuminate\\Database\\Connection.php:545)
[stacktrace]
#0 D:\\كورس لارافيل\\contacts\\vendor\\laravel\\framework\\src\\Illuminate\\Database\\Connection.php(545): PDOStatement->execute()
#1 D:\\كورس لارافيل\\contacts\\vendor\\laravel\\framework\\src\\Illuminate\\Database\\Connection.php(753): Illuminate\\Database\\Connection->Illuminate\\Database\\{closure}('insert into `co...', Array)
#2 D:\\كورس لارافيل\\contacts\\vendor\\laravel\\framework\\src\\Illuminate\\Database\\Connection.php(720): Illuminate\\Database\\Connection->runQueryCallback('insert into `co...', Array, Object(Closure))
#3 D:\\كورس لارافيل\\contacts\\vendor\\laravel\\framework\\src\\Illuminate\\Database\\Connection.php(546): Illuminate\\Database\\Connection->run('insert into `co...', Array, Object(Closure))
#4 D:\\كورس لارافيل\\contacts\\vendor\\laravel\\framework\\src\\Illuminate\\Database\\Connection.php(498): Illuminate\\Database\\Connection->statement('insert into `co...', Array)
#5 D:\\كورس لارافيل\\contacts\\vendor\\laravel\\framework\\src\\Illuminate\\Database\\Query\\Builder.php(3274): Illuminate\\Database\\Connection->insert('insert into `co...', Array)
#6 D:\\كورس لارافيل\\contacts\\app\\Http\\Controllers\\ContactController.php(56): Illuminate\\Database\\Query\\Builder->insert(Array)
#7 D:\\كورس لارافيل\\contacts\\vendor\\laravel\\framework\\src\\Illuminate\\Routing\\Controller.php(54): App\\Http\\Controllers\\ContactController->store(Object(Illuminate\\Http\\Request))
#8 D:\\كورس لارافيل\\contacts\\vendor\\laravel\\framework\\src\\Illuminate\\Routing\\ControllerDispatcher.php(43): Illuminate\\Routing\\Controller->callAction('store', Array)
#9 D:\\كورس لارافيل\\contacts\\vendor\\laravel\\framework\\src\\Illuminate\\Routing\\Route.php(260): Illuminate\\Routing\\ControllerDispatcher->dispatch(Object(Illuminate\\Routing\\Route), Object(App\\Http\\Controllers\\ContactController), 'store')
#10 D:\\كورس لارافيل\\contacts\\vendor\\laravel\\framework\\src\\Illuminate\\Routing\\Route.php(205): Illuminate\\Routing\\Route->runController()
#11 D:\\كورس لارافيل\\contacts\\vendor\\laravel\\framework\\src\\Illuminate\\Routing\\Router.php(798): Illuminate\\Routing\\Route->run()
#12 D:\\كورس لارافيل\\contacts\\vendor\\laravel\\framework\\src\\Illuminate\\Pipeline\\Pipeline.php(141): Illuminate\\Routing\\Router->Illuminate\\Routing\\{closure}(Object(Illuminate\\Http\\Request))
#13 D:\\كورس لارافيل\\contacts\\vendor\\laravel\\framework\\src\\Illuminate\\Routing\\Middleware\\SubstituteBindings.php(50): Illuminate\\Pipeline\\Pipeline->Illuminate\\Pipeline\\{closure}(Object(Illuminate\\Http\\Request))
#14 D:\\كورس لارافيل\\contacts\\vendor\\laravel\\framework\\src\\Illuminate\\Pipeline\\Pipeline.php(180): Illuminate\\Routing\\Middleware\\SubstituteBindings->handle(Object(Illuminate\\Http\\Request), Object(Closure))
#15 D:\\كورس لارافيل\\contacts\\vendor\\laravel\\framework\\src\\Illuminate\\Foundation\\Http\\Middleware\\VerifyCsrfToken.php(78): Illuminate\\Pipeline\\Pipeline->Illuminate\\Pipeline\\{closure}(Object(Illuminate\\Http\\Request))
#16 D:\\كورس لارافيل\\contacts\\vendor\\laravel\\framework\\src\\Illuminate\\Pipeline\\Pipeline.php(180): Illuminate\\Foundation\\Http\\Middleware\\VerifyCsrfToken->handle(Object(Illuminate\\Http\\Request), Object(Closure))
#17 D:\\كورس لارافيل\\contacts\\vendor\\laravel\\framework\\src\\Illuminate\\View\\Middleware\\ShareErrorsFromSession.php(49): Illuminate\\Pipeline\\Pipeline->Illuminate\\Pipeline\\{closure}(Object(Illuminate\\Http\\Request))
#18 D:\\كورس لارافيل\\contacts\\vendor\\laravel\\framework\\src\\Illuminate\\Pipeline\\Pipeline.php(180): Illuminate\\View\\Middleware\\ShareErrorsFromSession->handle(Object(Illuminate\\Http\\Request), Object(Closure))
#19 D:\\كورس لارافيل\\contacts\\vendor\\laravel\\framework\\src\\Illuminate\\Session\\Middleware\\StartSession.php(121): Illuminate\\Pipeline\\Pipeline->Illuminate\\Pipeline\\{closure}(Object(Illuminate\\Http\\Request))
#20 D:\\كورس لارافيل\\contacts\\vendor\\laravel\\framework\\src\\Illuminate\\Session\\Middleware\\StartSession.php(64): Illuminate\\Session\\Middleware\\StartSession->handleStatefulRequest(Object(Illuminate\\Http\\Request), Object(Illuminate\\Session\\Store), Object(Closure))
#21 D:\\كورس لارافيل\\contacts\\vendor\\laravel\\framework\\src\\Illuminate\\Pipeline\\Pipeline.php(180): Illuminate\\Session\\Middleware\\StartSession->handle(Object(Illuminate\\Http\\Request), Object(Closure))
#22 D:\\كورس لارافيل\\contacts\\vendor\\laravel\\framework\\src\\Illuminate\\Cookie\\Middleware\\AddQueuedCookiesToResponse.php(37): Illuminate\\Pipeline\\Pipeline->Illuminate\\Pipeline\\{closure}(Object(Illuminate\\Http\\Request))
#23 D:\\كورس لارافيل\\contacts\\vendor\\laravel\\framework\\src\\Illuminate\\Pipeline\\Pipeline.php(180): Illuminate\\Cookie\\Middleware\\AddQueuedCookiesToResponse->handle(Object(Illuminate\\Http\\Request), Object(Closure))
#24 D:\\كورس لارافيل\\contacts\\vendor\\laravel\\framework\\src\\Illuminate\\Cookie\\Middleware\\EncryptCookies.php(67): Illuminate\\Pipeline\\Pipeline->Illuminate\\Pipeline\\{closure}(Object(Illuminate\\Http\\Request))
#25 D:\\كورس لارافيل\\contacts\\vendor\\laravel\\framework\\src\\Illuminate\\Pipeline\\Pipeline.php(180): Illuminate\\Cookie\\Middleware\\EncryptCookies->handle(Object(Illuminate\\Http\\Request), Object(Closure))
#26 D:\\كورس لارافيل\\contacts\\vendor\\laravel\\framework\\src\\Illuminate\\Pipeline\\Pipeline.php(116): Illuminate\\Pipeline\\Pipeline->Illuminate\\Pipeline\\{closure}(Object(Illuminate\\Http\\Request))
#27 D:\\كورس لارافيل\\contacts\\vendor\\laravel\\framework\\src\\Illuminate\\Routing\\Router.php(799): Illuminate\\Pipeline\\Pipeline->then(Object(Closure))
#28 D:\\كورس لارافيل\\contacts\\vendor\\laravel\\framework\\src\\Illuminate\\Routing\\Router.php(776): Illuminate\\Routing\\Router->runRouteWithinStack(Object(Illuminate\\Routing\\Route), Object(Illuminate\\Http\\Request))
#29 D:\\كورس لارافيل\\contacts\\vendor\\laravel\\framework\\src\\Illuminate\\Routing\\Router.php(740): Illuminate\\Routing\\Router->runRoute(Object(Illuminate\\Http\\Request), Object(Illuminate\\Routing\\Route))
#30 D:\\كورس لارافيل\\contacts\\vendor\\laravel\\framework\\src\\Illuminate\\Routing\\Router.php(729): Illuminate\\Routing\\Router->dispatchToRoute(Object(Illuminate\\Http\\Request))
#31 D:\\كورس لارافيل\\contacts\\vendor\\laravel\\framework\\src\\Illuminate\\Foundation\\Http\\Kernel.php(190): Illuminate\\Routing\\Router->dispatch(Object(Illuminate\\Http\\Request))
#32 D:\\كورس لارافيل\\contacts\\vendor\\laravel\\framework\\src\\Illuminate\\Pipeline\\Pipeline.php(141): Illuminate\\Foundation\\Http\\Kernel->Illuminate\\Foundation\\Http\\{closure}(Object(Illuminate\\Http\\Request))
#33 D:\\كورس لارافيل\\contacts\\vendor\\laravel\\framework\\src\\Illuminate\\Foundation\\Http\\Middleware\\TransformsRequest.php(21): Illuminate\\Pipeline\\Pipeline->Illuminate\\Pipeline\\{closure}(Object(Illuminate\\Http\\Request))
#34 D:\\كورس لارافيل\\contacts\\vendor\\laravel\\framework\\src\\Illuminate\\Foundation\\Http\\Middleware\\ConvertEmptyStringsToNull.php(31): Illuminate\\Foundation\\Http\\Middleware\\TransformsRequest->handle(Object(Illuminate\\Http\\Request), Object(Closure))
#35 D:\\كورس لارافيل\\contacts\\vendor\\laravel\\framework\\src\\Illuminate\\Pipeline\\Pipeline.php(180): Illuminate\\Foundation\\Http\\Middleware\\ConvertEmptyStringsToNull->handle(Object(Illuminate\\Http\\Request), Object(Closure))
#36 D:\\كورس لارافيل\\contacts\\vendor\\laravel\\framework\\src\\Illuminate\\Foundation\\Http\\Middleware\\TransformsRequest.php(21): Illuminate\\Pipeline\\Pipeline->Illuminate\\Pipeline\\{closure}(Object(Illuminate\\Http\\Request))
#37 D:\\كورس لارافيل\\contacts\\vendor\\laravel\\framework\\src\\Illuminate\\Foundation\\Http\\Middleware\\TrimStrings.php(40): Illuminate\\Foundation\\Http\\Middleware\\TransformsRequest->handle(Object(Illuminate\\Http\\Request), Object(Closure))
#38 D:\\كورس لارافيل\\contacts\\vendor\\laravel\\framework\\src\\Illuminate\\Pipeline\\Pipeline.php(180): Illuminate\\Foundation\\Http\\Middleware\\TrimStrings->handle(Object(Illuminate\\Http\\Request), Object(Closure))
#39 D:\\كورس لارافيل\\contacts\\vendor\\laravel\\framework\\src\\Illuminate\\Foundation\\Http\\Middleware\\ValidatePostSize.php(27): Illuminate\\Pipeline\\Pipeline->Illuminate\\Pipeline\\{closure}(Object(Illuminate\\Http\\Request))
#40 D:\\كورس لارافيل\\contacts\\vendor\\laravel\\framework\\src\\Illuminate\\Pipeline\\Pipeline.php(180): Illuminate\\Foundation\\Http\\Middleware\\ValidatePostSize->handle(Object(Illuminate\\Http\\Request), Object(Closure))
#41 D:\\كورس لارافيل\\contacts\\vendor\\laravel\\framework\\src\\Illuminate\\Foundation\\Http\\Middleware\\PreventRequestsDuringMaintenance.php(86): Illuminate\\Pipeline\\Pipeline->Illuminate\\Pipeline\\{closure}(Object(Illuminate\\Http\\Request))
#42 D:\\كورس لارافيل\\contacts\\vendor\\laravel\\framework\\src\\Illuminate\\Pipeline\\Pipeline.php(180): Illuminate\\Foundation\\Http\\Middleware\\PreventRequestsDuringMaintenance->handle(Object(Illuminate\\Http\\Request), Object(Closure))
#43 D:\\كورس لارافيل\\contacts\\vendor\\fruitcake\\laravel-cors\\src\\HandleCors.php(38): Illuminate\\Pipeline\\Pipeline->Illuminate\\Pipeline\\{closure}(Object(Illuminate\\Http\\Request))
#44 D:\\كورس لارافيل\\contacts\\vendor\\laravel\\framework\\src\\Illuminate\\Pipeline\\Pipeline.php(180): Fruitcake\\Cors\\HandleCors->handle(Object(Illuminate\\Http\\Request), Object(Closure))
#45 D:\\كورس لارافيل\\contacts\\vendor\\laravel\\framework\\src\\Illuminate\\Http\\Middleware\\TrustProxies.php(39): Illuminate\\Pipeline\\Pipeline->Illuminate\\Pipeline\\{closure}(Object(Illuminate\\Http\\Request))
#46 D:\\كورس لارافيل\\contacts\\vendor\\laravel\\framework\\src\\Illuminate\\Pipeline\\Pipeline.php(180): Illuminate\\Http\\Middleware\\TrustProxies->handle(Object(Illuminate\\Http\\Request), Object(Closure))
#47 D:\\كورس لارافيل\\contacts\\vendor\\laravel\\framework\\src\\Illuminate\\Pipeline\\Pipeline.php(116): Illuminate\\Pipeline\\Pipeline->Illuminate\\Pipeline\\{closure}(Object(Illuminate\\Http\\Request))
#48 D:\\كورس لارافيل\\contacts\\vendor\\laravel\\framework\\src\\Illuminate\\Foundation\\Http\\Kernel.php(165): Illuminate\\Pipeline\\Pipeline->then(Object(Closure))
#49 D:\\كورس لارافيل\\contacts\\vendor\\laravel\\framework\\src\\Illuminate\\Foundation\\Http\\Kernel.php(134): Illuminate\\Foundation\\Http\\Kernel->sendRequestThroughRouter(Object(Illuminate\\Http\\Request))
#50 D:\\كورس لارافيل\\contacts\\public\\index.php(52): Illuminate\\Foundation\\Http\\Kernel->handle(Object(Illuminate\\Http\\Request))
#51 D:\\كورس لارافيل\\contacts\\vendor\\laravel\\framework\\src\\Illuminate\\Foundation\\resources\\server.php(16): require_once('D:\\\\\\xD9\\x83\\xD9\\x88\\xD8\\xB1\\xD8\\xB3 \\xD9\\x84\\xD8...')
#52 {main}
"} 
[2026-09-16 01:03:35] local.ERROR: SQLSTATE[23000]: Integrity constraint violation: 1062 Duplicate entry 'sondesbensasi200@gmail.com' for key 'contacts_email_unique' (SQL: insert into `contacts` (`name`, `email`, `phone`, `category`) values (fofo, sondesbensasi200@gmail.com, DVJQE;BFKJBWEFKBJQEWF, general)) {"exception":"[object] (Illuminate\\Database\\QueryException(code: 23000): SQLSTATE[23000]: Integrity constraint violation: 1062 Duplicate entry 'sondesbensasi200@gmail.com' for key 'contacts_email_unique' (SQL: insert into `contacts` (`name`, `email`, `phone`, `category`) values (fofo, sondesbensasi200@gmail.com, DVJQE;BFKJBWEFKBJQEWF, general)) at D:\\كورس لارافيل\\contacts\\vendor\\laravel\\framework\\src\\Illuminate\\Database\\Connection.php:760)
[stacktrace]
#0 D:\\كورس لارافيل\\contacts\\vendor\\laravel\\framework\\src\\Illuminate\\Database\\Connection.php(720): Illuminate\\Database\\Connection->runQueryCallback('insert into `co...', Array, Object(Closure))
#1 D:\\كورس لارافيل\\contacts\\vendor\\laravel\\framework\\src\\Illuminate\\Database\\Connection.php(546): Illuminate\\Database\\Connection->run('insert into `co...', Array, Object(Closure))
#2 D:\\كورس لارافيل\\contacts\\vendor\\laravel\\framework\\src\\Illuminate\\Database\\Connection.php(498): Illuminate\\Database\\Connection->statement('insert into `co...', Array)
#3 D:\\كورس لارافيل\\contacts\\vendor\\laravel\\framework\\src\\Illuminate\\Database\\Query\\Builder.php(3274): Illuminate\\Database\\Connection->insert('insert into `co...', Array)
#4 D:\\كورس لارافيل\\contacts\\app\\Http\\Controllers\\ContactController.php(56): Illuminate\\Database\\Query\\Builder->insert(Array)
#5 D:\\كورس لارافيل\\contacts\\vendor\\laravel\\framework\\src\\Illuminate\\Routing\\Controller.php(54): App\\Http\\Controllers\\ContactController->store(Object(Illuminate\\Http\\Request))
#6 D:\\كورس لارافيل\\contacts\\vendor\\laravel\\framework\\src\\Illuminate\\Routing\\ControllerDispatcher.php(43): Illuminate\\Routing\\Controller->callAction('store', Array)
#7 D:\\كورس لارافيل\\contacts\\vendor\\laravel\\framework\\src\\Illuminate\\Routing\\Route.php(260): Illuminate\\Routing\\ControllerDispatcher->dispatch(Object(Illuminate\\Routing\\Route), Object(App\\Http\\Controllers\\ContactController), 'store')
#8 D:\\كورس لارافيل\\contacts\\vendor\\laravel\\framework\\src\\Illuminate\\Routing\\Route.php(205): Illuminate\\Routing\\Route->runController()
#9 D:\\كورس لارافيل\\contacts\\vendor\\laravel\\framework\\src\\Illuminate\\Routing\\Router.php(798): Illuminate\\Routing\\Route->run()
#10 D:\\كورس لارافيل\\contacts\\vendor\\laravel\\framework\\src\\Illuminate\\Pipeline\\Pipeline.php(141): Illuminate\\Routing\\Router->Illuminate\\Routing\\{closure}(Object(Illuminate\\Http\\Request))
#11 D:\\كورس لارافيل\\contacts\\vendor\\laravel\\framework\\src\\Illuminate\\Routing\\Middleware\\SubstituteBindings.php(50): Illuminate\\Pipeline\\Pipeline->Illuminate\\Pipeline\\{closure}(Object(Illuminate\\Http\\Request))
#12 D:\\كورس لارافيل\\contacts\\vendor\\laravel\\framework\\src\\Illuminate\\Pipeline\\Pipeline.php(180): Illuminate\\Routing\\Middleware\\SubstituteBindings->handle(Object(Illuminate\\Http\\Request), Object(Closure))
#13 D:\\كورس لارافيل\\contacts\\vendor\\laravel\\framework\\src\\Illuminate\\Foundation\\Http\\Middleware\\VerifyCsrfToken.php(78): Illuminate\\Pipeline\\Pipeline->Illuminate\\Pipeline\\{closure}(Object(Illuminate\\Http\\Request))
#14 D:\\كورس لارافيل\\contacts\\vendor\\laravel\\framework\\src\\Illuminate\\Pipeline\\Pipeline.php(180): Illuminate\\Foundation\\Http\\Middleware\\VerifyCsrfToken->handle(Object(Illuminate\\Http\\Request), Object(Closure))
#15 D:\\كورس لارافيل\\contacts\\vendor\\laravel\\framework\\src\\Illuminate\\View\\Middleware\\ShareErrorsFromSession.php(49): Illuminate\\Pipeline\\Pipeline->Illuminate\\Pipeline\\{closure}(Object(Illuminate\\Http\\Request))
#16 D:\\كورس لارافيل\\contacts\\vendor\\laravel\\framework\\src\\Illuminate\\Pipeline\\Pipeline.php(180): Illuminate\\View\\Middleware\\ShareErrorsFromSession->handle(Object(Illuminate\\Http\\Request), Object(Closure))
#17 D:\\كورس لارافيل\\contacts\\vendor\\laravel\\framework\\src\\Illuminate\\Session\\Middleware\\StartSession.php(121): Illuminate\\Pipeline\\Pipeline->Illuminate\\Pipeline\\{closure}(Object(Illuminate\\Http\\Request))
#18 D:\\كورس لارافيل\\contacts\\vendor\\laravel\\framework\\src\\Illuminate\\Session\\Middleware\\StartSession.php(64): Illuminate\\Session\\Middleware\\StartSession->handleStatefulRequest(Object(Illuminate\\Http\\Request), Object(Illuminate\\Session\\Store), Object(Closure))
#19 D:\\كورس لارافيل\\contacts\\vendor\\laravel\\framework\\src\\Illuminate\\Pipeline\\Pipeline.php(180): Illuminate\\Session\\Middleware\\StartSession->handle(Object(Illuminate\\Http\\Request), Object(Closure))
#20 D:\\كورس لارافيل\\contacts\\vendor\\laravel\\framework\\src\\Illuminate\\Cookie\\Middleware\\AddQueuedCookiesToResponse.php(37): Illuminate\\Pipeline\\Pipeline->Illuminate\\Pipeline\\{closure}(Object(Illuminate\\Http\\Request))
#21 D:\\كورس لارافيل\\contacts\\vendor\\laravel\\framework\\src\\Illuminate\\Pipeline\\Pipeline.php(180): Illuminate\\Cookie\\Middleware\\AddQueuedCookiesToResponse->handle(Object(Illuminate\\Http\\Request), Object(Closure))
#22 D:\\كورس لارافيل\\contacts\\vendor\\laravel\\framework\\src\\Illuminate\\Cookie\\Middleware\\EncryptCookies.php(67): Illuminate\\Pipeline\\Pipeline->Illuminate\\Pipeline\\{closure}(Object(Illuminate\\Http\\Request))
#23 D:\\كورس لارافيل\\contacts\\vendor\\laravel\\framework\\src\\Illuminate\\Pipeline\\Pipeline.php(180): Illuminate\\Cookie\\Middleware\\EncryptCookies->handle(Object(Illuminate\\Http\\Request), Object(Closure))
#24 D:\\كورس لارافيل\\contacts\\vendor\\laravel\\framework\\src\\Illuminate\\Pipeline\\Pipeline.php(116): Illuminate\\Pipeline\\Pipeline->Illuminate\\Pipeline\\{closure}(Object(Illuminate\\Http\\Request))
#25 D:\\كورس لارافيل\\contacts\\vendor\\laravel\\framework\\src\\Illuminate\\Routing\\Router.php(799): Illuminate\\Pipeline\\Pipeline->then(Object(Closure))
#26 D:\\كورس لارافيل\\contacts\\vendor\\laravel\\framework\\src\\Illuminate\\Routing\\Router.php(776): Illuminate\\Routing\\Router->runRouteWithinStack(Object(Illuminate\\Routing\\Route), Object(Illuminate\\Http\\Request))
#27 D:\\كورس لارافيل\\contacts\\vendor\\laravel\\framework\\src\\Illuminate\\Routing\\Router.php(740): Illuminate\\Routing\\Router->runRoute(Object(Illuminate\\Http\\Request), Object(Illuminate\\Routing\\Route))
#28 D:\\كورس لارافيل\\contacts\\vendor\\laravel\\framework\\src\\Illuminate\\Routing\\Router.php(729): Illuminate\\Routing\\Router->dispatchToRoute(Object(Illuminate\\Http\\Request))
#29 D:\\كورس لارافيل\\contacts\\vendor\\laravel\\framework\\src\\Illuminate\\Foundation\\Http\\Kernel.php(190): Illuminate\\Routing\\Router->dispatch(Object(Illuminate\\Http\\Request))
#30 D:\\كورس لارافيل\\contacts\\vendor\\laravel\\framework\\src\\Illuminate\\Pipeline\\Pipeline.php(141): Illuminate\\Foundation\\Http\\Kernel->Illuminate\\Foundation\\Http\\{closure}(Object(Illuminate\\Http\\Request))
#31 D:\\كورس لارافيل\\contacts\\vendor\\laravel\\framework\\src\\Illuminate\\Foundation\\Http\\Middleware\\TransformsRequest.php(21): Illuminate\\Pipeline\\Pipeline->Illuminate\\Pipeline\\{closure}(Object(Illuminate\\Http\\Request))
#32 D:\\كورس لارافيل\\contacts\\vendor\\laravel\\framework\\src\\Illuminate\\Foundation\\Http\\Middleware\\ConvertEmptyStringsToNull.php(31): Illuminate\\Foundation\\Http\\Middleware\\TransformsRequest->handle(Object(Illuminate\\Http\\Request), Object(Closure))
#33 D:\\كورس لارافيل\\contacts\\vendor\\laravel\\framework\\src\\Illuminate\\Pipeline\\Pipeline.php(180): Illuminate\\Foundation\\Http\\Middleware\\ConvertEmptyStringsToNull->handle(Object(Illuminate\\Http\\Request), Object(Closure))
#34 D:\\كورس لارافيل\\contacts\\vendor\\laravel\\framework\\src\\Illuminate\\Foundation\\Http\\Middleware\\TransformsRequest.php(21): Illuminate\\Pipeline\\Pipeline->Illuminate\\Pipeline\\{closure}(Object(Illuminate\\Http\\Request))
#35 D:\\كورس لارافيل\\contacts\\vendor\\laravel\\framework\\src\\Illuminate\\Foundation\\Http\\Middleware\\TrimStrings.php(40): Illuminate\\Foundation\\Http\\Middleware\\TransformsRequest->handle(Object(Illuminate\\Http\\Request), Object(Closure))
#36 D:\\كورس لارافيل\\contacts\\vendor\\laravel\\framework\\src\\Illuminate\\Pipeline\\Pipeline.php(180): Illuminate\\Foundation\\Http\\Middleware\\TrimStrings->handle(Object(Illuminate\\Http\\Request), Object(Closure))
#37 D:\\كورس لارافيل\\contacts\\vendor\\laravel\\framework\\src\\Illuminate\\Foundation\\Http\\Middleware\\ValidatePostSize.php(27): Illuminate\\Pipeline\\Pipeline->Illuminate\\Pipeline\\{closure}(Object(Illuminate\\Http\\Request))
#38 D:\\كورس لارافيل\\contacts\\vendor\\laravel\\framework\\src\\Illuminate\\Pipeline\\Pipeline.php(180): Illuminate\\Foundation\\Http\\Middleware\\ValidatePostSize->handle(Object(Illuminate\\Http\\Request), Object(Closure))
#39 D:\\كورس لارافيل\\contacts\\vendor\\laravel\\framework\\src\\Illuminate\\Foundation\\Http\\Middleware\\PreventRequestsDuringMaintenance.php(86): Illuminate\\Pipeline\\Pipeline->Illuminate\\Pipeline\\{closure}(Object(Illuminate\\Http\\Request))
#40 D:\\كورس لارافيل\\contacts\\vendor\\laravel\\framework\\src\\Illuminate\\Pipeline\\Pipeline.php(180): Illuminate\\Foundation\\Http\\Middleware\\PreventRequestsDuringMaintenance->handle(Object(Illuminate\\Http\\Request), Object(Closure))
#41 D:\\كورس لارافيل\\contacts\\vendor\\fruitcake\\laravel-cors\\src\\HandleCors.php(38): Illuminate\\Pipeline\\Pipeline->Illuminate\\Pipeline\\{closure}(Object(Illuminate\\Http\\Request))
#42 D:\\كورس لارافيل\\contacts\\vendor\\laravel\\framework\\src\\Illuminate\\Pipeline\\Pipeline.php(180): Fruitcake\\Cors\\HandleCors->handle(Object(Illuminate\\Http\\Request), Object(Closure))
#43 D:\\كورس لارافيل\\contacts\\vendor\\laravel\\framework\\src\\Illuminate\\Http\\Middleware\\TrustProxies.php(39): Illuminate\\Pipeline\\Pipeline->Illuminate\\Pipeline\\{closure}(Object(Illuminate\\Http\\Request))
#44 D:\\كورس لارافيل\\contacts\\vendor\\laravel\\framework\\src\\Illuminate\\Pipeline\\Pipeline.php(180): Illuminate\\Http\\Middleware\\TrustProxies->handle(Object(Illuminate\\Http\\Request), Object(Closure))
#45 D:\\كورس لارافيل\\contacts\\vendor\\laravel\\framework\\src\\Illuminate\\Pipeline\\Pipeline.php(116): Illuminate\\Pipeline\\Pipeline->Illuminate\\Pipeline\\{closure}(Object(Illuminate\\Http\\Request))
#46 D:\\كورس لارافيل\\contacts\\vendor\\laravel\\framework\\src\\Illuminate\\Foundation\\Http\\Kernel.php(165): Illuminate\\Pipeline\\Pipeline->then(Object(Closure))
#47 D:\\كورس لارافيل\\contacts\\vendor\\laravel\\framework\\src\\Illuminate\\Foundation\\Http\\Kernel.php(134): Illuminate\\Foundation\\Http\\Kernel->sendRequestThroughRouter(Object(Illuminate\\Http\\Request))
#48 D:\\كورس لارافيل\\contacts\\public\\index.php(52): Illuminate\\Foundation\\Http\\Kernel->handle(Object(Illuminate\\Http\\Request))
#49 D:\\كورس لارافيل\\contacts\\vendor\\laravel\\framework\\src\\Illuminate\\Foundation\\resources\\server.php(16): require_once('D:\\\\\\xD9\\x83\\xD9\\x88\\xD8\\xB1\\xD8\\xB3 \\xD9\\x84\\xD8...')
#50 {main}

[previous exception] [object] (PDOException(code: 23000): SQLSTATE[23000]: Integrity constraint violation: 1062 Duplicate entry 'sondesbensasi200@gmail.com' for key 'contacts_email_unique' at D:\\كورس لارافيل\\contacts\\vendor\\laravel\\framework\\src\\Illuminate\\Database\\Connection.php:545)
[stacktrace]
#0 D:\\كورس لارافيل\\contacts\\vendor\\laravel\\framework\\src\\Illuminate\\Database\\Connection.php(545): PDOStatement->execute()
#1 D:\\كورس لارافيل\\contacts\\vendor\\laravel\\framework\\src\\Illuminate\\Database\\Connection.php(753): Illuminate\\Database\\Connection->Illuminate\\Database\\{closure}('insert into `co...', Array)
#2 D:\\كورس لارافيل\\contacts\\vendor\\laravel\\framework\\src\\Illuminate\\Database\\Connection.php(720): Illuminate\\Database\\Connection->runQueryCallback('insert into `co...', Array, Object(Closure))
#3 D:\\كورس لارافيل\\contacts\\vendor\\laravel\\framework\\src\\Illuminate\\Database\\Connection.php(546): Illuminate\\Database\\Connection->run('insert into `co...', Array, Object(Closure))
#4 D:\\كورس لارافيل\\contacts\\vendor\\laravel\\framework\\src\\Illuminate\\Database\\Connection.php(498): Illuminate\\Database\\Connection->statement('insert into `co...', Array)
#5 D:\\كورس لارافيل\\contacts\\vendor\\laravel\\framework\\src\\Illuminate\\Database\\Query\\Builder.php(3274): Illuminate\\Database\\Connection->insert('insert into `co...', Array)
#6 D:\\كورس لارافيل\\contacts\\app\\Http\\Controllers\\ContactController.php(56): Illuminate\\Database\\Query\\Builder->insert(Array)
#7 D:\\كورس لارافيل\\contacts\\vendor\\laravel\\framework\\src\\Illuminate\\Routing\\Controller.php(54): App\\Http\\Controllers\\ContactController->store(Object(Illuminate\\Http\\Request))
#8 D:\\كورس لارافيل\\contacts\\vendor\\laravel\\framework\\src\\Illuminate\\Routing\\ControllerDispatcher.php(43): Illuminate\\Routing\\Controller->callAction('store', Array)
#9 D:\\كورس لارافيل\\contacts\\vendor\\laravel\\framework\\src\\Illuminate\\Routing\\Route.php(260): Illuminate\\Routing\\ControllerDispatcher->dispatch(Object(Illuminate\\Routing\\Route), Object(App\\Http\\Controllers\\ContactController), 'store')
#10 D:\\كورس لارافيل\\contacts\\vendor\\laravel\\framework\\src\\Illuminate\\Routing\\Route.php(205): Illuminate\\Routing\\Route->runController()
#11 D:\\كورس لارافيل\\contacts\\vendor\\laravel\\framework\\src\\Illuminate\\Routing\\Router.php(798): Illuminate\\Routing\\Route->run()
#12 D:\\كورس لارافيل\\contacts\\vendor\\laravel\\framework\\src\\Illuminate\\Pipeline\\Pipeline.php(141): Illuminate\\Routing\\Router->Illuminate\\Routing\\{closure}(Object(Illuminate\\Http\\Request))
#13 D:\\كورس لارافيل\\contacts\\vendor\\laravel\\framework\\src\\Illuminate\\Routing\\Middleware\\SubstituteBindings.php(50): Illuminate\\Pipeline\\Pipeline->Illuminate\\Pipeline\\{closure}(Object(Illuminate\\Http\\Request))
#14 D:\\كورس لارافيل\\contacts\\vendor\\laravel\\framework\\src\\Illuminate\\Pipeline\\Pipeline.php(180): Illuminate\\Routing\\Middleware\\SubstituteBindings->handle(Object(Illuminate\\Http\\Request), Object(Closure))
#15 D:\\كورس لارافيل\\contacts\\vendor\\laravel\\framework\\src\\Illuminate\\Foundation\\Http\\Middleware\\VerifyCsrfToken.php(78): Illuminate\\Pipeline\\Pipeline->Illuminate\\Pipeline\\{closure}(Object(Illuminate\\Http\\Request))
#16 D:\\كورس لارافيل\\contacts\\vendor\\laravel\\framework\\src\\Illuminate\\Pipeline\\Pipeline.php(180): Illuminate\\Foundation\\Http\\Middleware\\VerifyCsrfToken->handle(Object(Illuminate\\Http\\Request), Object(Closure))
#17 D:\\كورس لارافيل\\contacts\\vendor\\laravel\\framework\\src\\Illuminate\\View\\Middleware\\ShareErrorsFromSession.php(49): Illuminate\\Pipeline\\Pipeline->Illuminate\\Pipeline\\{closure}(Object(Illuminate\\Http\\Request))
#18 D:\\كورس لارافيل\\contacts\\vendor\\laravel\\framework\\src\\Illuminate\\Pipeline\\Pipeline.php(180): Illuminate\\View\\Middleware\\ShareErrorsFromSession->handle(Object(Illuminate\\Http\\Request), Object(Closure))
#19 D:\\كورس لارافيل\\contacts\\vendor\\laravel\\framework\\src\\Illuminate\\Session\\Middleware\\StartSession.php(121): Illuminate\\Pipeline\\Pipeline->Illuminate\\Pipeline\\{closure}(Object(Illuminate\\Http\\Request))
#20 D:\\كورس لارافيل\\contacts\\vendor\\laravel\\framework\\src\\Illuminate\\Session\\Middleware\\StartSession.php(64): Illuminate\\Session\\Middleware\\StartSession->handleStatefulRequest(Object(Illuminate\\Http\\Request), Object(Illuminate\\Session\\Store), Object(Closure))
#21 D:\\كورس لارافيل\\contacts\\vendor\\laravel\\framework\\src\\Illuminate\\Pipeline\\Pipeline.php(180): Illuminate\\Session\\Middleware\\StartSession->handle(Object(Illuminate\\Http\\Request), Object(Closure))
#22 D:\\كورس لارافيل\\contacts\\vendor\\laravel\\framework\\src\\Illuminate\\Cookie\\Middleware\\AddQueuedCookiesToResponse.php(37): Illuminate\\Pipeline\\Pipeline->Illuminate\\Pipeline\\{closure}(Object(Illuminate\\Http\\Request))
#23 D:\\كورس لارافيل\\contacts\\vendor\\laravel\\framework\\src\\Illuminate\\Pipeline\\Pipeline.php(180): Illuminate\\Cookie\\Middleware\\AddQueuedCookiesToResponse->handle(Object(Illuminate\\Http\\Request), Object(Closure))
#24 D:\\كورس لارافيل\\contacts\\vendor\\laravel\\framework\\src\\Illuminate\\Cookie\\Middleware\\EncryptCookies.php(67): Illuminate\\Pipeline\\Pipeline->Illuminate\\Pipeline\\{closure}(Object(Illuminate\\Http\\Request))
#25 D:\\كورس لارافيل\\contacts\\vendor\\laravel\\framework\\src\\Illuminate\\Pipeline\\Pipeline.php(180): Illuminate\\Cookie\\Middleware\\EncryptCookies->handle(Object(Illuminate\\Http\\Request), Object(Closure))
#26 D:\\كورس لارافيل\\contacts\\vendor\\laravel\\framework\\src\\Illuminate\\Pipeline\\Pipeline.php(116): Illuminate\\Pipeline\\Pipeline->Illuminate\\Pipeline\\{closure}(Object(Illuminate\\Http\\Request))
#27 D:\\كورس لارافيل\\contacts\\vendor\\laravel\\framework\\src\\Illuminate\\Routing\\Router.php(799): Illuminate\\Pipeline\\Pipeline->then(Object(Closure))
#28 D:\\كورس لارافيل\\contacts\\vendor\\laravel\\framework\\src\\Illuminate\\Routing\\Router.php(776): Illuminate\\Routing\\Router->runRouteWithinStack(Object(Illuminate\\Routing\\Route), Object(Illuminate\\Http\\Request))
#29 D:\\كورس لارافيل\\contacts\\vendor\\laravel\\framework\\src\\Illuminate\\Routing\\Router.php(740): Illuminate\\Routing\\Router->runRoute(Object(Illuminate\\Http\\Request), Object(Illuminate\\Routing\\Route))
#30 D:\\كورس لارافيل\\contacts\\vendor\\laravel\\framework\\src\\Illuminate\\Routing\\Router.php(729): Illuminate\\Routing\\Router->dispatchToRoute(Object(Illuminate\\Http\\Request))
#31 D:\\كورس لارافيل\\contacts\\vendor\\laravel\\framework\\src\\Illuminate\\Foundation\\Http\\Kernel.php(190): Illuminate\\Routing\\Router->dispatch(Object(Illuminate\\Http\\Request))
#32 D:\\كورس لارافيل\\contacts\\vendor\\laravel\\framework\\src\\Illuminate\\Pipeline\\Pipeline.php(141): Illuminate\\Foundation\\Http\\Kernel->Illuminate\\Foundation\\Http\\{closure}(Object(Illuminate\\Http\\Request))
#33 D:\\كورس لارافيل\\contacts\\vendor\\laravel\\framework\\src\\Illuminate\\Foundation\\Http\\Middleware\\TransformsRequest.php(21): Illuminate\\Pipeline\\Pipeline->Illuminate\\Pipeline\\{closure}(Object(Illuminate\\Http\\Request))
#34 D:\\كورس لارافيل\\contacts\\vendor\\laravel\\framework\\src\\Illuminate\\Foundation\\Http\\Middleware\\ConvertEmptyStringsToNull.php(31): Illuminate\\Foundation\\Http\\Middleware\\TransformsRequest->handle(Object(Illuminate\\Http\\Request), Object(Closure))
#35 D:\\كورس لارافيل\\contacts\\vendor\\laravel\\framework\\src\\Illuminate\\Pipeline\\Pipeline.php(180): Illuminate\\Foundation\\Http\\Middleware\\ConvertEmptyStringsToNull->handle(Object(Illuminate\\Http\\Request), Object(Closure))
#36 D:\\كورس لارافيل\\contacts\\vendor\\laravel\\framework\\src\\Illuminate\\Foundation\\Http\\Middleware\\TransformsRequest.php(21): Illuminate\\Pipeline\\Pipeline->Illuminate\\Pipeline\\{closure}(Object(Illuminate\\Http\\Request))
#37 D:\\كورس لارافيل\\contacts\\vendor\\laravel\\framework\\src\\Illuminate\\Foundation\\Http\\Middleware\\TrimStrings.php(40): Illuminate\\Foundation\\Http\\Middleware\\TransformsRequest->handle(Object(Illuminate\\Http\\Request), Object(Closure))
#38 D:\\كورس لارافيل\\contacts\\vendor\\laravel\\framework\\src\\Illuminate\\Pipeline\\Pipeline.php(180): Illuminate\\Foundation\\Http\\Middleware\\TrimStrings->handle(Object(Illuminate\\Http\\Request), Object(Closure))
#39 D:\\كورس لارافيل\\contacts\\vendor\\laravel\\framework\\src\\Illuminate\\Foundation\\Http\\Middleware\\ValidatePostSize.php(27): Illuminate\\Pipeline\\Pipeline->Illuminate\\Pipeline\\{closure}(Object(Illuminate\\Http\\Request))
#40 D:\\كورس لارافيل\\contacts\\vendor\\laravel\\framework\\src\\Illuminate\\Pipeline\\Pipeline.php(180): Illuminate\\Foundation\\Http\\Middleware\\ValidatePostSize->handle(Object(Illuminate\\Http\\Request), Object(Closure))
#41 D:\\كورس لارافيل\\contacts\\vendor\\laravel\\framework\\src\\Illuminate\\Foundation\\Http\\Middleware\\PreventRequestsDuringMaintenance.php(86): Illuminate\\Pipeline\\Pipeline->Illuminate\\Pipeline\\{closure}(Object(Illuminate\\Http\\Request))
#42 D:\\كورس لارافيل\\contacts\\vendor\\laravel\\framework\\src\\Illuminate\\Pipeline\\Pipeline.php(180): Illuminate\\Foundation\\Http\\Middleware\\PreventRequestsDuringMaintenance->handle(Object(Illuminate\\Http\\Request), Object(Closure))
#43 D:\\كورس لارافيل\\contacts\\vendor\\fruitcake\\laravel-cors\\src\\HandleCors.php(38): Illuminate\\Pipeline\\Pipeline->Illuminate\\Pipeline\\{closure}(Object(Illuminate\\Http\\Request))
#44 D:\\كورس لارافيل\\contacts\\vendor\\laravel\\framework\\src\\Illuminate\\Pipeline\\Pipeline.php(180): Fruitcake\\Cors\\HandleCors->handle(Object(Illuminate\\Http\\Request), Object(Closure))
#45 D:\\كورس لارافيل\\contacts\\vendor\\laravel\\framework\\src\\Illuminate\\Http\\Middleware\\TrustProxies.php(39): Illuminate\\Pipeline\\Pipeline->Illuminate\\Pipeline\\{closure}(Object(Illuminate\\Http\\Request))
#46 D:\\كورس لارافيل\\contacts\\vendor\\laravel\\framework\\src\\Illuminate\\Pipeline\\Pipeline.php(180): Illuminate\\Http\\Middleware\\TrustProxies->handle(Object(Illuminate\\Http\\Request), Object(Closure))
#47 D:\\كورس لارافيل\\contacts\\vendor\\laravel\\framework\\src\\Illuminate\\Pipeline\\Pipeline.php(116): Illuminate\\Pipeline\\Pipeline->Illuminate\\Pipeline\\{closure}(Object(Illuminate\\Http\\Request))
#48 D:\\كورس لارافيل\\contacts\\vendor\\laravel\\framework\\src\\Illuminate\\Foundation\\Http\\Kernel.php(165): Illuminate\\Pipeline\\Pipeline->then(Object(Closure))
#49 D:\\كورس لارافيل\\contacts\\vendor\\laravel\\framework\\src\\Illuminate\\Foundation\\Http\\Kernel.php(134): Illuminate\\Foundation\\Http\\Kernel->sendRequestThroughRouter(Object(Illuminate\\Http\\Request))
#50 D:\\كورس لارافيل\\contacts\\public\\index.php(52): Illuminate\\Foundation\\Http\\Kernel->handle(Object(Illuminate\\Http\\Request))
#51 D:\\كورس لارافيل\\contacts\\vendor\\laravel\\framework\\src\\Illuminate\\Foundation\\resources\\server.php(16): require_once('D:\\\\\\xD9\\x83\\xD9\\x88\\xD8\\xB1\\xD8\\xB3 \\xD9\\x84\\xD8...')
#52 {main}
"} 
